{"timestamp": "2026-09-03T00:14:29", "level": "WARNING", "component": "apscheduler.executors.default", "message": "Run time of job \"poll_once (trigger: interval[0:00:10], next run at: 2026-09-03 00:14:37 CEST)\" was missed by 0:00:02.666631"}
{"timestamp": "2026-09-03T00:14:29", "level": "WARNING", "component": "apscheduler.executors.default", "message": "Run time of job \"_start_scheduler.<locals>.<lambda> (trigger: interval[0:00:45], next run at: 2026-09-03 00:14:42 CEST)\" was missed by 0:00:32.666440"}
{"timestamp": "2026-09-03T00:14:37", "level": "INFO", "component": "apscheduler.executors.default", "message": "Running job \"poll_once (trigger: interval[0:00:10], next run at: 2026-09-03 00:14:47 CEST)\" (scheduled at 2026-09-03 00:14:37.305960+02:00)"}
{"timestamp": "2026-09-03T00:14:37", "level": "INFO", "component": "apscheduler.executors.default", "message": "Job \"poll_once (trigger: interval[0:00:10], next run at: 2026-09-03 00:14:47 CEST)\" executed successfully"}
{"timestamp": "2026-09-03T00:14:42", "level": "INFO", "component": "apscheduler.executors.default", "message": "Running job \"_start_scheduler.<locals>.<lambda> (trigger: interval[0:00:45], next run at: 2026-09-03 00:15:27 CEST)\" (scheduled at 2026-09-03 00:14:42.306433+02:00)"}
{"timestamp": "2026-09-03T00:14:42", "level": "INFO", "component": "cv112_poller", "message": "Feed descargado: 51 incidentes activos", "correlation_id": "5609b5ad"}
{"timestamp": "2026-09-03T00:14:42", "level": "INFO", "component": "cv112_poller", "message": "Incidente 40511430 visto pero alertas automáticas pausadas (killswitch)", "correlation_id": "5609b5ad"}
{"timestamp": "2026-09-03T00:14:42", "level": "INFO", "component": "cv112_poller", "message": "Taxonomía: nuevo municipio detectado en el feed: 'Sant Jordi/San Jorge'", "correlation_id": "5609b5ad"}
{"timestamp": "2026-09-03T00:14:42", "level": "INFO", "component": "cv112_poller", "message": "Incidente 40511451 visto pero alertas automáticas pausadas (killswitch)", "correlation_id": "5609b5ad"}
{"timestamp": "2026-09-03T00:14:42", "level": "INFO", "component": "apscheduler.executors.default", "message": "Job \"_start_scheduler.<locals>.<lambda> (trigger: interval[0:00:45], next run at: 2026-09-03 00:15:27 CEST)\" executed successfully"}
{"timestamp": "2026-09-03T00:14:47", "level": "INFO", "component": "apscheduler.executors.default", "message": "Running job \"poll_once (trigger: interval[0:00:10], next run at: 2026-09-03 00:14:57 CEST)\" (scheduled at 2026-09-03 00:14:47.305960+02:00)"}
{"timestamp": "2026-09-03T00:14:47", "level": "INFO", "component": "apscheduler.executors.default", "message": "Job \"poll_once (trigger: interval[0:00:10], next run at: 2026-09-03 00:14:57 CEST)\" executed successfully"}
{"timestamp": "2026-09-03T00:31:12", "level": "WARNING", "component": "apscheduler.executors.default", "message": "Run time of job \"poll_once (trigger: interval[0:00:10], next run at: 2026-09-03 00:31:17 CEST)\" was missed by 0:00:05.151524"}
{"timestamp": "2026-09-03T00:31:12", "level": "INFO", "component": "apscheduler.executors.default", "message": "Running job \"_start_scheduler.<locals>.<lambda> (trigger: interval[0:00:45], next run at: 2026-09-03 00:31:57 CEST)\" (scheduled at 2026-09-03 00:31:12.306433+02:00)"}
{"timestamp": "2026-09-03T00:31:12", "level": "INFO", "component": "cv112_poller", "message": "Feed descargado: 53 incidentes activos", "correlation_id": "bab0e29b"}
{"timestamp": "2026-09-03T00:31:12", "level": "INFO", "component": "cv112_poller", "message": "Taxonomía: nuevo municipio detectado en el feed: 'Xàtiva'", "correlation_id": "bab0e29b"}
{"timestamp": "2026-09-03T00:31:12", "level": "INFO", "component": "cv112_poller", "message": "Incidente 40511526 visto pero alertas automáticas pausadas (killswitch)", "correlation_id": "bab0e29b"}
{"timestamp": "2026-09-03T00:31:12", "level": "INFO", "component": "cv112_poller", "message": "Incidente 40511538 visto pero alertas automáticas pausadas (killswitch)", "correlation_id": "bab0e29b"}
{"timestamp": "2026-09-03T00:31:12", "level": "INFO", "component": "apscheduler.executors.default", "message": "Job \"_start_scheduler.<locals>.<lambda> (trigger: interval[0:00:45], next run at: 2026-09-03 00:31:57 CEST)\" executed successfully"}
{"timestamp": "2026-09-03T00:31:17", "level": "INFO", "component": "apscheduler.executors.default", "message": "Running job \"poll_once (trigger: interval[0:00:10], next run at: 2026-09-03 00:31:27 CEST)\" (scheduled at 2026-09-03 00:31:17.305960+02:00)"}
{"timestamp": "2026-09-03T00:31:17", "level": "INFO", "component": "apscheduler.executors.default", "message": "Job \"poll_once (trigger: interval[0:00:10], next run at: 2026-09-03 00:31:27 CEST)\" executed successfully"}
{"timestamp": "2026-09-03T00:31:27", "level": "INFO", "component": "apscheduler.executors.default", "message": "Running job \"poll_once (trigger: interval[0:00:10], next run at: 2026-09-03 00:31:37 CEST)\" (scheduled at 2026-09-03 00:31:27.305960+02:00)"}
{"timestamp": "2026-09-03T00:31:27", "level": "INFO", "component": "apscheduler.executors.default", "message": "Job \"poll_once (trigger: interval[0:00:10], next run at: 2026-09-03 00:31:37 CEST)\" executed successfully"}
{"timestamp": "2026-09-03T00:31:37", "level": "INFO", "component": "apscheduler.executors.default", "message": "Running job \"poll_once (trigger: interval[0:00:10], next run at: 2026-09-03 00:31:47 CEST)\" (scheduled at 2026-09-03 00:31:37.305960+02:00)"}
{"timestamp": "2026-09-03T00:31:37", "level": "INFO", "component": "apscheduler.executors.default", "message": "Job \"poll_once (trigger: interval[0:00:10], next run at: 2026-09-03 00:31:47 CEST)\" executed successfully"}
{"timestamp": "2026-09-03T00:31:47", "level": "INFO", "component": "apscheduler.executors.default", "message": "Running job \"poll_once (trigger: interval[0:00:10], next run at: 2026-09-03 00:31:57 CEST)\" (scheduled at 2026-09-03 00:31:47.305960+02:00)"}
{"timestamp": "2026-09-03T00:31:47", "level": "INFO", "component": "apscheduler.executors.default", "message": "Job \"poll_once (trigger: interval[0:00:10], next run at: 2026-09-03 00:31:57 CEST)\" executed successfully"}
{"timestamp": "2026-09-03T00:31:57", "level": "INFO", "component": "apscheduler.executors.default", "message": "Running job \"poll_once (trigger: interval[0:00:10], next run at: 2026-09-03 00:32:07 CEST)\" (scheduled at 2026-09-03 00:31:57.305960+02:00)"}
{"timestamp": "2026-09-03T00:31:57", "level": "INFO", "component": "apscheduler.executors.default", "message": "Running job \"_start_scheduler.<locals>.<lambda> (trigger: interval[0:00:45], next run at: 2026-09-03 00:32:42 CEST)\" (scheduled at 2026-09-03 00:31:57.306433+02:00)"}
{"timestamp": "2026-09-03T00:31:57", "level": "INFO", "component": "apscheduler.executors.default", "message": "Job \"poll_once (trigger: interval[0:00:10], next run at: 2026-09-03 00:32:07 CEST)\" executed successfully"}
{"timestamp": "2026-09-03T00:31:57", "level": "INFO", "component": "cv112_poller", "message": "Feed descargado: 53 incidentes activos", "correlation_id": "f535d90b"}
{"timestamp": "2026-09-03T00:31:57", "level": "INFO", "component": "apscheduler.executors.default", "message": "Job \"_start_scheduler.<locals>.<lambda> (trigger: interval[0:00:45], next run at: 2026-09-03 00:32:42 CEST)\" executed successfully"}
{"timestamp": "2026-09-03T00:32:07", "level": "INFO", "component": "apscheduler.executors.default", "message": "Running job \"poll_once (trigger: interval[0:00:10], next run at: 2026-09-03 00:32:17 CEST)\" (scheduled at 2026-09-03 00:32:07.305960+02:00)"}
{"timestamp": "2026-09-03T00:32:07", "level": "INFO", "component": "apscheduler.executors.default", "message": "Job \"poll_once (trigger: interval[0:00:10], next run at: 2026-09-03 00:32:17 CEST)\" executed successfully"}
{"timestamp": "2026-09-03T00:32:17", "level": "INFO", "component": "apscheduler.executors.default", "message": "Running job \"poll_once (trigger: interval[0:00:10], next run at: 2026-09-03 00:32:27 CEST)\" (scheduled at 2026-09-03 00:32:17.305960+02:00)"}
{"timestamp": "2026-09-03T00:32:17", "level": "INFO", "component": "apscheduler.executors.default", "message": "Job \"poll_once (trigger: interval[0:00:10], next run at: 2026-09-03 00:32:27 CEST)\" executed successfully"}
{"timestamp": "2026-09-03T00:32:27", "level": "INFO", "component": "apscheduler.executors.default", "message": "Running job \"poll_once (trigger: interval[0:00:10], next run at: 2026-09-03 00:32:37 CEST)\" (scheduled at 2026-09-03 00:32:27.305960+02:00)"}
{"timestamp": "2026-09-03T00:32:27", "level": "INFO", "component": "apscheduler.executors.default", "message": "Job \"poll_once (trigger: interval[0:00:10], next run at: 2026-09-03 00:32:37 CEST)\" executed successfully"}
{"timestamp": "2026-09-03T00:32:37", "level": "INFO", "component": "apscheduler.executors.default", "message": "Running job \"poll_once (trigger: interval[0:00:10], next run at: 2026-09-03 00:32:47 CEST)\" (scheduled at 2026-09-03 00:32:37.305960+02:00)"}
{"timestamp": "2026-09-03T00:32:37", "level": "INFO", "component": "apscheduler.executors.default", "message": "Job \"poll_once (trigger: interval[0:00:10], next run at: 2026-09-03 00:32:47 CEST)\" executed successfully"}
{"timestamp": "2026-09-03T00:32:42", "level": "INFO", "component": "apscheduler.executors.default", "message": "Running job \"_start_scheduler.<locals>.<lambda> (trigger: interval[0:00:45], next run at: 2026-09-03 00:33:27 CEST)\" (scheduled at 2026-09-03 00:32:42.306433+02:00)"}
{"timestamp": "2026-09-03T00:32:42", "level": "INFO", "component": "cv112_poller", "message": "Feed descargado: 53 incidentes activos", "correlation_id": "ce4104b3"}
{"timestamp": "2026-09-03T00:32:42", "level": "INFO", "component": "apscheduler.executors.default", "message": "Job \"_start_scheduler.<locals>.<lambda> (trigger: interval[0:00:45], next run at: 2026-09-03 00:33:27 CEST)\" executed successfully"}
{"timestamp": "2026-09-03T00:32:47", "level": "INFO", "component": "apscheduler.executors.default", "message": "Running job \"poll_once (trigger: interval[0:00:10], next run at: 2026-09-03 00:32:57 CEST)\" (scheduled at 2026-09-03 00:32:47.305960+02:00)"}
{"timestamp": "2026-09-03T00:32:47", "level": "INFO", "component": "apscheduler.executors.default", "message": "Job \"poll_once (trigger: interval[0:00:10], next run at: 2026-09-03 00:32:57 CEST)\" executed successfully"}
{"timestamp": "2026-09-03T00:32:57", "level": "INFO", "component": "apscheduler.executors.default", "message": "Running job \"poll_once (trigger: interval[0:00:10], next run at: 2026-09-03 00:33:07 CEST)\" (scheduled at 2026-09-03 00:32:57.305960+02:00)"}
{"timestamp": "2026-09-03T00:32:57", "level": "INFO", "component": "apscheduler.executors.default", "message": "Job \"poll_once (trigger: interval[0:00:10], next run at: 2026-09-03 00:33:07 CEST)\" executed successfully"}
{"timestamp": "2026-09-03T00:33:07", "level": "INFO", "component": "apscheduler.executors.default", "message": "Running job \"poll_once (trigger: interval[0:00:10], next run at: 2026-09-03 00:33:17 CEST)\" (scheduled at 2026-09-03 00:33:07.305960+02:00)"}
{"timestamp": "2026-09-03T00:33:07", "level": "INFO", "component": "apscheduler.executors.default", "message": "Job \"poll_once (trigger: interval[0:00:10], next run at: 2026-09-03 00:33:17 CEST)\" executed successfully"}
{"timestamp": "2026-09-03T00:33:17", "level": "INFO", "component": "apscheduler.executors.default", "message": "Running job \"poll_once (trigger: interval[0:00:10], next run at: 2026-09-03 00:33:27 CEST)\" (scheduled at 2026-09-03 00:33:17.305960+02:00)"}
{"timestamp": "2026-09-03T00:33:17", "level": "INFO", "component": "apscheduler.executors.default", "message": "Job \"poll_once (trigger: interval[0:00:10], next run at: 2026-09-03 00:33:27 CEST)\" executed successfully"}
{"timestamp": "2026-09-03T00:33:27", "level": "INFO", "component": "apscheduler.executors.default", "message": "Running job \"poll_once (trigger: interval[0:00:10], next run at: 2026-09-03 00:33:37 CEST)\" (scheduled at 2026-09-03 00:33:27.305960+02:00)"}
{"timestamp": "2026-09-03T00:33:27", "level": "INFO", "component": "apscheduler.executors.default", "message": "Running job \"_start_scheduler.<locals>.<lambda> (trigger: interval[0:00:45], next run at: 2026-09-03 00:34:12 CEST)\" (scheduled at 2026-09-03 00:33:27.306433+02:00)"}
{"timestamp": "2026-09-03T00:33:27", "level": "INFO", "component": "apscheduler.executors.default", "message": "Job \"poll_once (trigger: interval[0:00:10], next run at: 2026-09-03 00:33:37 CEST)\" executed successfully"}
{"timestamp": "2026-09-03T00:33:27", "level": "INFO", "component": "cv112_poller", "message": "Feed descargado: 53 incidentes activos", "correlation_id": "3693f29a"}
{"timestamp": "2026-09-03T00:33:27", "level": "INFO", "component": "apscheduler.executors.default", "message": "Job \"_start_scheduler.<locals>.<lambda> (trigger: interval[0:00:45], next run at: 2026-09-03 00:34:12 CEST)\" executed successfully"}
{"timestamp": "2026-09-03T00:33:37", "level": "INFO", "component": "apscheduler.executors.default", "message": "Running job \"poll_once (trigger: interval[0:00:10], next run at: 2026-09-03 00:33:47 CEST)\" (scheduled at 2026-09-03 00:33:37.305960+02:00)"}
{"timestamp": "2026-09-03T00:33:37", "level": "INFO", "component": "apscheduler.executors.default", "message": "Job \"poll_once (trigger: interval[0:00:10], next run at: 2026-09-03 00:33:47 CEST)\" executed successfully"}
{"timestamp": "2026-09-03T00:33:47", "level": "INFO", "component": "apscheduler.executors.default", "message": "Running job \"poll_once (trigger: interval[0:00:10], next run at: 2026-09-03 00:33:57 CEST)\" (scheduled at 2026-09-03 00:33:47.305960+02:00)"}
{"timestamp": "2026-09-03T00:33:47", "level": "INFO", "component": "apscheduler.executors.default", "message": "Job \"poll_once (trigger: interval[0:00:10], next run at: 2026-09-03 00:33:57 CEST)\" executed successfully"}
{"timestamp": "2026-09-03T00:33:57", "level": "INFO", "component": "apscheduler.executors.default", "message": "Running job \"poll_once (trigger: interval[0:00:10], next run at: 2026-09-03 00:34:07 CEST)\" (scheduled at 2026-09-03 00:33:57.305960+02:00)"}
{"timestamp": "2026-09-03T00:33:57", "level": "INFO", "component": "apscheduler.executors.default", "message": "Job \"poll_once (trigger: interval[0:00:10], next run at: 2026-09-03 00:34:07 CEST)\" executed successfully"}
{"timestamp": "2026-09-03T00:34:07", "level": "INFO", "component": "apscheduler.executors.default", "message": "Running job \"poll_once (trigger: interval[0:00:10], next run at: 2026-09-03 00:34:17 CEST)\" (scheduled at 2026-09-03 00:34:07.305960+02:00)"}
{"timestamp": "2026-09-03T00:34:07", "level": "INFO", "component": "apscheduler.executors.default", "message": "Job \"poll_once (trigger: interval[0:00:10], next run at: 2026-09-03 00:34:17 CEST)\" executed successfully"}
{"timestamp": "2026-09-03T00:34:12", "level": "INFO", "component": "apscheduler.executors.default", "message": "Running job \"_start_scheduler.<locals>.<lambda> (trigger: interval[0:00:45], next run at: 2026-09-03 00:34:57 CEST)\" (scheduled at 2026-09-03 00:34:12.306433+02:00)"}
{"timestamp": "2026-09-03T00:34:12", "level": "INFO", "component": "cv112_poller", "message": "Feed descargado: 54 incidentes activos", "correlation_id": "9ef9aaea"}
{"timestamp": "2026-09-03T00:34:12", "level": "INFO", "component": "cv112_poller", "message": "Taxonomía: nuevo municipio detectado en el feed: 'Riola'", "correlation_id": "9ef9aaea"}
{"timestamp": "2026-09-03T00:34:12", "level": "INFO", "component": "cv112_poller", "message": "Incidente 40511582 visto pero alertas automáticas pausadas (killswitch)", "correlation_id": "9ef9aaea"}
{"timestamp": "2026-09-03T00:34:12", "level": "INFO", "component": "apscheduler.executors.default", "message": "Job \"_start_scheduler.<locals>.<lambda> (trigger: interval[0:00:45], next run at: 2026-09-03 00:34:57 CEST)\" executed successfully"}
{"timestamp": "2026-09-03T00:34:17", "level": "INFO", "component": "apscheduler.executors.default", "message": "Running job \"poll_once (trigger: interval[0:00:10], next run at: 2026-09-03 00:34:27 CEST)\" (scheduled at 2026-09-03 00:34:17.305960+02:00)"}
{"timestamp": "2026-09-03T00:34:17", "level": "INFO", "component": "apscheduler.executors.default", "message": "Job \"poll_once (trigger: interval[0:00:10], next run at: 2026-09-03 00:34:27 CEST)\" executed successfully"}
{"timestamp": "2026-09-03T00:34:27", "level": "INFO", "component": "apscheduler.executors.default", "message": "Running job \"poll_once (trigger: interval[0:00:10], next run at: 2026-09-03 00:34:37 CEST)\" (scheduled at 2026-09-03 00:34:27.305960+02:00)"}
{"timestamp": "2026-09-03T00:34:27", "level": "INFO", "component": "apscheduler.executors.default", "message": "Job \"poll_once (trigger: interval[0:00:10], next run at: 2026-09-03 00:34:37 CEST)\" executed successfully"}
{"timestamp": "2026-09-03T00:34:37", "level": "INFO", "component": "apscheduler.executors.default", "message": "Running job \"poll_once (trigger: interval[0:00:10], next run at: 2026-09-03 00:34:47 CEST)\" (scheduled at 2026-09-03 00:34:37.305960+02:00)"}
{"timestamp": "2026-09-03T00:34:37", "level": "INFO", "component": "apscheduler.executors.default", "message": "Job \"poll_once (trigger: interval[0:00:10], next run at: 2026-09-03 00:34:47 CEST)\" executed successfully"}
{"timestamp": "2026-09-03T00:34:47", "level": "INFO", "component": "apscheduler.executors.default", "message": "Running job \"poll_once (trigger: interval[0:00:10], next run at: 2026-09-03 00:34:57 CEST)\" (scheduled at 2026-09-03 00:34:47.305960+02:00)"}
{"timestamp": "2026-09-03T00:34:47", "level": "INFO", "component": "apscheduler.executors.default", "message": "Job \"poll_once (trigger: interval[0:00:10], next run at: 2026-09-03 00:34:57 CEST)\" executed successfully"}
{"timestamp": "2026-09-03T00:34:57", "level": "INFO", "component": "apscheduler.executors.default", "message": "Running job \"poll_once (trigger: interval[0:00:10], next run at: 2026-09-03 00:35:07 CEST)\" (scheduled at 2026-09-03 00:34:57.305960+02:00)"}
{"timestamp": "2026-09-03T00:34:57", "level": "INFO", "component": "apscheduler.executors.default", "message": "Running job \"_start_scheduler.<locals>.<lambda> (trigger: interval[0:00:45], next run at: 2026-09-03 00:35:42 CEST)\" (scheduled at 2026-09-03 00:34:57.306433+02:00)"}
{"timestamp": "2026-09-03T00:34:57", "level": "INFO", "component": "apscheduler.executors.default", "message": "Job \"poll_once (trigger: interval[0:00:10], next run at: 2026-09-03 00:35:07 CEST)\" executed successfully"}
{"timestamp": "2026-09-03T00:34:57", "level": "INFO", "component": "cv112_poller", "message": "Feed descargado: 54 incidentes activos", "correlation_id": "cbe9e7dc"}
{"timestamp": "2026-09-03T00:34:57", "level": "INFO", "component": "apscheduler.executors.default", "message": "Job \"_start_scheduler.<locals>.<lambda> (trigger: interval[0:00:45], next run at: 2026-09-03 00:35:42 CEST)\" executed successfully"}
{"timestamp": "2026-09-03T00:35:07", "level": "INFO", "component": "apscheduler.executors.default", "message": "Running job \"poll_once (trigger: interval[0:00:10], next run at: 2026-09-03 00:35:17 CEST)\" (scheduled at 2026-09-03 00:35:07.305960+02:00)"}
{"timestamp": "2026-09-03T00:35:07", "level": "INFO", "component": "apscheduler.executors.default", "message": "Job \"poll_once (trigger: interval[0:00:10], next run at: 2026-09-03 00:35:17 CEST)\" executed successfully"}
{"timestamp": "2026-09-03T00:35:17", "level": "INFO", "component": "apscheduler.executors.default", "message": "Running job \"poll_once (trigger: interval[0:00:10], next run at: 2026-09-03 00:35:27 CEST)\" (scheduled at 2026-09-03 00:35:17.305960+02:00)"}
{"timestamp": "2026-09-03T00:35:17", "level": "INFO", "component": "apscheduler.executors.default", "message": "Job \"poll_once (trigger: interval[0:00:10], next run at: 2026-09-03 00:35:27 CEST)\" executed successfully"}
{"timestamp": "2026-09-03T00:35:27", "level": "INFO", "component": "apscheduler.executors.default", "message": "Running job \"poll_once (trigger: interval[0:00:10], next run at: 2026-09-03 00:35:37 CEST)\" (scheduled at 2026-09-03 00:35:27.305960+02:00)"}
{"timestamp": "2026-09-03T00:35:27", "level": "INFO", "component": "apscheduler.executors.default", "message": "Job \"poll_once (trigger: interval[0:00:10], next run at: 2026-09-03 00:35:37 CEST)\" executed successfully"}
{"timestamp": "2026-09-03T00:35:37", "level": "INFO", "component": "apscheduler.executors.default", "message": "Running job \"poll_once (trigger: interval[0:00:10], next run at: 2026-09-03 00:35:47 CEST)\" (scheduled at 2026-09-03 00:35:37.305960+02:00)"}
{"timestamp": "2026-09-03T00:35:37", "level": "INFO", "component": "apscheduler.executors.default", "message": "Job \"poll_once (trigger: interval[0:00:10], next run at: 2026-09-03 00:35:47 CEST)\" executed successfully"}
{"timestamp": "2026-09-03T00:35:42", "level": "INFO", "component": "apscheduler.executors.default", "message": "Running job \"_start_scheduler.<locals>.<lambda> (trigger: interval[0:00:45], next run at: 2026-09-03 00:36:27 CEST)\" (scheduled at 2026-09-03 00:35:42.306433+02:00)"}
{"timestamp": "2026-09-03T00:35:42", "level": "INFO", "component": "cv112_poller", "message": "Feed descargado: 54 incidentes activos", "correlation_id": "5f5ba238"}
{"timestamp": "2026-09-03T00:35:42", "level": "INFO", "component": "apscheduler.executors.default", "message": "Job \"_start_scheduler.<locals>.<lambda> (trigger: interval[0:00:45], next run at: 2026-09-03 00:36:27 CEST)\" executed successfully"}
{"timestamp": "2026-09-03T00:35:47", "level": "INFO", "component": "apscheduler.executors.default", "message": "Running job \"poll_once (trigger: interval[0:00:10], next run at: 2026-09-03 00:35:57 CEST)\" (scheduled at 2026-09-03 00:35:47.305960+02:00)"}
{"timestamp": "2026-09-03T00:35:47", "level": "INFO", "component": "apscheduler.executors.default", "message": "Job \"poll_once (trigger: interval[0:00:10], next run at: 2026-09-03 00:35:57 CEST)\" executed successfully"}
{"timestamp": "2026-09-03T00:35:57", "level": "INFO", "component": "apscheduler.executors.default", "message": "Running job \"poll_once (trigger: interval[0:00:10], next run at: 2026-09-03 00:36:07 CEST)\" (scheduled at 2026-09-03 00:35:57.305960+02:00)"}
{"timestamp": "2026-09-03T00:35:57", "level": "INFO", "component": "apscheduler.executors.default", "message": "Job \"poll_once (trigger: interval[0:00:10], next run at: 2026-09-03 00:36:07 CEST)\" executed successfully"}
{"timestamp": "2026-09-03T00:36:07", "level": "INFO", "component": "apscheduler.executors.default", "message": "Running job \"poll_once (trigger: interval[0:00:10], next run at: 2026-09-03 00:36:17 CEST)\" (scheduled at 2026-09-03 00:36:07.305960+02:00)"}
{"timestamp": "2026-09-03T00:36:07", "level": "INFO", "component": "apscheduler.executors.default", "message": "Job \"poll_once (trigger: interval[0:00:10], next run at: 2026-09-03 00:36:17 CEST)\" executed successfully"}
{"timestamp": "2026-09-03T00:36:17", "level": "INFO", "component": "apscheduler.executors.default", "message": "Running job \"poll_once (trigger: interval[0:00:10], next run at: 2026-09-03 00:36:27 CEST)\" (scheduled at 2026-09-03 00:36:17.305960+02:00)"}
{"timestamp": "2026-09-03T00:36:17", "level": "INFO", "component": "apscheduler.executors.default", "message": "Job \"poll_once (trigger: interval[0:00:10], next run at: 2026-09-03 00:36:27 CEST)\" executed successfully"}
{"timestamp": "2026-09-03T00:36:27", "level": "INFO", "component": "apscheduler.executors.default", "message": "Running job \"poll_once (trigger: interval[0:00:10], next run at: 2026-09-03 00:36:37 CEST)\" (scheduled at 2026-09-03 00:36:27.305960+02:00)"}
{"timestamp": "2026-09-03T00:36:27", "level": "INFO", "component": "apscheduler.executors.default", "message": "Running job \"_start_scheduler.<locals>.<lambda> (trigger: interval[0:00:45], next run at: 2026-09-03 00:37:12 CEST)\" (scheduled at 2026-09-03 00:36:27.306433+02:00)"}
{"timestamp": "2026-09-03T00:36:27", "level": "INFO", "component": "apscheduler.executors.default", "message": "Job \"poll_once (trigger: interval[0:00:10], next run at: 2026-09-03 00:36:37 CEST)\" executed successfully"}
{"timestamp": "2026-09-03T00:36:27", "level": "INFO", "component": "cv112_poller", "message": "Feed descargado: 54 incidentes activos", "correlation_id": "f7a079d3"}
{"timestamp": "2026-09-03T00:36:27", "level": "INFO", "component": "apscheduler.executors.default", "message": "Job \"_start_scheduler.<locals>.<lambda> (trigger: interval[0:00:45], next run at: 2026-09-03 00:37:12 CEST)\" executed successfully"}
{"timestamp": "2026-09-03T00:36:37", "level": "INFO", "component": "apscheduler.executors.default", "message": "Running job \"poll_once (trigger: interval[0:00:10], next run at: 2026-09-03 00:36:47 CEST)\" (scheduled at 2026-09-03 00:36:37.305960+02:00)"}
{"timestamp": "2026-09-03T00:36:37", "level": "INFO", "component": "apscheduler.executors.default", "message": "Job \"poll_once (trigger: interval[0:00:10], next run at: 2026-09-03 00:36:47 CEST)\" executed successfully"}
{"timestamp": "2026-09-03T00:36:47", "level": "INFO", "component": "apscheduler.executors.default", "message": "Running job \"poll_once (trigger: interval[0:00:10], next run at: 2026-09-03 00:36:57 CEST)\" (scheduled at 2026-09-03 00:36:47.305960+02:00)"}
{"timestamp": "2026-09-03T00:36:47", "level": "INFO", "component": "apscheduler.executors.default", "message": "Job \"poll_once (trigger: interval[0:00:10], next run at: 2026-09-03 00:36:57 CEST)\" executed successfully"}
{"timestamp": "2026-09-03T00:36:57", "level": "INFO", "component": "apscheduler.executors.default", "message": "Running job \"poll_once (trigger: interval[0:00:10], next run at: 2026-09-03 00:37:07 CEST)\" (scheduled at 2026-09-03 00:36:57.305960+02:00)"}
{"timestamp": "2026-09-03T00:36:57", "level": "INFO", "component": "apscheduler.executors.default", "message": "Job \"poll_once (trigger: interval[0:00:10], next run at: 2026-09-03 00:37:07 CEST)\" executed successfully"}
{"timestamp": "2026-09-03T00:37:07", "level": "INFO", "component": "apscheduler.executors.default", "message": "Running job \"poll_once (trigger: interval[0:00:10], next run at: 2026-09-03 00:37:17 CEST)\" (scheduled at 2026-09-03 00:37:07.305960+02:00)"}
{"timestamp": "2026-09-03T00:37:07", "level": "INFO", "component": "apscheduler.executors.default", "message": "Job \"poll_once (trigger: interval[0:00:10], next run at: 2026-09-03 00:37:17 CEST)\" executed successfully"}
{"timestamp": "2026-09-03T00:37:12", "level": "INFO", "component": "apscheduler.executors.default", "message": "Running job \"_start_scheduler.<locals>.<lambda> (trigger: interval[0:00:45], next run at: 2026-09-03 00:37:57 CEST)\" (scheduled at 2026-09-03 00:37:12.306433+02:00)"}
{"timestamp": "2026-09-03T00:37:12", "level": "INFO", "component": "cv112_poller", "message": "Feed descargado: 54 incidentes activos", "correlation_id": "9a6e29bd"}
{"timestamp": "2026-09-03T00:37:12", "level": "INFO", "component": "apscheduler.executors.default", "message": "Job \"_start_scheduler.<locals>.<lambda> (trigger: interval[0:00:45], next run at: 2026-09-03 00:37:57 CEST)\" executed successfully"}
{"timestamp": "2026-09-03T00:37:17", "level": "INFO", "component": "apscheduler.executors.default", "message": "Running job \"poll_once (trigger: interval[0:00:10], next run at: 2026-09-03 00:37:27 CEST)\" (scheduled at 2026-09-03 00:37:17.305960+02:00)"}
{"timestamp": "2026-09-03T00:37:17", "level": "INFO", "component": "apscheduler.executors.default", "message": "Job \"poll_once (trigger: interval[0:00:10], next run at: 2026-09-03 00:37:27 CEST)\" executed successfully"}
{"timestamp": "2026-09-03T00:37:27", "level": "INFO", "component": "apscheduler.executors.default", "message": "Running job \"poll_once (trigger: interval[0:00:10], next run at: 2026-09-03 00:37:37 CEST)\" (scheduled at 2026-09-03 00:37:27.305960+02:00)"}
{"timestamp": "2026-09-03T00:37:27", "level": "INFO", "component": "apscheduler.executors.default", "message": "Job \"poll_once (trigger: interval[0:00:10], next run at: 2026-09-03 00:37:37 CEST)\" executed successfully"}
{"timestamp": "2026-09-03T00:37:37", "level": "INFO", "component": "apscheduler.executors.default", "message": "Running job \"poll_once (trigger: interval[0:00:10], next run at: 2026-09-03 00:37:47 CEST)\" (scheduled at 2026-09-03 00:37:37.305960+02:00)"}
{"timestamp": "2026-09-03T00:37:37", "level": "INFO", "component": "apscheduler.executors.default", "message": "Job \"poll_once (trigger: interval[0:00:10], next run at: 2026-09-03 00:37:47 CEST)\" executed successfully"}
{"timestamp": "2026-09-03T00:37:47", "level": "INFO", "component": "apscheduler.executors.default", "message": "Running job \"poll_once (trigger: interval[0:00:10], next run at: 2026-09-03 00:37:57 CEST)\" (scheduled at 2026-09-03 00:37:47.305960+02:00)"}
{"timestamp": "2026-09-03T00:37:47", "level": "INFO", "component": "apscheduler.executors.default", "message": "Job \"poll_once (trigger: interval[0:00:10], next run at: 2026-09-03 00:37:57 CEST)\" executed successfully"}
{"timestamp": "2026-09-03T00:37:57", "level": "INFO", "component": "apscheduler.executors.default", "message": "Running job \"poll_once (trigger: interval[0:00:10], next run at: 2026-09-03 00:38:07 CEST)\" (scheduled at 2026-09-03 00:37:57.305960+02:00)"}
{"timestamp": "2026-09-03T00:37:57", "level": "INFO", "component": "apscheduler.executors.default", "message": "Running job \"_start_scheduler.<locals>.<lambda> (trigger: interval[0:00:45], next run at: 2026-09-03 00:38:42 CEST)\" (scheduled at 2026-09-03 00:37:57.306433+02:00)"}
{"timestamp": "2026-09-03T00:37:57", "level": "INFO", "component": "apscheduler.executors.default", "message": "Job \"poll_once (trigger: interval[0:00:10], next run at: 2026-09-03 00:38:07 CEST)\" executed successfully"}
{"timestamp": "2026-09-03T00:37:57", "level": "INFO", "component": "cv112_poller", "message": "Feed descargado: 54 incidentes activos", "correlation_id": "61796ff3"}
{"timestamp": "2026-09-03T00:37:57", "level": "INFO", "component": "apscheduler.executors.default", "message": "Job \"_start_scheduler.<locals>.<lambda> (trigger: interval[0:00:45], next run at: 2026-09-03 00:38:42 CEST)\" executed successfully"}
{"timestamp": "2026-09-03T00:38:07", "level": "INFO", "component": "apscheduler.executors.default", "message": "Running job \"poll_once (trigger: interval[0:00:10], next run at: 2026-09-03 00:38:17 CEST)\" (scheduled at 2026-09-03 00:38:07.305960+02:00)"}
{"timestamp": "2026-09-03T00:38:07", "level": "INFO", "component": "apscheduler.executors.default", "message": "Job \"poll_once (trigger: interval[0:00:10], next run at: 2026-09-03 00:38:17 CEST)\" executed successfully"}
{"timestamp": "2026-09-03T00:38:17", "level": "INFO", "component": "apscheduler.executors.default", "message": "Running job \"poll_once (trigger: interval[0:00:10], next run at: 2026-09-03 00:38:27 CEST)\" (scheduled at 2026-09-03 00:38:17.305960+02:00)"}
{"timestamp": "2026-09-03T00:38:17", "level": "INFO", "component": "apscheduler.executors.default", "message": "Job \"poll_once (trigger: interval[0:00:10], next run at: 2026-09-03 00:38:27 CEST)\" executed successfully"}
{"timestamp": "2026-09-03T00:38:27", "level": "INFO", "component": "apscheduler.executors.default", "message": "Running job \"poll_once (trigger: interval[0:00:10], next run at: 2026-09-03 00:38:37 CEST)\" (scheduled at 2026-09-03 00:38:27.305960+02:00)"}
{"timestamp": "2026-09-03T00:38:27", "level": "INFO", "component": "apscheduler.executors.default", "message": "Job \"poll_once (trigger: interval[0:00:10], next run at: 2026-09-03 00:38:37 CEST)\" executed successfully"}
{"timestamp": "2026-09-03T00:38:37", "level": "INFO", "component": "apscheduler.executors.default", "message": "Running job \"poll_once (trigger: interval[0:00:10], next run at: 2026-09-03 00:38:47 CEST)\" (scheduled at 2026-09-03 00:38:37.305960+02:00)"}
{"timestamp": "2026-09-03T00:38:37", "level": "INFO", "component": "apscheduler.executors.default", "message": "Job \"poll_once (trigger: interval[0:00:10], next run at: 2026-09-03 00:38:47 CEST)\" executed successfully"}
{"timestamp": "2026-09-03T00:38:42", "level": "INFO", "component": "apscheduler.executors.default", "message": "Running job \"_start_scheduler.<locals>.<lambda> (trigger: interval[0:00:45], next run at: 2026-09-03 00:39:27 CEST)\" (scheduled at 2026-09-03 00:38:42.306433+02:00)"}
{"timestamp": "2026-09-03T00:38:42", "level": "INFO", "component": "cv112_poller", "message": "Feed descargado: 54 incidentes activos", "correlation_id": "3be4c7d6"}
{"timestamp": "2026-09-03T00:38:42", "level": "INFO", "component": "apscheduler.executors.default", "message": "Job \"_start_scheduler.<locals>.<lambda> (trigger: interval[0:00:45], next run at: 2026-09-03 00:39:27 CEST)\" executed successfully"}
{"timestamp": "2026-09-03T00:38:47", "level": "INFO", "component": "apscheduler.executors.default", "message": "Running job \"poll_once (trigger: interval[0:00:10], next run at: 2026-09-03 00:38:57 CEST)\" (scheduled at 2026-09-03 00:38:47.305960+02:00)"}
{"timestamp": "2026-09-03T00:38:47", "level": "INFO", "component": "apscheduler.executors.default", "message": "Job \"poll_once (trigger: interval[0:00:10], next run at: 2026-09-03 00:38:57 CEST)\" executed successfully"}
{"timestamp": "2026-09-03T00:38:57", "level": "INFO", "component": "apscheduler.executors.default", "message": "Running job \"poll_once (trigger: interval[0:00:10], next run at: 2026-09-03 00:39:07 CEST)\" (scheduled at 2026-09-03 00:38:57.305960+02:00)"}
{"timestamp": "2026-09-03T00:38:57", "level": "INFO", "component": "apscheduler.executors.default", "message": "Job \"poll_once (trigger: interval[0:00:10], next run at: 2026-09-03 00:39:07 CEST)\" executed successfully"}
{"timestamp": "2026-09-03T00:39:07", "level": "INFO", "component": "apscheduler.executors.default", "message": "Running job \"poll_once (trigger: interval[0:00:10], next run at: 2026-09-03 00:39:17 CEST)\" (scheduled at 2026-09-03 00:39:07.305960+02:00)"}
{"timestamp": "2026-09-03T00:39:07", "level": "INFO", "component": "apscheduler.executors.default", "message": "Job \"poll_once (trigger: interval[0:00:10], next run at: 2026-09-03 00:39:17 CEST)\" executed successfully"}
{"timestamp": "2026-09-03T00:39:17", "level": "INFO", "component": "apscheduler.executors.default", "message": "Running job \"poll_once (trigger: interval[0:00:10], next run at: 2026-09-03 00:39:27 CEST)\" (scheduled at 2026-09-03 00:39:17.305960+02:00)"}
{"timestamp": "2026-09-03T00:39:17", "level": "INFO", "component": "apscheduler.executors.default", "message": "Job \"poll_once (trigger: interval[0:00:10], next run at: 2026-09-03 00:39:27 CEST)\" executed successfully"}
{"timestamp": "2026-09-03T00:39:27", "level": "INFO", "component": "apscheduler.executors.default", "message": "Running job \"poll_once (trigger: interval[0:00:10], next run at: 2026-09-03 00:39:37 CEST)\" (scheduled at 2026-09-03 00:39:27.305960+02:00)"}
{"timestamp": "2026-09-03T00:39:27", "level": "INFO", "component": "apscheduler.executors.default", "message": "Running job \"_start_scheduler.<locals>.<lambda> (trigger: interval[0:00:45], next run at: 2026-09-03 00:40:12 CEST)\" (scheduled at 2026-09-03 00:39:27.306433+02:00)"}
{"timestamp": "2026-09-03T00:39:27", "level": "INFO", "component": "apscheduler.executors.default", "message": "Job \"poll_once (trigger: interval[0:00:10], next run at: 2026-09-03 00:39:37 CEST)\" executed successfully"}
{"timestamp": "2026-09-03T00:39:27", "level": "INFO", "component": "cv112_poller", "message": "Feed descargado: 52 incidentes activos", "correlation_id": "a020f562"}
{"timestamp": "2026-09-03T00:39:27", "level": "INFO", "component": "cv112_poller", "message": "Taxonomía: nuevo municipio detectado en el feed: 'Vinaròs'", "correlation_id": "a020f562"}
{"timestamp": "2026-09-03T00:39:27", "level": "INFO", "component": "cv112_poller", "message": "Incidente 40511587 visto pero alertas automáticas pausadas (killswitch)", "correlation_id": "a020f562"}
{"timestamp": "2026-09-03T00:39:27", "level": "INFO", "component": "apscheduler.executors.default", "message": "Job \"_start_scheduler.<locals>.<lambda> (trigger: interval[0:00:45], next run at: 2026-09-03 00:40:12 CEST)\" executed successfully"}
{"timestamp": "2026-09-03T00:39:37", "level": "INFO", "component": "apscheduler.executors.default", "message": "Running job \"poll_once (trigger: interval[0:00:10], next run at: 2026-09-03 00:39:47 CEST)\" (scheduled at 2026-09-03 00:39:37.305960+02:00)"}
{"timestamp": "2026-09-03T00:39:37", "level": "INFO", "component": "apscheduler.executors.default", "message": "Job \"poll_once (trigger: interval[0:00:10], next run at: 2026-09-03 00:39:47 CEST)\" executed successfully"}
{"timestamp": "2026-09-03T00:39:47", "level": "INFO", "component": "apscheduler.executors.default", "message": "Running job \"poll_once (trigger: interval[0:00:10], next run at: 2026-09-03 00:39:57 CEST)\" (scheduled at 2026-09-03 00:39:47.305960+02:00)"}
{"timestamp": "2026-09-03T00:39:47", "level": "INFO", "component": "apscheduler.executors.default", "message": "Job \"poll_once (trigger: interval[0:00:10], next run at: 2026-09-03 00:39:57 CEST)\" executed successfully"}
{"timestamp": "2026-09-03T00:39:57", "level": "INFO", "component": "apscheduler.executors.default", "message": "Running job \"poll_once (trigger: interval[0:00:10], next run at: 2026-09-03 00:40:07 CEST)\" (scheduled at 2026-09-03 00:39:57.305960+02:00)"}
{"timestamp": "2026-09-03T00:39:57", "level": "INFO", "component": "apscheduler.executors.default", "message": "Job \"poll_once (trigger: interval[0:00:10], next run at: 2026-09-03 00:40:07 CEST)\" executed successfully"}
{"timestamp": "2026-09-03T00:40:07", "level": "INFO", "component": "apscheduler.executors.default", "message": "Running job \"poll_once (trigger: interval[0:00:10], next run at: 2026-09-03 00:40:17 CEST)\" (scheduled at 2026-09-03 00:40:07.305960+02:00)"}
{"timestamp": "2026-09-03T00:40:07", "level": "INFO", "component": "apscheduler.executors.default", "message": "Job \"poll_once (trigger: interval[0:00:10], next run at: 2026-09-03 00:40:17 CEST)\" executed successfully"}
{"timestamp": "2026-09-03T00:40:12", "level": "INFO", "component": "apscheduler.executors.default", "message": "Running job \"_start_scheduler.<locals>.<lambda> (trigger: interval[0:00:45], next run at: 2026-09-03 00:40:57 CEST)\" (scheduled at 2026-09-03 00:40:12.306433+02:00)"}
{"timestamp": "2026-09-03T00:40:12", "level": "INFO", "component": "cv112_poller", "message": "Feed descargado: 52 incidentes activos", "correlation_id": "797b1b54"}
{"timestamp": "2026-09-03T00:40:12", "level": "INFO", "component": "apscheduler.executors.default", "message": "Job \"_start_scheduler.<locals>.<lambda> (trigger: interval[0:00:45], next run at: 2026-09-03 00:40:57 CEST)\" executed successfully"}
{"timestamp": "2026-09-03T00:40:17", "level": "INFO", "component": "apscheduler.executors.default", "message": "Running job \"poll_once (trigger: interval[0:00:10], next run at: 2026-09-03 00:40:27 CEST)\" (scheduled at 2026-09-03 00:40:17.305960+02:00)"}
{"timestamp": "2026-09-03T00:40:17", "level": "INFO", "component": "apscheduler.executors.default", "message": "Job \"poll_once (trigger: interval[0:00:10], next run at: 2026-09-03 00:40:27 CEST)\" executed successfully"}
{"timestamp": "2026-09-03T00:40:27", "level": "INFO", "component": "apscheduler.executors.default", "message": "Running job \"poll_once (trigger: interval[0:00:10], next run at: 2026-09-03 00:40:37 CEST)\" (scheduled at 2026-09-03 00:40:27.305960+02:00)"}
{"timestamp": "2026-09-03T00:40:27", "level": "INFO", "component": "apscheduler.executors.default", "message": "Job \"poll_once (trigger: interval[0:00:10], next run at: 2026-09-03 00:40:37 CEST)\" executed successfully"}
{"timestamp": "2026-09-03T00:40:37", "level": "INFO", "component": "apscheduler.executors.default", "message": "Running job \"poll_once (trigger: interval[0:00:10], next run at: 2026-09-03 00:40:47 CEST)\" (scheduled at 2026-09-03 00:40:37.305960+02:00)"}
{"timestamp": "2026-09-03T00:40:37", "level": "INFO", "component": "apscheduler.executors.default", "message": "Job \"poll_once (trigger: interval[0:00:10], next run at: 2026-09-03 00:40:47 CEST)\" executed successfully"}
{"timestamp": "2026-09-03T00:40:47", "level": "INFO", "component": "apscheduler.executors.default", "message": "Running job \"poll_once (trigger: interval[0:00:10], next run at: 2026-09-03 00:40:57 CEST)\" (scheduled at 2026-09-03 00:40:47.305960+02:00)"}
{"timestamp": "2026-09-03T00:40:47", "level": "INFO", "component": "apscheduler.executors.default", "message": "Job \"poll_once (trigger: interval[0:00:10], next run at: 2026-09-03 00:40:57 CEST)\" executed successfully"}
{"timestamp": "2026-09-03T00:40:57", "level": "INFO", "component": "apscheduler.executors.default", "message": "Running job \"poll_once (trigger: interval[0:00:10], next run at: 2026-09-03 00:41:07 CEST)\" (scheduled at 2026-09-03 00:40:57.305960+02:00)"}
{"timestamp": "2026-09-03T00:40:57", "level": "INFO", "component": "apscheduler.executors.default", "message": "Running job \"_start_scheduler.<locals>.<lambda> (trigger: interval[0:00:45], next run at: 2026-09-03 00:41:42 CEST)\" (scheduled at 2026-09-03 00:40:57.306433+02:00)"}
{"timestamp": "2026-09-03T00:40:57", "level": "INFO", "component": "apscheduler.executors.default", "message": "Job \"poll_once (trigger: interval[0:00:10], next run at: 2026-09-03 00:41:07 CEST)\" executed successfully"}
{"timestamp": "2026-09-03T00:40:57", "level": "INFO", "component": "cv112_poller", "message": "Feed descargado: 52 incidentes activos", "correlation_id": "69cda132"}
{"timestamp": "2026-09-03T00:40:57", "level": "INFO", "component": "apscheduler.executors.default", "message": "Job \"_start_scheduler.<locals>.<lambda> (trigger: interval[0:00:45], next run at: 2026-09-03 00:41:42 CEST)\" executed successfully"}
{"timestamp": "2026-09-03T00:41:07", "level": "INFO", "component": "apscheduler.executors.default", "message": "Running job \"poll_once (trigger: interval[0:00:10], next run at: 2026-09-03 00:41:17 CEST)\" (scheduled at 2026-09-03 00:41:07.305960+02:00)"}
{"timestamp": "2026-09-03T00:41:07", "level": "INFO", "component": "apscheduler.executors.default", "message": "Job \"poll_once (trigger: interval[0:00:10], next run at: 2026-09-03 00:41:17 CEST)\" executed successfully"}
{"timestamp": "2026-09-03T00:41:17", "level": "INFO", "component": "apscheduler.executors.default", "message": "Running job \"poll_once (trigger: interval[0:00:10], next run at: 2026-09-03 00:41:27 CEST)\" (scheduled at 2026-09-03 00:41:17.305960+02:00)"}
{"timestamp": "2026-09-03T00:41:17", "level": "INFO", "component": "apscheduler.executors.default", "message": "Job \"poll_once (trigger: interval[0:00:10], next run at: 2026-09-03 00:41:27 CEST)\" executed successfully"}
{"timestamp": "2026-09-03T00:41:27", "level": "INFO", "component": "apscheduler.executors.default", "message": "Running job \"poll_once (trigger: interval[0:00:10], next run at: 2026-09-03 00:41:37 CEST)\" (scheduled at 2026-09-03 00:41:27.305960+02:00)"}
{"timestamp": "2026-09-03T00:41:27", "level": "INFO", "component": "apscheduler.executors.default", "message": "Job \"poll_once (trigger: interval[0:00:10], next run at: 2026-09-03 00:41:37 CEST)\" executed successfully"}
{"timestamp": "2026-09-03T00:41:37", "level": "INFO", "component": "apscheduler.executors.default", "message": "Running job \"poll_once (trigger: interval[0:00:10], next run at: 2026-09-03 00:41:47 CEST)\" (scheduled at 2026-09-03 00:41:37.305960+02:00)"}
{"timestamp": "2026-09-03T00:41:37", "level": "INFO", "component": "apscheduler.executors.default", "message": "Job \"poll_once (trigger: interval[0:00:10], next run at: 2026-09-03 00:41:47 CEST)\" executed successfully"}
{"timestamp": "2026-09-03T00:41:42", "level": "INFO", "component": "apscheduler.executors.default", "message": "Running job \"_start_scheduler.<locals>.<lambda> (trigger: interval[0:00:45], next run at: 2026-09-03 00:42:27 CEST)\" (scheduled at 2026-09-03 00:41:42.306433+02:00)"}
{"timestamp": "2026-09-03T00:41:42", "level": "INFO", "component": "cv112_poller", "message": "Feed descargado: 52 incidentes activos", "correlation_id": "9d815fee"}
{"timestamp": "2026-09-03T00:41:42", "level": "INFO", "component": "apscheduler.executors.default", "message": "Job \"_start_scheduler.<locals>.<lambda> (trigger: interval[0:00:45], next run at: 2026-09-03 00:42:27 CEST)\" executed successfully"}
{"timestamp": "2026-09-03T00:41:47", "level": "INFO", "component": "apscheduler.executors.default", "message": "Running job \"poll_once (trigger: interval[0:00:10], next run at: 2026-09-03 00:41:57 CEST)\" (scheduled at 2026-09-03 00:41:47.305960+02:00)"}
{"timestamp": "2026-09-03T00:41:47", "level": "INFO", "component": "apscheduler.executors.default", "message": "Job \"poll_once (trigger: interval[0:00:10], next run at: 2026-09-03 00:41:57 CEST)\" executed successfully"}
{"timestamp": "2026-09-03T00:41:57", "level": "INFO", "component": "apscheduler.executors.default", "message": "Running job \"poll_once (trigger: interval[0:00:10], next run at: 2026-09-03 00:42:07 CEST)\" (scheduled at 2026-09-03 00:41:57.305960+02:00)"}
{"timestamp": "2026-09-03T00:41:57", "level": "INFO", "component": "apscheduler.executors.default", "message": "Job \"poll_once (trigger: interval[0:00:10], next run at: 2026-09-03 00:42:07 CEST)\" executed successfully"}
{"timestamp": "2026-09-03T00:42:07", "level": "INFO", "component": "apscheduler.executors.default", "message": "Running job \"poll_once (trigger: interval[0:00:10], next run at: 2026-09-03 00:42:17 CEST)\" (scheduled at 2026-09-03 00:42:07.305960+02:00)"}
{"timestamp": "2026-09-03T00:42:07", "level": "INFO", "component": "apscheduler.executors.default", "message": "Job \"poll_once (trigger: interval[0:00:10], next run at: 2026-09-03 00:42:17 CEST)\" executed successfully"}
{"timestamp": "2026-09-03T00:42:17", "level": "INFO", "component": "apscheduler.executors.default", "message": "Running job \"poll_once (trigger: interval[0:00:10], next run at: 2026-09-03 00:42:27 CEST)\" (scheduled at 2026-09-03 00:42:17.305960+02:00)"}
{"timestamp": "2026-09-03T00:42:17", "level": "INFO", "component": "apscheduler.executors.default", "message": "Job \"poll_once (trigger: interval[0:00:10], next run at: 2026-09-03 00:42:27 CEST)\" executed successfully"}
{"timestamp": "2026-09-03T00:42:27", "level": "INFO", "component": "apscheduler.executors.default", "message": "Running job \"poll_once (trigger: interval[0:00:10], next run at: 2026-09-03 00:42:37 CEST)\" (scheduled at 2026-09-03 00:42:27.305960+02:00)"}
{"timestamp": "2026-09-03T00:42:27", "level": "INFO", "component": "apscheduler.executors.default", "message": "Running job \"_start_scheduler.<locals>.<lambda> (trigger: interval[0:00:45], next run at: 2026-09-03 00:43:12 CEST)\" (scheduled at 2026-09-03 00:42:27.306433+02:00)"}
{"timestamp": "2026-09-03T00:42:27", "level": "INFO", "component": "apscheduler.executors.default", "message": "Job \"poll_once (trigger: interval[0:00:10], next run at: 2026-09-03 00:42:37 CEST)\" executed successfully"}
{"timestamp": "2026-09-03T00:42:27", "level": "INFO", "component": "cv112_poller", "message": "Feed descargado: 52 incidentes activos", "correlation_id": "df9ecd19"}
{"timestamp": "2026-09-03T00:42:27", "level": "INFO", "component": "apscheduler.executors.default", "message": "Job \"_start_scheduler.<locals>.<lambda> (trigger: interval[0:00:45], next run at: 2026-09-03 00:43:12 CEST)\" executed successfully"}
{"timestamp": "2026-09-03T00:42:37", "level": "INFO", "component": "apscheduler.executors.default", "message": "Running job \"poll_once (trigger: interval[0:00:10], next run at: 2026-09-03 00:42:47 CEST)\" (scheduled at 2026-09-03 00:42:37.305960+02:00)"}
{"timestamp": "2026-09-03T00:42:37", "level": "INFO", "component": "apscheduler.executors.default", "message": "Job \"poll_once (trigger: interval[0:00:10], next run at: 2026-09-03 00:42:47 CEST)\" executed successfully"}
{"timestamp": "2026-09-03T00:42:47", "level": "INFO", "component": "apscheduler.executors.default", "message": "Running job \"poll_once (trigger: interval[0:00:10], next run at: 2026-09-03 00:42:57 CEST)\" (scheduled at 2026-09-03 00:42:47.305960+02:00)"}
{"timestamp": "2026-09-03T00:42:47", "level": "INFO", "component": "apscheduler.executors.default", "message": "Job \"poll_once (trigger: interval[0:00:10], next run at: 2026-09-03 00:42:57 CEST)\" executed successfully"}
{"timestamp": "2026-09-03T00:42:57", "level": "INFO", "component": "apscheduler.executors.default", "message": "Running job \"poll_once (trigger: interval[0:00:10], next run at: 2026-09-03 00:43:07 CEST)\" (scheduled at 2026-09-03 00:42:57.305960+02:00)"}
{"timestamp": "2026-09-03T00:42:57", "level": "INFO", "component": "apscheduler.executors.default", "message": "Job \"poll_once (trigger: interval[0:00:10], next run at: 2026-09-03 00:43:07 CEST)\" executed successfully"}
{"timestamp": "2026-09-03T00:43:07", "level": "INFO", "component": "apscheduler.executors.default", "message": "Running job \"poll_once (trigger: interval[0:00:10], next run at: 2026-09-03 00:43:17 CEST)\" (scheduled at 2026-09-03 00:43:07.305960+02:00)"}
{"timestamp": "2026-09-03T00:43:07", "level": "INFO", "component": "apscheduler.executors.default", "message": "Job \"poll_once (trigger: interval[0:00:10], next run at: 2026-09-03 00:43:17 CEST)\" executed successfully"}
{"timestamp": "2026-09-03T00:43:12", "level": "INFO", "component": "apscheduler.executors.default", "message": "Running job \"_start_scheduler.<locals>.<lambda> (trigger: interval[0:00:45], next run at: 2026-09-03 00:43:57 CEST)\" (scheduled at 2026-09-03 00:43:12.306433+02:00)"}
{"timestamp": "2026-09-03T00:43:12", "level": "INFO", "component": "cv112_poller", "message": "Feed descargado: 52 incidentes activos", "correlation_id": "7d9d4ff8"}
{"timestamp": "2026-09-03T00:43:12", "level": "INFO", "component": "apscheduler.executors.default", "message": "Job \"_start_scheduler.<locals>.<lambda> (trigger: interval[0:00:45], next run at: 2026-09-03 00:43:57 CEST)\" executed successfully"}
{"timestamp": "2026-09-03T00:43:17", "level": "INFO", "component": "apscheduler.executors.default", "message": "Running job \"poll_once (trigger: interval[0:00:10], next run at: 2026-09-03 00:43:27 CEST)\" (scheduled at 2026-09-03 00:43:17.305960+02:00)"}
{"timestamp": "2026-09-03T00:43:17", "level": "INFO", "component": "apscheduler.executors.default", "message": "Job \"poll_once (trigger: interval[0:00:10], next run at: 2026-09-03 00:43:27 CEST)\" executed successfully"}
{"timestamp": "2026-09-03T00:43:27", "level": "INFO", "component": "apscheduler.executors.default", "message": "Running job \"poll_once (trigger: interval[0:00:10], next run at: 2026-09-03 00:43:37 CEST)\" (scheduled at 2026-09-03 00:43:27.305960+02:00)"}
{"timestamp": "2026-09-03T00:43:27", "level": "INFO", "component": "apscheduler.executors.default", "message": "Job \"poll_once (trigger: interval[0:00:10], next run at: 2026-09-03 00:43:37 CEST)\" executed successfully"}
{"timestamp": "2026-09-03T00:43:37", "level": "INFO", "component": "apscheduler.executors.default", "message": "Running job \"poll_once (trigger: interval[0:00:10], next run at: 2026-09-03 00:43:47 CEST)\" (scheduled at 2026-09-03 00:43:37.305960+02:00)"}
{"timestamp": "2026-09-03T00:43:37", "level": "INFO", "component": "apscheduler.executors.default", "message": "Job \"poll_once (trigger: interval[0:00:10], next run at: 2026-09-03 00:43:47 CEST)\" executed successfully"}
{"timestamp": "2026-09-03T00:43:47", "level": "INFO", "component": "apscheduler.executors.default", "message": "Running job \"poll_once (trigger: interval[0:00:10], next run at: 2026-09-03 00:43:57 CEST)\" (scheduled at 2026-09-03 00:43:47.305960+02:00)"}
{"timestamp": "2026-09-03T00:43:47", "level": "INFO", "component": "apscheduler.executors.default", "message": "Job \"poll_once (trigger: interval[0:00:10], next run at: 2026-09-03 00:43:57 CEST)\" executed successfully"}
{"timestamp": "2026-09-03T00:43:57", "level": "INFO", "component": "apscheduler.executors.default", "message": "Running job \"poll_once (trigger: interval[0:00:10], next run at: 2026-09-03 00:44:07 CEST)\" (scheduled at 2026-09-03 00:43:57.305960+02:00)"}
{"timestamp": "2026-09-03T00:43:57", "level": "INFO", "component": "apscheduler.executors.default", "message": "Running job \"_start_scheduler.<locals>.<lambda> (trigger: interval[0:00:45], next run at: 2026-09-03 00:44:42 CEST)\" (scheduled at 2026-09-03 00:43:57.306433+02:00)"}
{"timestamp": "2026-09-03T00:43:57", "level": "INFO", "component": "apscheduler.executors.default", "message": "Job \"poll_once (trigger: interval[0:00:10], next run at: 2026-09-03 00:44:07 CEST)\" executed successfully"}
{"timestamp": "2026-09-03T00:43:57", "level": "INFO", "component": "cv112_poller", "message": "Feed descargado: 49 incidentes activos", "correlation_id": "949927fd"}
{"timestamp": "2026-09-03T00:43:57", "level": "INFO", "component": "cv112_poller", "message": "Incidente 40511618 visto pero alertas automáticas pausadas (killswitch)", "correlation_id": "949927fd"}
{"timestamp": "2026-09-03T00:43:57", "level": "INFO", "component": "apscheduler.executors.default", "message": "Job \"_start_scheduler.<locals>.<lambda> (trigger: interval[0:00:45], next run at: 2026-09-03 00:44:42 CEST)\" executed successfully"}
{"timestamp": "2026-09-03T00:44:07", "level": "INFO", "component": "apscheduler.executors.default", "message": "Running job \"poll_once (trigger: interval[0:00:10], next run at: 2026-09-03 00:44:17 CEST)\" (scheduled at 2026-09-03 00:44:07.305960+02:00)"}
{"timestamp": "2026-09-03T00:44:07", "level": "INFO", "component": "apscheduler.executors.default", "message": "Job \"poll_once (trigger: interval[0:00:10], next run at: 2026-09-03 00:44:17 CEST)\" executed successfully"}
{"timestamp": "2026-09-03T00:44:17", "level": "INFO", "component": "apscheduler.executors.default", "message": "Running job \"poll_once (trigger: interval[0:00:10], next run at: 2026-09-03 00:44:27 CEST)\" (scheduled at 2026-09-03 00:44:17.305960+02:00)"}
{"timestamp": "2026-09-03T00:44:17", "level": "INFO", "component": "apscheduler.executors.default", "message": "Job \"poll_once (trigger: interval[0:00:10], next run at: 2026-09-03 00:44:27 CEST)\" executed successfully"}
{"timestamp": "2026-09-03T00:44:27", "level": "INFO", "component": "apscheduler.executors.default", "message": "Running job \"poll_once (trigger: interval[0:00:10], next run at: 2026-09-03 00:44:37 CEST)\" (scheduled at 2026-09-03 00:44:27.305960+02:00)"}
{"timestamp": "2026-09-03T00:44:27", "level": "INFO", "component": "apscheduler.executors.default", "message": "Job \"poll_once (trigger: interval[0:00:10], next run at: 2026-09-03 00:44:37 CEST)\" executed successfully"}
{"timestamp": "2026-09-03T00:44:37", "level": "INFO", "component": "apscheduler.executors.default", "message": "Running job \"poll_once (trigger: interval[0:00:10], next run at: 2026-09-03 00:44:47 CEST)\" (scheduled at 2026-09-03 00:44:37.305960+02:00)"}
{"timestamp": "2026-09-03T00:44:37", "level": "INFO", "component": "apscheduler.executors.default", "message": "Job \"poll_once (trigger: interval[0:00:10], next run at: 2026-09-03 00:44:47 CEST)\" executed successfully"}
{"timestamp": "2026-09-03T00:44:42", "level": "INFO", "component": "apscheduler.executors.default", "message": "Running job \"_start_scheduler.<locals>.<lambda> (trigger: interval[0:00:45], next run at: 2026-09-03 00:45:27 CEST)\" (scheduled at 2026-09-03 00:44:42.306433+02:00)"}
{"timestamp": "2026-09-03T00:44:42", "level": "INFO", "component": "cv112_poller", "message": "Feed descargado: 49 incidentes activos", "correlation_id": "07c22781"}
{"timestamp": "2026-09-03T00:44:42", "level": "INFO", "component": "apscheduler.executors.default", "message": "Job \"_start_scheduler.<locals>.<lambda> (trigger: interval[0:00:45], next run at: 2026-09-03 00:45:27 CEST)\" executed successfully"}
{"timestamp": "2026-09-03T00:44:47", "level": "INFO", "component": "apscheduler.executors.default", "message": "Running job \"poll_once (trigger: interval[0:00:10], next run at: 2026-09-03 00:44:57 CEST)\" (scheduled at 2026-09-03 00:44:47.305960+02:00)"}
{"timestamp": "2026-09-03T00:44:47", "level": "INFO", "component": "apscheduler.executors.default", "message": "Job \"poll_once (trigger: interval[0:00:10], next run at: 2026-09-03 00:44:57 CEST)\" executed successfully"}
{"timestamp": "2026-09-03T00:44:57", "level": "INFO", "component": "apscheduler.executors.default", "message": "Running job \"poll_once (trigger: interval[0:00:10], next run at: 2026-09-03 00:45:07 CEST)\" (scheduled at 2026-09-03 00:44:57.305960+02:00)"}
{"timestamp": "2026-09-03T00:44:57", "level": "INFO", "component": "apscheduler.executors.default", "message": "Job \"poll_once (trigger: interval[0:00:10], next run at: 2026-09-03 00:45:07 CEST)\" executed successfully"}
{"timestamp": "2026-09-03T00:45:07", "level": "INFO", "component": "apscheduler.executors.default", "message": "Running job \"poll_once (trigger: interval[0:00:10], next run at: 2026-09-03 00:45:17 CEST)\" (scheduled at 2026-09-03 00:45:07.305960+02:00)"}
{"timestamp": "2026-09-03T00:45:07", "level": "INFO", "component": "apscheduler.executors.default", "message": "Job \"poll_once (trigger: interval[0:00:10], next run at: 2026-09-03 00:45:17 CEST)\" executed successfully"}
{"timestamp": "2026-09-03T00:45:17", "level": "INFO", "component": "apscheduler.executors.default", "message": "Running job \"poll_once (trigger: interval[0:00:10], next run at: 2026-09-03 00:45:27 CEST)\" (scheduled at 2026-09-03 00:45:17.305960+02:00)"}
{"timestamp": "2026-09-03T00:45:17", "level": "INFO", "component": "apscheduler.executors.default", "message": "Job \"poll_once (trigger: interval[0:00:10], next run at: 2026-09-03 00:45:27 CEST)\" executed successfully"}
{"timestamp": "2026-09-03T00:45:27", "level": "INFO", "component": "apscheduler.executors.default", "message": "Running job \"poll_once (trigger: interval[0:00:10], next run at: 2026-09-03 00:45:37 CEST)\" (scheduled at 2026-09-03 00:45:27.305960+02:00)"}
{"timestamp": "2026-09-03T00:45:27", "level": "INFO", "component": "apscheduler.executors.default", "message": "Running job \"_start_scheduler.<locals>.<lambda> (trigger: interval[0:00:45], next run at: 2026-09-03 00:46:12 CEST)\" (scheduled at 2026-09-03 00:45:27.306433+02:00)"}
{"timestamp": "2026-09-03T00:45:27", "level": "INFO", "component": "apscheduler.executors.default", "message": "Job \"poll_once (trigger: interval[0:00:10], next run at: 2026-09-03 00:45:37 CEST)\" executed successfully"}
{"timestamp": "2026-09-03T00:45:27", "level": "INFO", "component": "cv112_poller", "message": "Feed descargado: 49 incidentes activos", "correlation_id": "a727bcc8"}
{"timestamp": "2026-09-03T00:45:27", "level": "INFO", "component": "apscheduler.executors.default", "message": "Job \"_start_scheduler.<locals>.<lambda> (trigger: interval[0:00:45], next run at: 2026-09-03 00:46:12 CEST)\" executed successfully"}
{"timestamp": "2026-09-03T00:45:37", "level": "INFO", "component": "apscheduler.executors.default", "message": "Running job \"poll_once (trigger: interval[0:00:10], next run at: 2026-09-03 00:45:47 CEST)\" (scheduled at 2026-09-03 00:45:37.305960+02:00)"}
{"timestamp": "2026-09-03T00:45:37", "level": "INFO", "component": "apscheduler.executors.default", "message": "Job \"poll_once (trigger: interval[0:00:10], next run at: 2026-09-03 00:45:47 CEST)\" executed successfully"}
{"timestamp": "2026-09-03T00:45:47", "level": "INFO", "component": "apscheduler.executors.default", "message": "Running job \"poll_once (trigger: interval[0:00:10], next run at: 2026-09-03 00:45:57 CEST)\" (scheduled at 2026-09-03 00:45:47.305960+02:00)"}
{"timestamp": "2026-09-03T00:45:47", "level": "INFO", "component": "apscheduler.executors.default", "message": "Job \"poll_once (trigger: interval[0:00:10], next run at: 2026-09-03 00:45:57 CEST)\" executed successfully"}
{"timestamp": "2026-09-03T00:45:57", "level": "INFO", "component": "apscheduler.executors.default", "message": "Running job \"poll_once (trigger: interval[0:00:10], next run at: 2026-09-03 00:46:07 CEST)\" (scheduled at 2026-09-03 00:45:57.305960+02:00)"}
{"timestamp": "2026-09-03T00:45:57", "level": "INFO", "component": "apscheduler.executors.default", "message": "Job \"poll_once (trigger: interval[0:00:10], next run at: 2026-09-03 00:46:07 CEST)\" executed successfully"}
{"timestamp": "2026-09-03T00:46:07", "level": "INFO", "component": "apscheduler.executors.default", "message": "Running job \"poll_once (trigger: interval[0:00:10], next run at: 2026-09-03 00:46:17 CEST)\" (scheduled at 2026-09-03 00:46:07.305960+02:00)"}
{"timestamp": "2026-09-03T00:46:07", "level": "INFO", "component": "apscheduler.executors.default", "message": "Job \"poll_once (trigger: interval[0:00:10], next run at: 2026-09-03 00:46:17 CEST)\" executed successfully"}
{"timestamp": "2026-09-03T00:46:12", "level": "INFO", "component": "apscheduler.executors.default", "message": "Running job \"_start_scheduler.<locals>.<lambda> (trigger: interval[0:00:45], next run at: 2026-09-03 00:46:57 CEST)\" (scheduled at 2026-09-03 00:46:12.306433+02:00)"}
{"timestamp": "2026-09-03T00:46:12", "level": "INFO", "component": "cv112_poller", "message": "Feed descargado: 49 incidentes activos", "correlation_id": "643e8d63"}
{"timestamp": "2026-09-03T00:46:12", "level": "INFO", "component": "apscheduler.executors.default", "message": "Job \"_start_scheduler.<locals>.<lambda> (trigger: interval[0:00:45], next run at: 2026-09-03 00:46:57 CEST)\" executed successfully"}
{"timestamp": "2026-09-03T00:46:17", "level": "INFO", "component": "apscheduler.executors.default", "message": "Running job \"poll_once (trigger: interval[0:00:10], next run at: 2026-09-03 00:46:27 CEST)\" (scheduled at 2026-09-03 00:46:17.305960+02:00)"}
{"timestamp": "2026-09-03T00:46:17", "level": "INFO", "component": "apscheduler.executors.default", "message": "Job \"poll_once (trigger: interval[0:00:10], next run at: 2026-09-03 00:46:27 CEST)\" executed successfully"}
{"timestamp": "2026-09-03T00:46:27", "level": "INFO", "component": "apscheduler.executors.default", "message": "Running job \"poll_once (trigger: interval[0:00:10], next run at: 2026-09-03 00:46:37 CEST)\" (scheduled at 2026-09-03 00:46:27.305960+02:00)"}
{"timestamp": "2026-09-03T00:46:27", "level": "INFO", "component": "apscheduler.executors.default", "message": "Job \"poll_once (trigger: interval[0:00:10], next run at: 2026-09-03 00:46:37 CEST)\" executed successfully"}
{"timestamp": "2026-09-03T00:46:37", "level": "INFO", "component": "apscheduler.executors.default", "message": "Running job \"poll_once (trigger: interval[0:00:10], next run at: 2026-09-03 00:46:47 CEST)\" (scheduled at 2026-09-03 00:46:37.305960+02:00)"}
{"timestamp": "2026-09-03T00:46:37", "level": "INFO", "component": "apscheduler.executors.default", "message": "Job \"poll_once (trigger: interval[0:00:10], next run at: 2026-09-03 00:46:47 CEST)\" executed successfully"}
{"timestamp": "2026-09-03T00:46:47", "level": "INFO", "component": "apscheduler.executors.default", "message": "Running job \"poll_once (trigger: interval[0:00:10], next run at: 2026-09-03 00:46:57 CEST)\" (scheduled at 2026-09-03 00:46:47.305960+02:00)"}
{"timestamp": "2026-09-03T00:46:47", "level": "INFO", "component": "apscheduler.executors.default", "message": "Job \"poll_once (trigger: interval[0:00:10], next run at: 2026-09-03 00:46:57 CEST)\" executed successfully"}
{"timestamp": "2026-09-03T00:46:57", "level": "INFO", "component": "apscheduler.executors.default", "message": "Running job \"poll_once (trigger: interval[0:00:10], next run at: 2026-09-03 00:47:07 CEST)\" (scheduled at 2026-09-03 00:46:57.305960+02:00)"}
{"timestamp": "2026-09-03T00:46:57", "level": "INFO", "component": "apscheduler.executors.default", "message": "Running job \"_start_scheduler.<locals>.<lambda> (trigger: interval[0:00:45], next run at: 2026-09-03 00:47:42 CEST)\" (scheduled at 2026-09-03 00:46:57.306433+02:00)"}
{"timestamp": "2026-09-03T00:46:57", "level": "INFO", "component": "apscheduler.executors.default", "message": "Job \"poll_once (trigger: interval[0:00:10], next run at: 2026-09-03 00:47:07 CEST)\" executed successfully"}
{"timestamp": "2026-09-03T00:46:57", "level": "INFO", "component": "cv112_poller", "message": "Feed descargado: 49 incidentes activos", "correlation_id": "41c8d919"}
{"timestamp": "2026-09-03T00:46:57", "level": "INFO", "component": "apscheduler.executors.default", "message": "Job \"_start_scheduler.<locals>.<lambda> (trigger: interval[0:00:45], next run at: 2026-09-03 00:47:42 CEST)\" executed successfully"}
{"timestamp": "2026-09-03T00:47:07", "level": "INFO", "component": "apscheduler.executors.default", "message": "Running job \"poll_once (trigger: interval[0:00:10], next run at: 2026-09-03 00:47:17 CEST)\" (scheduled at 2026-09-03 00:47:07.305960+02:00)"}
{"timestamp": "2026-09-03T00:47:07", "level": "INFO", "component": "apscheduler.executors.default", "message": "Job \"poll_once (trigger: interval[0:00:10], next run at: 2026-09-03 00:47:17 CEST)\" executed successfully"}
{"timestamp": "2026-09-03T00:47:17", "level": "INFO", "component": "apscheduler.executors.default", "message": "Running job \"poll_once (trigger: interval[0:00:10], next run at: 2026-09-03 00:47:27 CEST)\" (scheduled at 2026-09-03 00:47:17.305960+02:00)"}
{"timestamp": "2026-09-03T00:47:17", "level": "INFO", "component": "apscheduler.executors.default", "message": "Job \"poll_once (trigger: interval[0:00:10], next run at: 2026-09-03 00:47:27 CEST)\" executed successfully"}
{"timestamp": "2026-09-03T00:47:27", "level": "INFO", "component": "apscheduler.executors.default", "message": "Running job \"poll_once (trigger: interval[0:00:10], next run at: 2026-09-03 00:47:37 CEST)\" (scheduled at 2026-09-03 00:47:27.305960+02:00)"}
{"timestamp": "2026-09-03T00:47:27", "level": "INFO", "component": "apscheduler.executors.default", "message": "Job \"poll_once (trigger: interval[0:00:10], next run at: 2026-09-03 00:47:37 CEST)\" executed successfully"}
{"timestamp": "2026-09-03T00:47:37", "level": "INFO", "component": "apscheduler.executors.default", "message": "Running job \"poll_once (trigger: interval[0:00:10], next run at: 2026-09-03 00:47:47 CEST)\" (scheduled at 2026-09-03 00:47:37.305960+02:00)"}
{"timestamp": "2026-09-03T00:47:37", "level": "INFO", "component": "apscheduler.executors.default", "message": "Job \"poll_once (trigger: interval[0:00:10], next run at: 2026-09-03 00:47:47 CEST)\" executed successfully"}
{"timestamp": "2026-09-03T00:47:42", "level": "INFO", "component": "apscheduler.executors.default", "message": "Running job \"_start_scheduler.<locals>.<lambda> (trigger: interval[0:00:45], next run at: 2026-09-03 00:48:27 CEST)\" (scheduled at 2026-09-03 00:47:42.306433+02:00)"}
{"timestamp": "2026-09-03T00:47:42", "level": "INFO", "component": "cv112_poller", "message": "Feed descargado: 49 incidentes activos", "correlation_id": "43e7fefe"}
{"timestamp": "2026-09-03T00:47:42", "level": "INFO", "component": "apscheduler.executors.default", "message": "Job \"_start_scheduler.<locals>.<lambda> (trigger: interval[0:00:45], next run at: 2026-09-03 00:48:27 CEST)\" executed successfully"}
{"timestamp": "2026-09-03T00:47:47", "level": "INFO", "component": "apscheduler.executors.default", "message": "Running job \"poll_once (trigger: interval[0:00:10], next run at: 2026-09-03 00:47:57 CEST)\" (scheduled at 2026-09-03 00:47:47.305960+02:00)"}
{"timestamp": "2026-09-03T00:47:47", "level": "INFO", "component": "apscheduler.executors.default", "message": "Job \"poll_once (trigger: interval[0:00:10], next run at: 2026-09-03 00:47:57 CEST)\" executed successfully"}
{"timestamp": "2026-09-03T00:47:57", "level": "INFO", "component": "apscheduler.executors.default", "message": "Running job \"poll_once (trigger: interval[0:00:10], next run at: 2026-09-03 00:48:07 CEST)\" (scheduled at 2026-09-03 00:47:57.305960+02:00)"}
{"timestamp": "2026-09-03T00:47:57", "level": "INFO", "component": "apscheduler.executors.default", "message": "Job \"poll_once (trigger: interval[0:00:10], next run at: 2026-09-03 00:48:07 CEST)\" executed successfully"}
{"timestamp": "2026-09-03T00:48:07", "level": "INFO", "component": "apscheduler.executors.default", "message": "Running job \"poll_once (trigger: interval[0:00:10], next run at: 2026-09-03 00:48:17 CEST)\" (scheduled at 2026-09-03 00:48:07.305960+02:00)"}
{"timestamp": "2026-09-03T00:48:07", "level": "INFO", "component": "apscheduler.executors.default", "message": "Job \"poll_once (trigger: interval[0:00:10], next run at: 2026-09-03 00:48:17 CEST)\" executed successfully"}
{"timestamp": "2026-09-03T00:48:17", "level": "INFO", "component": "apscheduler.executors.default", "message": "Running job \"poll_once (trigger: interval[0:00:10], next run at: 2026-09-03 00:48:27 CEST)\" (scheduled at 2026-09-03 00:48:17.305960+02:00)"}
{"timestamp": "2026-09-03T00:48:17", "level": "INFO", "component": "apscheduler.executors.default", "message": "Job \"poll_once (trigger: interval[0:00:10], next run at: 2026-09-03 00:48:27 CEST)\" executed successfully"}
{"timestamp": "2026-09-03T00:48:27", "level": "INFO", "component": "apscheduler.executors.default", "message": "Running job \"poll_once (trigger: interval[0:00:10], next run at: 2026-09-03 00:48:37 CEST)\" (scheduled at 2026-09-03 00:48:27.305960+02:00)"}
{"timestamp": "2026-09-03T00:48:27", "level": "INFO", "component": "apscheduler.executors.default", "message": "Running job \"_start_scheduler.<locals>.<lambda> (trigger: interval[0:00:45], next run at: 2026-09-03 00:49:12 CEST)\" (scheduled at 2026-09-03 00:48:27.306433+02:00)"}
{"timestamp": "2026-09-03T00:48:27", "level": "INFO", "component": "apscheduler.executors.default", "message": "Job \"poll_once (trigger: interval[0:00:10], next run at: 2026-09-03 00:48:37 CEST)\" executed successfully"}
{"timestamp": "2026-09-03T00:48:27", "level": "INFO", "component": "cv112_poller", "message": "Feed descargado: 49 incidentes activos", "correlation_id": "74ca6043"}
{"timestamp": "2026-09-03T00:48:27", "level": "INFO", "component": "apscheduler.executors.default", "message": "Job \"_start_scheduler.<locals>.<lambda> (trigger: interval[0:00:45], next run at: 2026-09-03 00:49:12 CEST)\" executed successfully"}
{"timestamp": "2026-09-03T00:48:37", "level": "INFO", "component": "apscheduler.executors.default", "message": "Running job \"poll_once (trigger: interval[0:00:10], next run at: 2026-09-03 00:48:47 CEST)\" (scheduled at 2026-09-03 00:48:37.305960+02:00)"}
{"timestamp": "2026-09-03T00:48:37", "level": "INFO", "component": "apscheduler.executors.default", "message": "Job \"poll_once (trigger: interval[0:00:10], next run at: 2026-09-03 00:48:47 CEST)\" executed successfully"}
{"timestamp": "2026-09-03T00:48:47", "level": "INFO", "component": "apscheduler.executors.default", "message": "Running job \"poll_once (trigger: interval[0:00:10], next run at: 2026-09-03 00:48:57 CEST)\" (scheduled at 2026-09-03 00:48:47.305960+02:00)"}
{"timestamp": "2026-09-03T00:48:47", "level": "INFO", "component": "apscheduler.executors.default", "message": "Job \"poll_once (trigger: interval[0:00:10], next run at: 2026-09-03 00:48:57 CEST)\" executed successfully"}
{"timestamp": "2026-09-03T00:48:57", "level": "INFO", "component": "apscheduler.executors.default", "message": "Running job \"poll_once (trigger: interval[0:00:10], next run at: 2026-09-03 00:49:07 CEST)\" (scheduled at 2026-09-03 00:48:57.305960+02:00)"}
{"timestamp": "2026-09-03T00:48:57", "level": "INFO", "component": "apscheduler.executors.default", "message": "Job \"poll_once (trigger: interval[0:00:10], next run at: 2026-09-03 00:49:07 CEST)\" executed successfully"}
{"timestamp": "2026-09-03T00:49:07", "level": "INFO", "component": "apscheduler.executors.default", "message": "Running job \"poll_once (trigger: interval[0:00:10], next run at: 2026-09-03 00:49:17 CEST)\" (scheduled at 2026-09-03 00:49:07.305960+02:00)"}
{"timestamp": "2026-09-03T00:49:07", "level": "INFO", "component": "apscheduler.executors.default", "message": "Job \"poll_once (trigger: interval[0:00:10], next run at: 2026-09-03 00:49:17 CEST)\" executed successfully"}
{"timestamp": "2026-09-03T00:58:43", "level": "WARNING", "component": "apscheduler.executors.default", "message": "Run time of job \"_start_scheduler.<locals>.<lambda> (trigger: interval[0:00:45], next run at: 2026-09-03 00:58:57 CEST)\" was missed by 0:00:31.203247"}
{"timestamp": "2026-09-03T00:58:43", "level": "WARNING", "component": "apscheduler.executors.default", "message": "Run time of job \"poll_once (trigger: interval[0:00:10], next run at: 2026-09-03 00:58:47 CEST)\" was missed by 0:00:06.204141"}
{"timestamp": "2026-09-03T00:58:47", "level": "INFO", "component": "apscheduler.executors.default", "message": "Running job \"poll_once (trigger: interval[0:00:10], next run at: 2026-09-03 00:58:57 CEST)\" (scheduled at 2026-09-03 00:58:47.305960+02:00)"}
{"timestamp": "2026-09-03T00:58:47", "level": "INFO", "component": "apscheduler.executors.default", "message": "Job \"poll_once (trigger: interval[0:00:10], next run at: 2026-09-03 00:58:57 CEST)\" executed successfully"}
{"timestamp": "2026-09-03T00:58:57", "level": "INFO", "component": "apscheduler.executors.default", "message": "Running job \"poll_once (trigger: interval[0:00:10], next run at: 2026-09-03 00:59:07 CEST)\" (scheduled at 2026-09-03 00:58:57.305960+02:00)"}
{"timestamp": "2026-09-03T00:58:57", "level": "INFO", "component": "apscheduler.executors.default", "message": "Running job \"_start_scheduler.<locals>.<lambda> (trigger: interval[0:00:45], next run at: 2026-09-03 00:59:42 CEST)\" (scheduled at 2026-09-03 00:58:57.306433+02:00)"}
{"timestamp": "2026-09-03T00:58:57", "level": "INFO", "component": "apscheduler.executors.default", "message": "Job \"poll_once (trigger: interval[0:00:10], next run at: 2026-09-03 00:59:07 CEST)\" executed successfully"}
{"timestamp": "2026-09-03T00:58:57", "level": "INFO", "component": "cv112_poller", "message": "Feed descargado: 47 incidentes activos", "correlation_id": "4d48bc6b"}
{"timestamp": "2026-09-03T00:58:57", "level": "INFO", "component": "cv112_poller", "message": "Incidente 40511639 visto pero alertas automáticas pausadas (killswitch)", "correlation_id": "4d48bc6b"}
{"timestamp": "2026-09-03T00:58:57", "level": "INFO", "component": "cv112_poller", "message": "Incidente 40511672 visto pero alertas automáticas pausadas (killswitch)", "correlation_id": "4d48bc6b"}
{"timestamp": "2026-09-03T00:58:57", "level": "INFO", "component": "cv112_poller", "message": "Incidente 40511675 visto pero alertas automáticas pausadas (killswitch)", "correlation_id": "4d48bc6b"}
{"timestamp": "2026-09-03T00:58:57", "level": "INFO", "component": "cv112_poller", "message": "Incidente 40511681 visto pero alertas automáticas pausadas (killswitch)", "correlation_id": "4d48bc6b"}
{"timestamp": "2026-09-03T00:58:57", "level": "INFO", "component": "apscheduler.executors.default", "message": "Job \"_start_scheduler.<locals>.<lambda> (trigger: interval[0:00:45], next run at: 2026-09-03 00:59:42 CEST)\" executed successfully"}
{"timestamp": "2026-09-03T01:14:50", "level": "WARNING", "component": "apscheduler.executors.default", "message": "Run time of job \"poll_once (trigger: interval[0:00:10], next run at: 2026-09-03 01:14:57 CEST)\" was missed by 0:00:02.743273"}
{"timestamp": "2026-09-03T01:14:50", "level": "WARNING", "component": "apscheduler.executors.default", "message": "Run time of job \"_start_scheduler.<locals>.<lambda> (trigger: interval[0:00:45], next run at: 2026-09-03 01:15:27 CEST)\" was missed by 0:00:07.743415"}
{"timestamp": "2026-09-03T01:14:57", "level": "INFO", "component": "apscheduler.executors.default", "message": "Running job \"poll_once (trigger: interval[0:00:10], next run at: 2026-09-03 01:15:07 CEST)\" (scheduled at 2026-09-03 01:14:57.305960+02:00)"}
{"timestamp": "2026-09-03T01:14:57", "level": "INFO", "component": "apscheduler.executors.default", "message": "Job \"poll_once (trigger: interval[0:00:10], next run at: 2026-09-03 01:15:07 CEST)\" executed successfully"}
{"timestamp": "2026-09-03T01:15:07", "level": "INFO", "component": "apscheduler.executors.default", "message": "Running job \"poll_once (trigger: interval[0:00:10], next run at: 2026-09-03 01:15:17 CEST)\" (scheduled at 2026-09-03 01:15:07.305960+02:00)"}
{"timestamp": "2026-09-03T01:15:07", "level": "INFO", "component": "apscheduler.executors.default", "message": "Job \"poll_once (trigger: interval[0:00:10], next run at: 2026-09-03 01:15:17 CEST)\" executed successfully"}
{"timestamp": "2026-09-03T01:15:17", "level": "INFO", "component": "apscheduler.executors.default", "message": "Running job \"poll_once (trigger: interval[0:00:10], next run at: 2026-09-03 01:15:27 CEST)\" (scheduled at 2026-09-03 01:15:17.305960+02:00)"}
{"timestamp": "2026-09-03T01:15:17", "level": "INFO", "component": "apscheduler.executors.default", "message": "Job \"poll_once (trigger: interval[0:00:10], next run at: 2026-09-03 01:15:27 CEST)\" executed successfully"}
{"timestamp": "2026-09-03T01:15:27", "level": "INFO", "component": "apscheduler.executors.default", "message": "Running job \"poll_once (trigger: interval[0:00:10], next run at: 2026-09-03 01:15:37 CEST)\" (scheduled at 2026-09-03 01:15:27.305960+02:00)"}
{"timestamp": "2026-09-03T01:15:27", "level": "INFO", "component": "apscheduler.executors.default", "message": "Running job \"_start_scheduler.<locals>.<lambda> (trigger: interval[0:00:45], next run at: 2026-09-03 01:16:12 CEST)\" (scheduled at 2026-09-03 01:15:27.306433+02:00)"}
{"timestamp": "2026-09-03T01:15:27", "level": "INFO", "component": "apscheduler.executors.default", "message": "Job \"poll_once (trigger: interval[0:00:10], next run at: 2026-09-03 01:15:37 CEST)\" executed successfully"}
{"timestamp": "2026-09-03T01:15:27", "level": "INFO", "component": "cv112_poller", "message": "Feed descargado: 47 incidentes activos", "correlation_id": "e38ccd3c"}
{"timestamp": "2026-09-03T01:15:27", "level": "INFO", "component": "cv112_poller", "message": "Incidente 40511684 visto pero alertas automáticas pausadas (killswitch)", "correlation_id": "e38ccd3c"}
{"timestamp": "2026-09-03T01:15:27", "level": "INFO", "component": "apscheduler.executors.default", "message": "Job \"_start_scheduler.<locals>.<lambda> (trigger: interval[0:00:45], next run at: 2026-09-03 01:16:12 CEST)\" executed successfully"}
{"timestamp": "2026-09-03T01:15:37", "level": "INFO", "component": "apscheduler.executors.default", "message": "Running job \"poll_once (trigger: interval[0:00:10], next run at: 2026-09-03 01:15:47 CEST)\" (scheduled at 2026-09-03 01:15:37.305960+02:00)"}
{"timestamp": "2026-09-03T01:15:37", "level": "INFO", "component": "apscheduler.executors.default", "message": "Job \"poll_once (trigger: interval[0:00:10], next run at: 2026-09-03 01:15:47 CEST)\" executed successfully"}
{"timestamp": "2026-09-03T01:15:47", "level": "INFO", "component": "apscheduler.executors.default", "message": "Running job \"poll_once (trigger: interval[0:00:10], next run at: 2026-09-03 01:15:57 CEST)\" (scheduled at 2026-09-03 01:15:47.305960+02:00)"}
{"timestamp": "2026-09-03T01:15:47", "level": "INFO", "component": "apscheduler.executors.default", "message": "Job \"poll_once (trigger: interval[0:00:10], next run at: 2026-09-03 01:15:57 CEST)\" executed successfully"}
{"timestamp": "2026-09-03T01:15:57", "level": "INFO", "component": "apscheduler.executors.default", "message": "Running job \"poll_once (trigger: interval[0:00:10], next run at: 2026-09-03 01:16:07 CEST)\" (scheduled at 2026-09-03 01:15:57.305960+02:00)"}
{"timestamp": "2026-09-03T01:15:57", "level": "INFO", "component": "apscheduler.executors.default", "message": "Job \"poll_once (trigger: interval[0:00:10], next run at: 2026-09-03 01:16:07 CEST)\" executed successfully"}
{"timestamp": "2026-09-03T01:16:07", "level": "INFO", "component": "apscheduler.executors.default", "message": "Running job \"poll_once (trigger: interval[0:00:10], next run at: 2026-09-03 01:16:17 CEST)\" (scheduled at 2026-09-03 01:16:07.305960+02:00)"}
{"timestamp": "2026-09-03T01:16:07", "level": "INFO", "component": "apscheduler.executors.default", "message": "Job \"poll_once (trigger: interval[0:00:10], next run at: 2026-09-03 01:16:17 CEST)\" executed successfully"}
{"timestamp": "2026-09-03T01:16:12", "level": "INFO", "component": "apscheduler.executors.default", "message": "Running job \"_start_scheduler.<locals>.<lambda> (trigger: interval[0:00:45], next run at: 2026-09-03 01:16:57 CEST)\" (scheduled at 2026-09-03 01:16:12.306433+02:00)"}
{"timestamp": "2026-09-03T01:16:12", "level": "INFO", "component": "cv112_poller", "message": "Feed descargado: 47 incidentes activos", "correlation_id": "765cfd72"}
{"timestamp": "2026-09-03T01:16:12", "level": "INFO", "component": "apscheduler.executors.default", "message": "Job \"_start_scheduler.<locals>.<lambda> (trigger: interval[0:00:45], next run at: 2026-09-03 01:16:57 CEST)\" executed successfully"}
{"timestamp": "2026-09-03T01:16:17", "level": "INFO", "component": "apscheduler.executors.default", "message": "Running job \"poll_once (trigger: interval[0:00:10], next run at: 2026-09-03 01:16:27 CEST)\" (scheduled at 2026-09-03 01:16:17.305960+02:00)"}
{"timestamp": "2026-09-03T01:16:17", "level": "INFO", "component": "apscheduler.executors.default", "message": "Job \"poll_once (trigger: interval[0:00:10], next run at: 2026-09-03 01:16:27 CEST)\" executed successfully"}
{"timestamp": "2026-09-03T01:16:27", "level": "INFO", "component": "apscheduler.executors.default", "message": "Running job \"poll_once (trigger: interval[0:00:10], next run at: 2026-09-03 01:16:37 CEST)\" (scheduled at 2026-09-03 01:16:27.305960+02:00)"}
{"timestamp": "2026-09-03T01:16:27", "level": "INFO", "component": "apscheduler.executors.default", "message": "Job \"poll_once (trigger: interval[0:00:10], next run at: 2026-09-03 01:16:37 CEST)\" executed successfully"}
{"timestamp": "2026-09-03T01:16:37", "level": "INFO", "component": "apscheduler.executors.default", "message": "Running job \"poll_once (trigger: interval[0:00:10], next run at: 2026-09-03 01:16:47 CEST)\" (scheduled at 2026-09-03 01:16:37.305960+02:00)"}
{"timestamp": "2026-09-03T01:16:37", "level": "INFO", "component": "apscheduler.executors.default", "message": "Job \"poll_once (trigger: interval[0:00:10], next run at: 2026-09-03 01:16:47 CEST)\" executed successfully"}
{"timestamp": "2026-09-03T01:16:47", "level": "INFO", "component": "apscheduler.executors.default", "message": "Running job \"poll_once (trigger: interval[0:00:10], next run at: 2026-09-03 01:16:57 CEST)\" (scheduled at 2026-09-03 01:16:47.305960+02:00)"}
{"timestamp": "2026-09-03T01:16:47", "level": "INFO", "component": "apscheduler.executors.default", "message": "Job \"poll_once (trigger: interval[0:00:10], next run at: 2026-09-03 01:16:57 CEST)\" executed successfully"}
{"timestamp": "2026-09-03T01:16:57", "level": "INFO", "component": "apscheduler.executors.default", "message": "Running job \"poll_once (trigger: interval[0:00:10], next run at: 2026-09-03 01:17:07 CEST)\" (scheduled at 2026-09-03 01:16:57.305960+02:00)"}
{"timestamp": "2026-09-03T01:16:57", "level": "INFO", "component": "apscheduler.executors.default", "message": "Running job \"_start_scheduler.<locals>.<lambda> (trigger: interval[0:00:45], next run at: 2026-09-03 01:17:42 CEST)\" (scheduled at 2026-09-03 01:16:57.306433+02:00)"}
{"timestamp": "2026-09-03T01:16:57", "level": "INFO", "component": "apscheduler.executors.default", "message": "Job \"poll_once (trigger: interval[0:00:10], next run at: 2026-09-03 01:17:07 CEST)\" executed successfully"}
{"timestamp": "2026-09-03T01:16:57", "level": "INFO", "component": "cv112_poller", "message": "Feed descargado: 47 incidentes activos", "correlation_id": "5ef2400b"}
{"timestamp": "2026-09-03T01:16:57", "level": "INFO", "component": "apscheduler.executors.default", "message": "Job \"_start_scheduler.<locals>.<lambda> (trigger: interval[0:00:45], next run at: 2026-09-03 01:17:42 CEST)\" executed successfully"}
{"timestamp": "2026-09-03T01:17:07", "level": "INFO", "component": "apscheduler.executors.default", "message": "Running job \"poll_once (trigger: interval[0:00:10], next run at: 2026-09-03 01:17:17 CEST)\" (scheduled at 2026-09-03 01:17:07.305960+02:00)"}
{"timestamp": "2026-09-03T01:17:07", "level": "INFO", "component": "apscheduler.executors.default", "message": "Job \"poll_once (trigger: interval[0:00:10], next run at: 2026-09-03 01:17:17 CEST)\" executed successfully"}
{"timestamp": "2026-09-03T01:17:17", "level": "INFO", "component": "apscheduler.executors.default", "message": "Running job \"poll_once (trigger: interval[0:00:10], next run at: 2026-09-03 01:17:27 CEST)\" (scheduled at 2026-09-03 01:17:17.305960+02:00)"}
{"timestamp": "2026-09-03T01:17:17", "level": "INFO", "component": "apscheduler.executors.default", "message": "Job \"poll_once (trigger: interval[0:00:10], next run at: 2026-09-03 01:17:27 CEST)\" executed successfully"}
{"timestamp": "2026-09-03T01:17:27", "level": "INFO", "component": "apscheduler.executors.default", "message": "Running job \"poll_once (trigger: interval[0:00:10], next run at: 2026-09-03 01:17:37 CEST)\" (scheduled at 2026-09-03 01:17:27.305960+02:00)"}
{"timestamp": "2026-09-03T01:17:27", "level": "INFO", "component": "apscheduler.executors.default", "message": "Job \"poll_once (trigger: interval[0:00:10], next run at: 2026-09-03 01:17:37 CEST)\" executed successfully"}
{"timestamp": "2026-09-03T01:17:37", "level": "INFO", "component": "apscheduler.executors.default", "message": "Running job \"poll_once (trigger: interval[0:00:10], next run at: 2026-09-03 01:17:47 CEST)\" (scheduled at 2026-09-03 01:17:37.305960+02:00)"}
{"timestamp": "2026-09-03T01:17:37", "level": "INFO", "component": "apscheduler.executors.default", "message": "Job \"poll_once (trigger: interval[0:00:10], next run at: 2026-09-03 01:17:47 CEST)\" executed successfully"}
{"timestamp": "2026-09-03T01:17:42", "level": "INFO", "component": "apscheduler.executors.default", "message": "Running job \"_start_scheduler.<locals>.<lambda> (trigger: interval[0:00:45], next run at: 2026-09-03 01:18:27 CEST)\" (scheduled at 2026-09-03 01:17:42.306433+02:00)"}
{"timestamp": "2026-09-03T01:17:42", "level": "INFO", "component": "cv112_poller", "message": "Feed descargado: 47 incidentes activos", "correlation_id": "b1377328"}
{"timestamp": "2026-09-03T01:17:42", "level": "INFO", "component": "apscheduler.executors.default", "message": "Job \"_start_scheduler.<locals>.<lambda> (trigger: interval[0:00:45], next run at: 2026-09-03 01:18:27 CEST)\" executed successfully"}
{"timestamp": "2026-09-03T01:17:47", "level": "INFO", "component": "apscheduler.executors.default", "message": "Running job \"poll_once (trigger: interval[0:00:10], next run at: 2026-09-03 01:17:57 CEST)\" (scheduled at 2026-09-03 01:17:47.305960+02:00)"}
{"timestamp": "2026-09-03T01:17:47", "level": "INFO", "component": "apscheduler.executors.default", "message": "Job \"poll_once (trigger: interval[0:00:10], next run at: 2026-09-03 01:17:57 CEST)\" executed successfully"}
{"timestamp": "2026-09-03T01:17:57", "level": "INFO", "component": "apscheduler.executors.default", "message": "Running job \"poll_once (trigger: interval[0:00:10], next run at: 2026-09-03 01:18:07 CEST)\" (scheduled at 2026-09-03 01:17:57.305960+02:00)"}
{"timestamp": "2026-09-03T01:17:57", "level": "INFO", "component": "apscheduler.executors.default", "message": "Job \"poll_once (trigger: interval[0:00:10], next run at: 2026-09-03 01:18:07 CEST)\" executed successfully"}
{"timestamp": "2026-09-03T01:18:07", "level": "INFO", "component": "apscheduler.executors.default", "message": "Running job \"poll_once (trigger: interval[0:00:10], next run at: 2026-09-03 01:18:17 CEST)\" (scheduled at 2026-09-03 01:18:07.305960+02:00)"}
{"timestamp": "2026-09-03T01:18:07", "level": "INFO", "component": "apscheduler.executors.default", "message": "Job \"poll_once (trigger: interval[0:00:10], next run at: 2026-09-03 01:18:17 CEST)\" executed successfully"}
{"timestamp": "2026-09-03T01:18:17", "level": "INFO", "component": "apscheduler.executors.default", "message": "Running job \"poll_once (trigger: interval[0:00:10], next run at: 2026-09-03 01:18:27 CEST)\" (scheduled at 2026-09-03 01:18:17.305960+02:00)"}
{"timestamp": "2026-09-03T01:18:17", "level": "INFO", "component": "apscheduler.executors.default", "message": "Job \"poll_once (trigger: interval[0:00:10], next run at: 2026-09-03 01:18:27 CEST)\" executed successfully"}
{"timestamp": "2026-09-03T01:18:27", "level": "INFO", "component": "apscheduler.executors.default", "message": "Running job \"poll_once (trigger: interval[0:00:10], next run at: 2026-09-03 01:18:37 CEST)\" (scheduled at 2026-09-03 01:18:27.305960+02:00)"}
{"timestamp": "2026-09-03T01:18:27", "level": "INFO", "component": "apscheduler.executors.default", "message": "Running job \"_start_scheduler.<locals>.<lambda> (trigger: interval[0:00:45], next run at: 2026-09-03 01:19:12 CEST)\" (scheduled at 2026-09-03 01:18:27.306433+02:00)"}
{"timestamp": "2026-09-03T01:18:27", "level": "INFO", "component": "apscheduler.executors.default", "message": "Job \"poll_once (trigger: interval[0:00:10], next run at: 2026-09-03 01:18:37 CEST)\" executed successfully"}
{"timestamp": "2026-09-03T01:18:27", "level": "INFO", "component": "cv112_poller", "message": "Feed descargado: 47 incidentes activos", "correlation_id": "b862296b"}
{"timestamp": "2026-09-03T01:18:27", "level": "INFO", "component": "apscheduler.executors.default", "message": "Job \"_start_scheduler.<locals>.<lambda> (trigger: interval[0:00:45], next run at: 2026-09-03 01:19:12 CEST)\" executed successfully"}
{"timestamp": "2026-09-03T01:18:37", "level": "INFO", "component": "apscheduler.executors.default", "message": "Running job \"poll_once (trigger: interval[0:00:10], next run at: 2026-09-03 01:18:47 CEST)\" (scheduled at 2026-09-03 01:18:37.305960+02:00)"}
{"timestamp": "2026-09-03T01:18:37", "level": "INFO", "component": "apscheduler.executors.default", "message": "Job \"poll_once (trigger: interval[0:00:10], next run at: 2026-09-03 01:18:47 CEST)\" executed successfully"}
{"timestamp": "2026-09-03T01:18:47", "level": "INFO", "component": "apscheduler.executors.default", "message": "Running job \"poll_once (trigger: interval[0:00:10], next run at: 2026-09-03 01:18:57 CEST)\" (scheduled at 2026-09-03 01:18:47.305960+02:00)"}
{"timestamp": "2026-09-03T01:18:47", "level": "INFO", "component": "apscheduler.executors.default", "message": "Job \"poll_once (trigger: interval[0:00:10], next run at: 2026-09-03 01:18:57 CEST)\" executed successfully"}
{"timestamp": "2026-09-03T01:18:57", "level": "INFO", "component": "apscheduler.executors.default", "message": "Running job \"poll_once (trigger: interval[0:00:10], next run at: 2026-09-03 01:19:07 CEST)\" (scheduled at 2026-09-03 01:18:57.305960+02:00)"}
{"timestamp": "2026-09-03T01:18:57", "level": "INFO", "component": "apscheduler.executors.default", "message": "Job \"poll_once (trigger: interval[0:00:10], next run at: 2026-09-03 01:19:07 CEST)\" executed successfully"}
{"timestamp": "2026-09-03T01:19:07", "level": "INFO", "component": "apscheduler.executors.default", "message": "Running job \"poll_once (trigger: interval[0:00:10], next run at: 2026-09-03 01:19:17 CEST)\" (scheduled at 2026-09-03 01:19:07.305960+02:00)"}
{"timestamp": "2026-09-03T01:19:07", "level": "INFO", "component": "apscheduler.executors.default", "message": "Job \"poll_once (trigger: interval[0:00:10], next run at: 2026-09-03 01:19:17 CEST)\" executed successfully"}
{"timestamp": "2026-09-03T01:19:12", "level": "INFO", "component": "apscheduler.executors.default", "message": "Running job \"_start_scheduler.<locals>.<lambda> (trigger: interval[0:00:45], next run at: 2026-09-03 01:19:57 CEST)\" (scheduled at 2026-09-03 01:19:12.306433+02:00)"}
{"timestamp": "2026-09-03T01:19:12", "level": "INFO", "component": "cv112_poller", "message": "Feed descargado: 47 incidentes activos", "correlation_id": "f8341449"}
{"timestamp": "2026-09-03T01:19:12", "level": "INFO", "component": "apscheduler.executors.default", "message": "Job \"_start_scheduler.<locals>.<lambda> (trigger: interval[0:00:45], next run at: 2026-09-03 01:19:57 CEST)\" executed successfully"}
{"timestamp": "2026-09-03T01:19:17", "level": "INFO", "component": "apscheduler.executors.default", "message": "Running job \"poll_once (trigger: interval[0:00:10], next run at: 2026-09-03 01:19:27 CEST)\" (scheduled at 2026-09-03 01:19:17.305960+02:00)"}
{"timestamp": "2026-09-03T01:19:17", "level": "INFO", "component": "apscheduler.executors.default", "message": "Job \"poll_once (trigger: interval[0:00:10], next run at: 2026-09-03 01:19:27 CEST)\" executed successfully"}
{"timestamp": "2026-09-03T01:19:27", "level": "INFO", "component": "apscheduler.executors.default", "message": "Running job \"poll_once (trigger: interval[0:00:10], next run at: 2026-09-03 01:19:37 CEST)\" (scheduled at 2026-09-03 01:19:27.305960+02:00)"}
{"timestamp": "2026-09-03T01:19:27", "level": "INFO", "component": "apscheduler.executors.default", "message": "Job \"poll_once (trigger: interval[0:00:10], next run at: 2026-09-03 01:19:37 CEST)\" executed successfully"}
{"timestamp": "2026-09-03T01:19:37", "level": "INFO", "component": "apscheduler.executors.default", "message": "Running job \"poll_once (trigger: interval[0:00:10], next run at: 2026-09-03 01:19:47 CEST)\" (scheduled at 2026-09-03 01:19:37.305960+02:00)"}
{"timestamp": "2026-09-03T01:19:37", "level": "INFO", "component": "apscheduler.executors.default", "message": "Job \"poll_once (trigger: interval[0:00:10], next run at: 2026-09-03 01:19:47 CEST)\" executed successfully"}
{"timestamp": "2026-09-03T01:19:47", "level": "INFO", "component": "apscheduler.executors.default", "message": "Running job \"poll_once (trigger: interval[0:00:10], next run at: 2026-09-03 01:19:57 CEST)\" (scheduled at 2026-09-03 01:19:47.305960+02:00)"}
{"timestamp": "2026-09-03T01:19:47", "level": "INFO", "component": "apscheduler.executors.default", "message": "Job \"poll_once (trigger: interval[0:00:10], next run at: 2026-09-03 01:19:57 CEST)\" executed successfully"}
{"timestamp": "2026-09-03T01:19:57", "level": "INFO", "component": "apscheduler.executors.default", "message": "Running job \"poll_once (trigger: interval[0:00:10], next run at: 2026-09-03 01:20:07 CEST)\" (scheduled at 2026-09-03 01:19:57.305960+02:00)"}
{"timestamp": "2026-09-03T01:19:57", "level": "INFO", "component": "apscheduler.executors.default", "message": "Running job \"_start_scheduler.<locals>.<lambda> (trigger: interval[0:00:45], next run at: 2026-09-03 01:20:42 CEST)\" (scheduled at 2026-09-03 01:19:57.306433+02:00)"}
{"timestamp": "2026-09-03T01:19:57", "level": "INFO", "component": "apscheduler.executors.default", "message": "Job \"poll_once (trigger: interval[0:00:10], next run at: 2026-09-03 01:20:07 CEST)\" executed successfully"}
{"timestamp": "2026-09-03T01:19:57", "level": "INFO", "component": "cv112_poller", "message": "Feed descargado: 47 incidentes activos", "correlation_id": "bd417f77"}
{"timestamp": "2026-09-03T01:19:57", "level": "INFO", "component": "apscheduler.executors.default", "message": "Job \"_start_scheduler.<locals>.<lambda> (trigger: interval[0:00:45], next run at: 2026-09-03 01:20:42 CEST)\" executed successfully"}
{"timestamp": "2026-09-03T01:20:07", "level": "INFO", "component": "apscheduler.executors.default", "message": "Running job \"poll_once (trigger: interval[0:00:10], next run at: 2026-09-03 01:20:17 CEST)\" (scheduled at 2026-09-03 01:20:07.305960+02:00)"}
{"timestamp": "2026-09-03T01:20:07", "level": "INFO", "component": "apscheduler.executors.default", "message": "Job \"poll_once (trigger: interval[0:00:10], next run at: 2026-09-03 01:20:17 CEST)\" executed successfully"}
{"timestamp": "2026-09-03T01:20:17", "level": "INFO", "component": "apscheduler.executors.default", "message": "Running job \"poll_once (trigger: interval[0:00:10], next run at: 2026-09-03 01:20:27 CEST)\" (scheduled at 2026-09-03 01:20:17.305960+02:00)"}
{"timestamp": "2026-09-03T01:20:17", "level": "INFO", "component": "apscheduler.executors.default", "message": "Job \"poll_once (trigger: interval[0:00:10], next run at: 2026-09-03 01:20:27 CEST)\" executed successfully"}
{"timestamp": "2026-09-03T01:20:27", "level": "INFO", "component": "apscheduler.executors.default", "message": "Running job \"poll_once (trigger: interval[0:00:10], next run at: 2026-09-03 01:20:37 CEST)\" (scheduled at 2026-09-03 01:20:27.305960+02:00)"}
{"timestamp": "2026-09-03T01:20:27", "level": "INFO", "component": "apscheduler.executors.default", "message": "Job \"poll_once (trigger: interval[0:00:10], next run at: 2026-09-03 01:20:37 CEST)\" executed successfully"}
{"timestamp": "2026-09-03T01:20:37", "level": "INFO", "component": "apscheduler.executors.default", "message": "Running job \"poll_once (trigger: interval[0:00:10], next run at: 2026-09-03 01:20:47 CEST)\" (scheduled at 2026-09-03 01:20:37.305960+02:00)"}
{"timestamp": "2026-09-03T01:20:37", "level": "INFO", "component": "apscheduler.executors.default", "message": "Job \"poll_once (trigger: interval[0:00:10], next run at: 2026-09-03 01:20:47 CEST)\" executed successfully"}
{"timestamp": "2026-09-03T01:20:42", "level": "INFO", "component": "apscheduler.executors.default", "message": "Running job \"_start_scheduler.<locals>.<lambda> (trigger: interval[0:00:45], next run at: 2026-09-03 01:21:27 CEST)\" (scheduled at 2026-09-03 01:20:42.306433+02:00)"}
{"timestamp": "2026-09-03T01:20:42", "level": "INFO", "component": "cv112_poller", "message": "Feed descargado: 47 incidentes activos", "correlation_id": "4e39b3e9"}
{"timestamp": "2026-09-03T01:20:42", "level": "INFO", "component": "apscheduler.executors.default", "message": "Job \"_start_scheduler.<locals>.<lambda> (trigger: interval[0:00:45], next run at: 2026-09-03 01:21:27 CEST)\" executed successfully"}
{"timestamp": "2026-09-03T01:20:47", "level": "INFO", "component": "apscheduler.executors.default", "message": "Running job \"poll_once (trigger: interval[0:00:10], next run at: 2026-09-03 01:20:57 CEST)\" (scheduled at 2026-09-03 01:20:47.305960+02:00)"}
{"timestamp": "2026-09-03T01:20:47", "level": "INFO", "component": "apscheduler.executors.default", "message": "Job \"poll_once (trigger: interval[0:00:10], next run at: 2026-09-03 01:20:57 CEST)\" executed successfully"}
{"timestamp": "2026-09-03T01:20:57", "level": "INFO", "component": "apscheduler.executors.default", "message": "Running job \"poll_once (trigger: interval[0:00:10], next run at: 2026-09-03 01:21:07 CEST)\" (scheduled at 2026-09-03 01:20:57.305960+02:00)"}
{"timestamp": "2026-09-03T01:20:57", "level": "INFO", "component": "apscheduler.executors.default", "message": "Job \"poll_once (trigger: interval[0:00:10], next run at: 2026-09-03 01:21:07 CEST)\" executed successfully"}
{"timestamp": "2026-09-03T01:21:07", "level": "INFO", "component": "apscheduler.executors.default", "message": "Running job \"poll_once (trigger: interval[0:00:10], next run at: 2026-09-03 01:21:17 CEST)\" (scheduled at 2026-09-03 01:21:07.305960+02:00)"}
{"timestamp": "2026-09-03T01:21:07", "level": "INFO", "component": "apscheduler.executors.default", "message": "Job \"poll_once (trigger: interval[0:00:10], next run at: 2026-09-03 01:21:17 CEST)\" executed successfully"}
{"timestamp": "2026-09-03T01:21:17", "level": "INFO", "component": "apscheduler.executors.default", "message": "Running job \"poll_once (trigger: interval[0:00:10], next run at: 2026-09-03 01:21:27 CEST)\" (scheduled at 2026-09-03 01:21:17.305960+02:00)"}
{"timestamp": "2026-09-03T01:21:17", "level": "INFO", "component": "apscheduler.executors.default", "message": "Job \"poll_once (trigger: interval[0:00:10], next run at: 2026-09-03 01:21:27 CEST)\" executed successfully"}
{"timestamp": "2026-09-03T01:21:27", "level": "INFO", "component": "apscheduler.executors.default", "message": "Running job \"poll_once (trigger: interval[0:00:10], next run at: 2026-09-03 01:21:37 CEST)\" (scheduled at 2026-09-03 01:21:27.305960+02:00)"}
{"timestamp": "2026-09-03T01:21:27", "level": "INFO", "component": "apscheduler.executors.default", "message": "Running job \"_start_scheduler.<locals>.<lambda> (trigger: interval[0:00:45], next run at: 2026-09-03 01:22:12 CEST)\" (scheduled at 2026-09-03 01:21:27.306433+02:00)"}
{"timestamp": "2026-09-03T01:21:27", "level": "INFO", "component": "apscheduler.executors.default", "message": "Job \"poll_once (trigger: interval[0:00:10], next run at: 2026-09-03 01:21:37 CEST)\" executed successfully"}
{"timestamp": "2026-09-03T01:21:27", "level": "INFO", "component": "cv112_poller", "message": "Feed descargado: 47 incidentes activos", "correlation_id": "451574d8"}
{"timestamp": "2026-09-03T01:21:27", "level": "INFO", "component": "apscheduler.executors.default", "message": "Job \"_start_scheduler.<locals>.<lambda> (trigger: interval[0:00:45], next run at: 2026-09-03 01:22:12 CEST)\" executed successfully"}
{"timestamp": "2026-09-03T01:21:37", "level": "INFO", "component": "apscheduler.executors.default", "message": "Running job \"poll_once (trigger: interval[0:00:10], next run at: 2026-09-03 01:21:47 CEST)\" (scheduled at 2026-09-03 01:21:37.305960+02:00)"}
{"timestamp": "2026-09-03T01:21:37", "level": "INFO", "component": "apscheduler.executors.default", "message": "Job \"poll_once (trigger: interval[0:00:10], next run at: 2026-09-03 01:21:47 CEST)\" executed successfully"}
{"timestamp": "2026-09-03T01:21:47", "level": "INFO", "component": "apscheduler.executors.default", "message": "Running job \"poll_once (trigger: interval[0:00:10], next run at: 2026-09-03 01:21:57 CEST)\" (scheduled at 2026-09-03 01:21:47.305960+02:00)"}
{"timestamp": "2026-09-03T01:21:47", "level": "INFO", "component": "apscheduler.executors.default", "message": "Job \"poll_once (trigger: interval[0:00:10], next run at: 2026-09-03 01:21:57 CEST)\" executed successfully"}
{"timestamp": "2026-09-03T01:21:57", "level": "INFO", "component": "apscheduler.executors.default", "message": "Running job \"poll_once (trigger: interval[0:00:10], next run at: 2026-09-03 01:22:07 CEST)\" (scheduled at 2026-09-03 01:21:57.305960+02:00)"}
{"timestamp": "2026-09-03T01:21:57", "level": "INFO", "component": "apscheduler.executors.default", "message": "Job \"poll_once (trigger: interval[0:00:10], next run at: 2026-09-03 01:22:07 CEST)\" executed successfully"}
{"timestamp": "2026-09-03T01:22:07", "level": "INFO", "component": "apscheduler.executors.default", "message": "Running job \"poll_once (trigger: interval[0:00:10], next run at: 2026-09-03 01:22:17 CEST)\" (scheduled at 2026-09-03 01:22:07.305960+02:00)"}
{"timestamp": "2026-09-03T01:22:07", "level": "INFO", "component": "apscheduler.executors.default", "message": "Job \"poll_once (trigger: interval[0:00:10], next run at: 2026-09-03 01:22:17 CEST)\" executed successfully"}
{"timestamp": "2026-09-03T01:22:12", "level": "INFO", "component": "apscheduler.executors.default", "message": "Running job \"_start_scheduler.<locals>.<lambda> (trigger: interval[0:00:45], next run at: 2026-09-03 01:22:57 CEST)\" (scheduled at 2026-09-03 01:22:12.306433+02:00)"}
{"timestamp": "2026-09-03T01:22:12", "level": "INFO", "component": "cv112_poller", "message": "Feed descargado: 47 incidentes activos", "correlation_id": "223fffc6"}
{"timestamp": "2026-09-03T01:22:12", "level": "INFO", "component": "apscheduler.executors.default", "message": "Job \"_start_scheduler.<locals>.<lambda> (trigger: interval[0:00:45], next run at: 2026-09-03 01:22:57 CEST)\" executed successfully"}
{"timestamp": "2026-09-03T01:22:17", "level": "INFO", "component": "apscheduler.executors.default", "message": "Running job \"poll_once (trigger: interval[0:00:10], next run at: 2026-09-03 01:22:27 CEST)\" (scheduled at 2026-09-03 01:22:17.305960+02:00)"}
{"timestamp": "2026-09-03T01:22:17", "level": "INFO", "component": "apscheduler.executors.default", "message": "Job \"poll_once (trigger: interval[0:00:10], next run at: 2026-09-03 01:22:27 CEST)\" executed successfully"}
{"timestamp": "2026-09-03T01:22:27", "level": "INFO", "component": "apscheduler.executors.default", "message": "Running job \"poll_once (trigger: interval[0:00:10], next run at: 2026-09-03 01:22:37 CEST)\" (scheduled at 2026-09-03 01:22:27.305960+02:00)"}
{"timestamp": "2026-09-03T01:22:27", "level": "INFO", "component": "apscheduler.executors.default", "message": "Job \"poll_once (trigger: interval[0:00:10], next run at: 2026-09-03 01:22:37 CEST)\" executed successfully"}
{"timestamp": "2026-09-03T01:22:37", "level": "INFO", "component": "apscheduler.executors.default", "message": "Running job \"poll_once (trigger: interval[0:00:10], next run at: 2026-09-03 01:22:47 CEST)\" (scheduled at 2026-09-03 01:22:37.305960+02:00)"}
{"timestamp": "2026-09-03T01:22:37", "level": "INFO", "component": "apscheduler.executors.default", "message": "Job \"poll_once (trigger: interval[0:00:10], next run at: 2026-09-03 01:22:47 CEST)\" executed successfully"}
{"timestamp": "2026-09-03T01:22:47", "level": "INFO", "component": "apscheduler.executors.default", "message": "Running job \"poll_once (trigger: interval[0:00:10], next run at: 2026-09-03 01:22:57 CEST)\" (scheduled at 2026-09-03 01:22:47.305960+02:00)"}
{"timestamp": "2026-09-03T01:22:47", "level": "INFO", "component": "apscheduler.executors.default", "message": "Job \"poll_once (trigger: interval[0:00:10], next run at: 2026-09-03 01:22:57 CEST)\" executed successfully"}
{"timestamp": "2026-09-03T01:22:57", "level": "INFO", "component": "apscheduler.executors.default", "message": "Running job \"poll_once (trigger: interval[0:00:10], next run at: 2026-09-03 01:23:07 CEST)\" (scheduled at 2026-09-03 01:22:57.305960+02:00)"}
{"timestamp": "2026-09-03T01:22:57", "level": "INFO", "component": "apscheduler.executors.default", "message": "Running job \"_start_scheduler.<locals>.<lambda> (trigger: interval[0:00:45], next run at: 2026-09-03 01:23:42 CEST)\" (scheduled at 2026-09-03 01:22:57.306433+02:00)"}
{"timestamp": "2026-09-03T01:22:57", "level": "INFO", "component": "apscheduler.executors.default", "message": "Job \"poll_once (trigger: interval[0:00:10], next run at: 2026-09-03 01:23:07 CEST)\" executed successfully"}
{"timestamp": "2026-09-03T01:22:57", "level": "INFO", "component": "cv112_poller", "message": "Feed descargado: 47 incidentes activos", "correlation_id": "1b9e958d"}
{"timestamp": "2026-09-03T01:22:57", "level": "INFO", "component": "apscheduler.executors.default", "message": "Job \"_start_scheduler.<locals>.<lambda> (trigger: interval[0:00:45], next run at: 2026-09-03 01:23:42 CEST)\" executed successfully"}
{"timestamp": "2026-09-03T01:23:07", "level": "INFO", "component": "apscheduler.executors.default", "message": "Running job \"poll_once (trigger: interval[0:00:10], next run at: 2026-09-03 01:23:17 CEST)\" (scheduled at 2026-09-03 01:23:07.305960+02:00)"}
{"timestamp": "2026-09-03T01:23:07", "level": "INFO", "component": "apscheduler.executors.default", "message": "Job \"poll_once (trigger: interval[0:00:10], next run at: 2026-09-03 01:23:17 CEST)\" executed successfully"}
{"timestamp": "2026-09-03T01:23:17", "level": "INFO", "component": "apscheduler.executors.default", "message": "Running job \"poll_once (trigger: interval[0:00:10], next run at: 2026-09-03 01:23:27 CEST)\" (scheduled at 2026-09-03 01:23:17.305960+02:00)"}
{"timestamp": "2026-09-03T01:23:17", "level": "INFO", "component": "apscheduler.executors.default", "message": "Job \"poll_once (trigger: interval[0:00:10], next run at: 2026-09-03 01:23:27 CEST)\" executed successfully"}
{"timestamp": "2026-09-03T01:23:27", "level": "INFO", "component": "apscheduler.executors.default", "message": "Running job \"poll_once (trigger: interval[0:00:10], next run at: 2026-09-03 01:23:37 CEST)\" (scheduled at 2026-09-03 01:23:27.305960+02:00)"}
{"timestamp": "2026-09-03T01:23:27", "level": "INFO", "component": "apscheduler.executors.default", "message": "Job \"poll_once (trigger: interval[0:00:10], next run at: 2026-09-03 01:23:37 CEST)\" executed successfully"}
{"timestamp": "2026-09-03T01:23:37", "level": "INFO", "component": "apscheduler.executors.default", "message": "Running job \"poll_once (trigger: interval[0:00:10], next run at: 2026-09-03 01:23:47 CEST)\" (scheduled at 2026-09-03 01:23:37.305960+02:00)"}
{"timestamp": "2026-09-03T01:23:37", "level": "INFO", "component": "apscheduler.executors.default", "message": "Job \"poll_once (trigger: interval[0:00:10], next run at: 2026-09-03 01:23:47 CEST)\" executed successfully"}
{"timestamp": "2026-09-03T01:23:42", "level": "INFO", "component": "apscheduler.executors.default", "message": "Running job \"_start_scheduler.<locals>.<lambda> (trigger: interval[0:00:45], next run at: 2026-09-03 01:24:27 CEST)\" (scheduled at 2026-09-03 01:23:42.306433+02:00)"}
{"timestamp": "2026-09-03T01:23:42", "level": "INFO", "component": "cv112_poller", "message": "Feed descargado: 47 incidentes activos", "correlation_id": "01254404"}
{"timestamp": "2026-09-03T01:23:42", "level": "INFO", "component": "apscheduler.executors.default", "message": "Job \"_start_scheduler.<locals>.<lambda> (trigger: interval[0:00:45], next run at: 2026-09-03 01:24:27 CEST)\" executed successfully"}
{"timestamp": "2026-09-03T01:23:47", "level": "INFO", "component": "apscheduler.executors.default", "message": "Running job \"poll_once (trigger: interval[0:00:10], next run at: 2026-09-03 01:23:57 CEST)\" (scheduled at 2026-09-03 01:23:47.305960+02:00)"}
{"timestamp": "2026-09-03T01:23:47", "level": "INFO", "component": "apscheduler.executors.default", "message": "Job \"poll_once (trigger: interval[0:00:10], next run at: 2026-09-03 01:23:57 CEST)\" executed successfully"}
{"timestamp": "2026-09-03T01:23:57", "level": "INFO", "component": "apscheduler.executors.default", "message": "Running job \"poll_once (trigger: interval[0:00:10], next run at: 2026-09-03 01:24:07 CEST)\" (scheduled at 2026-09-03 01:23:57.305960+02:00)"}
{"timestamp": "2026-09-03T01:23:57", "level": "INFO", "component": "apscheduler.executors.default", "message": "Job \"poll_once (trigger: interval[0:00:10], next run at: 2026-09-03 01:24:07 CEST)\" executed successfully"}
{"timestamp": "2026-09-03T01:24:07", "level": "INFO", "component": "apscheduler.executors.default", "message": "Running job \"poll_once (trigger: interval[0:00:10], next run at: 2026-09-03 01:24:17 CEST)\" (scheduled at 2026-09-03 01:24:07.305960+02:00)"}
{"timestamp": "2026-09-03T01:24:07", "level": "INFO", "component": "apscheduler.executors.default", "message": "Job \"poll_once (trigger: interval[0:00:10], next run at: 2026-09-03 01:24:17 CEST)\" executed successfully"}
{"timestamp": "2026-09-03T01:24:17", "level": "INFO", "component": "apscheduler.executors.default", "message": "Running job \"poll_once (trigger: interval[0:00:10], next run at: 2026-09-03 01:24:27 CEST)\" (scheduled at 2026-09-03 01:24:17.305960+02:00)"}
{"timestamp": "2026-09-03T01:24:17", "level": "INFO", "component": "apscheduler.executors.default", "message": "Job \"poll_once (trigger: interval[0:00:10], next run at: 2026-09-03 01:24:27 CEST)\" executed successfully"}
{"timestamp": "2026-09-03T01:24:27", "level": "INFO", "component": "apscheduler.executors.default", "message": "Running job \"poll_once (trigger: interval[0:00:10], next run at: 2026-09-03 01:24:37 CEST)\" (scheduled at 2026-09-03 01:24:27.305960+02:00)"}
{"timestamp": "2026-09-03T01:24:27", "level": "INFO", "component": "apscheduler.executors.default", "message": "Running job \"_start_scheduler.<locals>.<lambda> (trigger: interval[0:00:45], next run at: 2026-09-03 01:25:12 CEST)\" (scheduled at 2026-09-03 01:24:27.306433+02:00)"}
{"timestamp": "2026-09-03T01:24:27", "level": "INFO", "component": "apscheduler.executors.default", "message": "Job \"poll_once (trigger: interval[0:00:10], next run at: 2026-09-03 01:24:37 CEST)\" executed successfully"}
{"timestamp": "2026-09-03T01:24:27", "level": "INFO", "component": "cv112_poller", "message": "Feed descargado: 47 incidentes activos", "correlation_id": "a398430f"}
{"timestamp": "2026-09-03T01:24:27", "level": "INFO", "component": "apscheduler.executors.default", "message": "Job \"_start_scheduler.<locals>.<lambda> (trigger: interval[0:00:45], next run at: 2026-09-03 01:25:12 CEST)\" executed successfully"}
{"timestamp": "2026-09-03T01:24:37", "level": "INFO", "component": "apscheduler.executors.default", "message": "Running job \"poll_once (trigger: interval[0:00:10], next run at: 2026-09-03 01:24:47 CEST)\" (scheduled at 2026-09-03 01:24:37.305960+02:00)"}
{"timestamp": "2026-09-03T01:24:37", "level": "INFO", "component": "apscheduler.executors.default", "message": "Job \"poll_once (trigger: interval[0:00:10], next run at: 2026-09-03 01:24:47 CEST)\" executed successfully"}
{"timestamp": "2026-09-03T01:24:47", "level": "INFO", "component": "apscheduler.executors.default", "message": "Running job \"poll_once (trigger: interval[0:00:10], next run at: 2026-09-03 01:24:57 CEST)\" (scheduled at 2026-09-03 01:24:47.305960+02:00)"}
{"timestamp": "2026-09-03T01:24:47", "level": "INFO", "component": "apscheduler.executors.default", "message": "Job \"poll_once (trigger: interval[0:00:10], next run at: 2026-09-03 01:24:57 CEST)\" executed successfully"}
{"timestamp": "2026-09-03T01:41:02", "level": "WARNING", "component": "apscheduler.executors.default", "message": "Run time of job \"poll_once (trigger: interval[0:00:10], next run at: 2026-09-03 01:41:07 CEST)\" was missed by 0:00:05.222878"}
{"timestamp": "2026-09-03T01:41:02", "level": "WARNING", "component": "apscheduler.executors.default", "message": "Run time of job \"_start_scheduler.<locals>.<lambda> (trigger: interval[0:00:45], next run at: 2026-09-03 01:41:42 CEST)\" was missed by 0:00:05.222736"}
{"timestamp": "2026-09-03T01:41:07", "level": "INFO", "component": "apscheduler.executors.default", "message": "Running job \"poll_once (trigger: interval[0:00:10], next run at: 2026-09-03 01:41:17 CEST)\" (scheduled at 2026-09-03 01:41:07.305960+02:00)"}
{"timestamp": "2026-09-03T01:41:07", "level": "INFO", "component": "apscheduler.executors.default", "message": "Job \"poll_once (trigger: interval[0:00:10], next run at: 2026-09-03 01:41:17 CEST)\" executed successfully"}
{"timestamp": "2026-09-03T01:41:17", "level": "INFO", "component": "apscheduler.executors.default", "message": "Running job \"poll_once (trigger: interval[0:00:10], next run at: 2026-09-03 01:41:27 CEST)\" (scheduled at 2026-09-03 01:41:17.305960+02:00)"}
{"timestamp": "2026-09-03T01:41:17", "level": "INFO", "component": "apscheduler.executors.default", "message": "Job \"poll_once (trigger: interval[0:00:10], next run at: 2026-09-03 01:41:27 CEST)\" executed successfully"}
{"timestamp": "2026-09-03T01:41:27", "level": "INFO", "component": "apscheduler.executors.default", "message": "Running job \"poll_once (trigger: interval[0:00:10], next run at: 2026-09-03 01:41:37 CEST)\" (scheduled at 2026-09-03 01:41:27.305960+02:00)"}
{"timestamp": "2026-09-03T01:41:27", "level": "INFO", "component": "apscheduler.executors.default", "message": "Job \"poll_once (trigger: interval[0:00:10], next run at: 2026-09-03 01:41:37 CEST)\" executed successfully"}
{"timestamp": "2026-09-03T01:41:37", "level": "INFO", "component": "apscheduler.executors.default", "message": "Running job \"poll_once (trigger: interval[0:00:10], next run at: 2026-09-03 01:41:47 CEST)\" (scheduled at 2026-09-03 01:41:37.305960+02:00)"}
{"timestamp": "2026-09-03T01:41:37", "level": "INFO", "component": "apscheduler.executors.default", "message": "Job \"poll_once (trigger: interval[0:00:10], next run at: 2026-09-03 01:41:47 CEST)\" executed successfully"}
{"timestamp": "2026-09-03T01:41:42", "level": "INFO", "component": "apscheduler.executors.default", "message": "Running job \"_start_scheduler.<locals>.<lambda> (trigger: interval[0:00:45], next run at: 2026-09-03 01:42:27 CEST)\" (scheduled at 2026-09-03 01:41:42.306433+02:00)"}
{"timestamp": "2026-09-03T01:41:42", "level": "INFO", "component": "cv112_poller", "message": "Feed descargado: 47 incidentes activos", "correlation_id": "8e13d4f1"}
{"timestamp": "2026-09-03T01:41:42", "level": "INFO", "component": "apscheduler.executors.default", "message": "Job \"_start_scheduler.<locals>.<lambda> (trigger: interval[0:00:45], next run at: 2026-09-03 01:42:27 CEST)\" executed successfully"}
{"timestamp": "2026-09-03T01:41:47", "level": "INFO", "component": "apscheduler.executors.default", "message": "Running job \"poll_once (trigger: interval[0:00:10], next run at: 2026-09-03 01:41:57 CEST)\" (scheduled at 2026-09-03 01:41:47.305960+02:00)"}
{"timestamp": "2026-09-03T01:41:47", "level": "INFO", "component": "apscheduler.executors.default", "message": "Job \"poll_once (trigger: interval[0:00:10], next run at: 2026-09-03 01:41:57 CEST)\" executed successfully"}
{"timestamp": "2026-09-03T01:41:57", "level": "INFO", "component": "apscheduler.executors.default", "message": "Running job \"poll_once (trigger: interval[0:00:10], next run at: 2026-09-03 01:42:07 CEST)\" (scheduled at 2026-09-03 01:41:57.305960+02:00)"}
{"timestamp": "2026-09-03T01:41:57", "level": "INFO", "component": "apscheduler.executors.default", "message": "Job \"poll_once (trigger: interval[0:00:10], next run at: 2026-09-03 01:42:07 CEST)\" executed successfully"}
{"timestamp": "2026-09-03T01:42:07", "level": "INFO", "component": "apscheduler.executors.default", "message": "Running job \"poll_once (trigger: interval[0:00:10], next run at: 2026-09-03 01:42:17 CEST)\" (scheduled at 2026-09-03 01:42:07.305960+02:00)"}
{"timestamp": "2026-09-03T01:42:07", "level": "INFO", "component": "apscheduler.executors.default", "message": "Job \"poll_once (trigger: interval[0:00:10], next run at: 2026-09-03 01:42:17 CEST)\" executed successfully"}
{"timestamp": "2026-09-03T01:42:17", "level": "INFO", "component": "apscheduler.executors.default", "message": "Running job \"poll_once (trigger: interval[0:00:10], next run at: 2026-09-03 01:42:27 CEST)\" (scheduled at 2026-09-03 01:42:17.305960+02:00)"}
{"timestamp": "2026-09-03T01:42:17", "level": "INFO", "component": "apscheduler.executors.default", "message": "Job \"poll_once (trigger: interval[0:00:10], next run at: 2026-09-03 01:42:27 CEST)\" executed successfully"}
{"timestamp": "2026-09-03T01:42:27", "level": "INFO", "component": "apscheduler.executors.default", "message": "Running job \"poll_once (trigger: interval[0:00:10], next run at: 2026-09-03 01:42:37 CEST)\" (scheduled at 2026-09-03 01:42:27.305960+02:00)"}
{"timestamp": "2026-09-03T01:42:27", "level": "INFO", "component": "apscheduler.executors.default", "message": "Running job \"_start_scheduler.<locals>.<lambda> (trigger: interval[0:00:45], next run at: 2026-09-03 01:43:12 CEST)\" (scheduled at 2026-09-03 01:42:27.306433+02:00)"}
{"timestamp": "2026-09-03T01:42:27", "level": "INFO", "component": "apscheduler.executors.default", "message": "Job \"poll_once (trigger: interval[0:00:10], next run at: 2026-09-03 01:42:37 CEST)\" executed successfully"}
{"timestamp": "2026-09-03T01:42:27", "level": "INFO", "component": "cv112_poller", "message": "Feed descargado: 47 incidentes activos", "correlation_id": "df8a56dc"}
{"timestamp": "2026-09-03T01:42:27", "level": "INFO", "component": "apscheduler.executors.default", "message": "Job \"_start_scheduler.<locals>.<lambda> (trigger: interval[0:00:45], next run at: 2026-09-03 01:43:12 CEST)\" executed successfully"}
{"timestamp": "2026-09-03T01:42:37", "level": "INFO", "component": "apscheduler.executors.default", "message": "Running job \"poll_once (trigger: interval[0:00:10], next run at: 2026-09-03 01:42:47 CEST)\" (scheduled at 2026-09-03 01:42:37.305960+02:00)"}
{"timestamp": "2026-09-03T01:42:37", "level": "INFO", "component": "apscheduler.executors.default", "message": "Job \"poll_once (trigger: interval[0:00:10], next run at: 2026-09-03 01:42:47 CEST)\" executed successfully"}
{"timestamp": "2026-09-03T01:42:47", "level": "INFO", "component": "apscheduler.executors.default", "message": "Running job \"poll_once (trigger: interval[0:00:10], next run at: 2026-09-03 01:42:57 CEST)\" (scheduled at 2026-09-03 01:42:47.305960+02:00)"}
{"timestamp": "2026-09-03T01:42:47", "level": "INFO", "component": "apscheduler.executors.default", "message": "Job \"poll_once (trigger: interval[0:00:10], next run at: 2026-09-03 01:42:57 CEST)\" executed successfully"}
{"timestamp": "2026-09-03T01:42:57", "level": "INFO", "component": "apscheduler.executors.default", "message": "Running job \"poll_once (trigger: interval[0:00:10], next run at: 2026-09-03 01:43:07 CEST)\" (scheduled at 2026-09-03 01:42:57.305960+02:00)"}
{"timestamp": "2026-09-03T01:42:57", "level": "INFO", "component": "apscheduler.executors.default", "message": "Job \"poll_once (trigger: interval[0:00:10], next run at: 2026-09-03 01:43:07 CEST)\" executed successfully"}
{"timestamp": "2026-09-03T01:43:07", "level": "INFO", "component": "apscheduler.executors.default", "message": "Running job \"poll_once (trigger: interval[0:00:10], next run at: 2026-09-03 01:43:17 CEST)\" (scheduled at 2026-09-03 01:43:07.305960+02:00)"}
{"timestamp": "2026-09-03T01:43:07", "level": "INFO", "component": "apscheduler.executors.default", "message": "Job \"poll_once (trigger: interval[0:00:10], next run at: 2026-09-03 01:43:17 CEST)\" executed successfully"}
{"timestamp": "2026-09-03T01:43:12", "level": "INFO", "component": "apscheduler.executors.default", "message": "Running job \"_start_scheduler.<locals>.<lambda> (trigger: interval[0:00:45], next run at: 2026-09-03 01:43:57 CEST)\" (scheduled at 2026-09-03 01:43:12.306433+02:00)"}
{"timestamp": "2026-09-03T01:43:12", "level": "INFO", "component": "cv112_poller", "message": "Feed descargado: 47 incidentes activos", "correlation_id": "a88c23b2"}
{"timestamp": "2026-09-03T01:43:12", "level": "INFO", "component": "apscheduler.executors.default", "message": "Job \"_start_scheduler.<locals>.<lambda> (trigger: interval[0:00:45], next run at: 2026-09-03 01:43:57 CEST)\" executed successfully"}
{"timestamp": "2026-09-03T01:43:17", "level": "INFO", "component": "apscheduler.executors.default", "message": "Running job \"poll_once (trigger: interval[0:00:10], next run at: 2026-09-03 01:43:27 CEST)\" (scheduled at 2026-09-03 01:43:17.305960+02:00)"}
{"timestamp": "2026-09-03T01:43:17", "level": "INFO", "component": "apscheduler.executors.default", "message": "Job \"poll_once (trigger: interval[0:00:10], next run at: 2026-09-03 01:43:27 CEST)\" executed successfully"}
{"timestamp": "2026-09-03T01:43:27", "level": "INFO", "component": "apscheduler.executors.default", "message": "Running job \"poll_once (trigger: interval[0:00:10], next run at: 2026-09-03 01:43:37 CEST)\" (scheduled at 2026-09-03 01:43:27.305960+02:00)"}
{"timestamp": "2026-09-03T01:43:27", "level": "INFO", "component": "apscheduler.executors.default", "message": "Job \"poll_once (trigger: interval[0:00:10], next run at: 2026-09-03 01:43:37 CEST)\" executed successfully"}
{"timestamp": "2026-09-03T01:43:37", "level": "INFO", "component": "apscheduler.executors.default", "message": "Running job \"poll_once (trigger: interval[0:00:10], next run at: 2026-09-03 01:43:47 CEST)\" (scheduled at 2026-09-03 01:43:37.305960+02:00)"}
{"timestamp": "2026-09-03T01:43:37", "level": "INFO", "component": "apscheduler.executors.default", "message": "Job \"poll_once (trigger: interval[0:00:10], next run at: 2026-09-03 01:43:47 CEST)\" executed successfully"}
{"timestamp": "2026-09-03T01:43:47", "level": "INFO", "component": "apscheduler.executors.default", "message": "Running job \"poll_once (trigger: interval[0:00:10], next run at: 2026-09-03 01:43:57 CEST)\" (scheduled at 2026-09-03 01:43:47.305960+02:00)"}
{"timestamp": "2026-09-03T01:43:47", "level": "INFO", "component": "apscheduler.executors.default", "message": "Job \"poll_once (trigger: interval[0:00:10], next run at: 2026-09-03 01:43:57 CEST)\" executed successfully"}
{"timestamp": "2026-09-03T01:43:57", "level": "INFO", "component": "apscheduler.executors.default", "message": "Running job \"poll_once (trigger: interval[0:00:10], next run at: 2026-09-03 01:44:07 CEST)\" (scheduled at 2026-09-03 01:43:57.305960+02:00)"}
{"timestamp": "2026-09-03T01:43:57", "level": "INFO", "component": "apscheduler.executors.default", "message": "Running job \"_start_scheduler.<locals>.<lambda> (trigger: interval[0:00:45], next run at: 2026-09-03 01:44:42 CEST)\" (scheduled at 2026-09-03 01:43:57.306433+02:00)"}
{"timestamp": "2026-09-03T01:43:57", "level": "INFO", "component": "apscheduler.executors.default", "message": "Job \"poll_once (trigger: interval[0:00:10], next run at: 2026-09-03 01:44:07 CEST)\" executed successfully"}
{"timestamp": "2026-09-03T01:43:57", "level": "INFO", "component": "cv112_poller", "message": "Feed descargado: 47 incidentes activos", "correlation_id": "db5e2eec"}
{"timestamp": "2026-09-03T01:43:57", "level": "INFO", "component": "apscheduler.executors.default", "message": "Job \"_start_scheduler.<locals>.<lambda> (trigger: interval[0:00:45], next run at: 2026-09-03 01:44:42 CEST)\" executed successfully"}
{"timestamp": "2026-09-03T01:44:07", "level": "INFO", "component": "apscheduler.executors.default", "message": "Running job \"poll_once (trigger: interval[0:00:10], next run at: 2026-09-03 01:44:17 CEST)\" (scheduled at 2026-09-03 01:44:07.305960+02:00)"}
{"timestamp": "2026-09-03T01:44:07", "level": "INFO", "component": "apscheduler.executors.default", "message": "Job \"poll_once (trigger: interval[0:00:10], next run at: 2026-09-03 01:44:17 CEST)\" executed successfully"}
{"timestamp": "2026-09-03T01:44:17", "level": "INFO", "component": "apscheduler.executors.default", "message": "Running job \"poll_once (trigger: interval[0:00:10], next run at: 2026-09-03 01:44:27 CEST)\" (scheduled at 2026-09-03 01:44:17.305960+02:00)"}
{"timestamp": "2026-09-03T01:44:17", "level": "INFO", "component": "apscheduler.executors.default", "message": "Job \"poll_once (trigger: interval[0:00:10], next run at: 2026-09-03 01:44:27 CEST)\" executed successfully"}
{"timestamp": "2026-09-03T01:44:27", "level": "INFO", "component": "apscheduler.executors.default", "message": "Running job \"poll_once (trigger: interval[0:00:10], next run at: 2026-09-03 01:44:37 CEST)\" (scheduled at 2026-09-03 01:44:27.305960+02:00)"}
{"timestamp": "2026-09-03T01:44:27", "level": "INFO", "component": "apscheduler.executors.default", "message": "Job \"poll_once (trigger: interval[0:00:10], next run at: 2026-09-03 01:44:37 CEST)\" executed successfully"}
{"timestamp": "2026-09-03T01:44:37", "level": "INFO", "component": "apscheduler.executors.default", "message": "Running job \"poll_once (trigger: interval[0:00:10], next run at: 2026-09-03 01:44:47 CEST)\" (scheduled at 2026-09-03 01:44:37.305960+02:00)"}
{"timestamp": "2026-09-03T01:44:37", "level": "INFO", "component": "apscheduler.executors.default", "message": "Job \"poll_once (trigger: interval[0:00:10], next run at: 2026-09-03 01:44:47 CEST)\" executed successfully"}
{"timestamp": "2026-09-03T01:44:42", "level": "INFO", "component": "apscheduler.executors.default", "message": "Running job \"_start_scheduler.<locals>.<lambda> (trigger: interval[0:00:45], next run at: 2026-09-03 01:45:27 CEST)\" (scheduled at 2026-09-03 01:44:42.306433+02:00)"}
{"timestamp": "2026-09-03T01:44:42", "level": "INFO", "component": "cv112_poller", "message": "Feed descargado: 47 incidentes activos", "correlation_id": "b4afc252"}
{"timestamp": "2026-09-03T01:44:42", "level": "INFO", "component": "apscheduler.executors.default", "message": "Job \"_start_scheduler.<locals>.<lambda> (trigger: interval[0:00:45], next run at: 2026-09-03 01:45:27 CEST)\" executed successfully"}
{"timestamp": "2026-09-03T01:44:47", "level": "INFO", "component": "apscheduler.executors.default", "message": "Running job \"poll_once (trigger: interval[0:00:10], next run at: 2026-09-03 01:44:57 CEST)\" (scheduled at 2026-09-03 01:44:47.305960+02:00)"}
{"timestamp": "2026-09-03T01:44:47", "level": "INFO", "component": "apscheduler.executors.default", "message": "Job \"poll_once (trigger: interval[0:00:10], next run at: 2026-09-03 01:44:57 CEST)\" executed successfully"}
{"timestamp": "2026-09-03T01:44:57", "level": "INFO", "component": "apscheduler.executors.default", "message": "Running job \"poll_once (trigger: interval[0:00:10], next run at: 2026-09-03 01:45:07 CEST)\" (scheduled at 2026-09-03 01:44:57.305960+02:00)"}
{"timestamp": "2026-09-03T01:44:57", "level": "INFO", "component": "apscheduler.executors.default", "message": "Job \"poll_once (trigger: interval[0:00:10], next run at: 2026-09-03 01:45:07 CEST)\" executed successfully"}
{"timestamp": "2026-09-03T01:45:07", "level": "INFO", "component": "apscheduler.executors.default", "message": "Running job \"poll_once (trigger: interval[0:00:10], next run at: 2026-09-03 01:45:17 CEST)\" (scheduled at 2026-09-03 01:45:07.305960+02:00)"}
{"timestamp": "2026-09-03T01:45:07", "level": "INFO", "component": "apscheduler.executors.default", "message": "Job \"poll_once (trigger: interval[0:00:10], next run at: 2026-09-03 01:45:17 CEST)\" executed successfully"}
{"timestamp": "2026-09-03T01:45:17", "level": "INFO", "component": "apscheduler.executors.default", "message": "Running job \"poll_once (trigger: interval[0:00:10], next run at: 2026-09-03 01:45:27 CEST)\" (scheduled at 2026-09-03 01:45:17.305960+02:00)"}
{"timestamp": "2026-09-03T01:45:17", "level": "INFO", "component": "apscheduler.executors.default", "message": "Job \"poll_once (trigger: interval[0:00:10], next run at: 2026-09-03 01:45:27 CEST)\" executed successfully"}
{"timestamp": "2026-09-03T01:45:27", "level": "INFO", "component": "apscheduler.executors.default", "message": "Running job \"poll_once (trigger: interval[0:00:10], next run at: 2026-09-03 01:45:37 CEST)\" (scheduled at 2026-09-03 01:45:27.305960+02:00)"}
{"timestamp": "2026-09-03T01:45:27", "level": "INFO", "component": "apscheduler.executors.default", "message": "Running job \"_start_scheduler.<locals>.<lambda> (trigger: interval[0:00:45], next run at: 2026-09-03 01:46:12 CEST)\" (scheduled at 2026-09-03 01:45:27.306433+02:00)"}
{"timestamp": "2026-09-03T01:45:27", "level": "INFO", "component": "apscheduler.executors.default", "message": "Job \"poll_once (trigger: interval[0:00:10], next run at: 2026-09-03 01:45:37 CEST)\" executed successfully"}
{"timestamp": "2026-09-03T01:45:27", "level": "INFO", "component": "cv112_poller", "message": "Feed descargado: 47 incidentes activos", "correlation_id": "e3645871"}
{"timestamp": "2026-09-03T01:45:27", "level": "INFO", "component": "apscheduler.executors.default", "message": "Job \"_start_scheduler.<locals>.<lambda> (trigger: interval[0:00:45], next run at: 2026-09-03 01:46:12 CEST)\" executed successfully"}
{"timestamp": "2026-09-03T01:45:37", "level": "INFO", "component": "apscheduler.executors.default", "message": "Running job \"poll_once (trigger: interval[0:00:10], next run at: 2026-09-03 01:45:47 CEST)\" (scheduled at 2026-09-03 01:45:37.305960+02:00)"}
{"timestamp": "2026-09-03T01:45:37", "level": "INFO", "component": "apscheduler.executors.default", "message": "Job \"poll_once (trigger: interval[0:00:10], next run at: 2026-09-03 01:45:47 CEST)\" executed successfully"}
{"timestamp": "2026-09-03T01:45:47", "level": "INFO", "component": "apscheduler.executors.default", "message": "Running job \"poll_once (trigger: interval[0:00:10], next run at: 2026-09-03 01:45:57 CEST)\" (scheduled at 2026-09-03 01:45:47.305960+02:00)"}
{"timestamp": "2026-09-03T01:45:47", "level": "INFO", "component": "apscheduler.executors.default", "message": "Job \"poll_once (trigger: interval[0:00:10], next run at: 2026-09-03 01:45:57 CEST)\" executed successfully"}
{"timestamp": "2026-09-03T01:45:57", "level": "INFO", "component": "apscheduler.executors.default", "message": "Running job \"poll_once (trigger: interval[0:00:10], next run at: 2026-09-03 01:46:07 CEST)\" (scheduled at 2026-09-03 01:45:57.305960+02:00)"}
{"timestamp": "2026-09-03T01:45:57", "level": "INFO", "component": "apscheduler.executors.default", "message": "Job \"poll_once (trigger: interval[0:00:10], next run at: 2026-09-03 01:46:07 CEST)\" executed successfully"}
{"timestamp": "2026-09-03T01:46:07", "level": "INFO", "component": "apscheduler.executors.default", "message": "Running job \"poll_once (trigger: interval[0:00:10], next run at: 2026-09-03 01:46:17 CEST)\" (scheduled at 2026-09-03 01:46:07.305960+02:00)"}
{"timestamp": "2026-09-03T01:46:07", "level": "INFO", "component": "apscheduler.executors.default", "message": "Job \"poll_once (trigger: interval[0:00:10], next run at: 2026-09-03 01:46:17 CEST)\" executed successfully"}
{"timestamp": "2026-09-03T01:46:12", "level": "INFO", "component": "apscheduler.executors.default", "message": "Running job \"_start_scheduler.<locals>.<lambda> (trigger: interval[0:00:45], next run at: 2026-09-03 01:46:57 CEST)\" (scheduled at 2026-09-03 01:46:12.306433+02:00)"}
{"timestamp": "2026-09-03T01:46:12", "level": "INFO", "component": "cv112_poller", "message": "Feed descargado: 47 incidentes activos", "correlation_id": "aac9be80"}
{"timestamp": "2026-09-03T01:46:12", "level": "INFO", "component": "apscheduler.executors.default", "message": "Job \"_start_scheduler.<locals>.<lambda> (trigger: interval[0:00:45], next run at: 2026-09-03 01:46:57 CEST)\" executed successfully"}
{"timestamp": "2026-09-03T01:46:17", "level": "INFO", "component": "apscheduler.executors.default", "message": "Running job \"poll_once (trigger: interval[0:00:10], next run at: 2026-09-03 01:46:27 CEST)\" (scheduled at 2026-09-03 01:46:17.305960+02:00)"}
{"timestamp": "2026-09-03T01:46:17", "level": "INFO", "component": "apscheduler.executors.default", "message": "Job \"poll_once (trigger: interval[0:00:10], next run at: 2026-09-03 01:46:27 CEST)\" executed successfully"}
{"timestamp": "2026-09-03T01:46:27", "level": "INFO", "component": "apscheduler.executors.default", "message": "Running job \"poll_once (trigger: interval[0:00:10], next run at: 2026-09-03 01:46:37 CEST)\" (scheduled at 2026-09-03 01:46:27.305960+02:00)"}
{"timestamp": "2026-09-03T01:46:27", "level": "INFO", "component": "apscheduler.executors.default", "message": "Job \"poll_once (trigger: interval[0:00:10], next run at: 2026-09-03 01:46:37 CEST)\" executed successfully"}
{"timestamp": "2026-09-03T01:46:37", "level": "INFO", "component": "apscheduler.executors.default", "message": "Running job \"poll_once (trigger: interval[0:00:10], next run at: 2026-09-03 01:46:47 CEST)\" (scheduled at 2026-09-03 01:46:37.305960+02:00)"}
{"timestamp": "2026-09-03T01:46:37", "level": "INFO", "component": "apscheduler.executors.default", "message": "Job \"poll_once (trigger: interval[0:00:10], next run at: 2026-09-03 01:46:47 CEST)\" executed successfully"}
{"timestamp": "2026-09-03T01:46:47", "level": "INFO", "component": "apscheduler.executors.default", "message": "Running job \"poll_once (trigger: interval[0:00:10], next run at: 2026-09-03 01:46:57 CEST)\" (scheduled at 2026-09-03 01:46:47.305960+02:00)"}
{"timestamp": "2026-09-03T01:46:47", "level": "INFO", "component": "apscheduler.executors.default", "message": "Job \"poll_once (trigger: interval[0:00:10], next run at: 2026-09-03 01:46:57 CEST)\" executed successfully"}
{"timestamp": "2026-09-03T01:46:57", "level": "INFO", "component": "apscheduler.executors.default", "message": "Running job \"poll_once (trigger: interval[0:00:10], next run at: 2026-09-03 01:47:07 CEST)\" (scheduled at 2026-09-03 01:46:57.305960+02:00)"}
{"timestamp": "2026-09-03T01:46:57", "level": "INFO", "component": "apscheduler.executors.default", "message": "Running job \"_start_scheduler.<locals>.<lambda> (trigger: interval[0:00:45], next run at: 2026-09-03 01:47:42 CEST)\" (scheduled at 2026-09-03 01:46:57.306433+02:00)"}
{"timestamp": "2026-09-03T01:46:57", "level": "INFO", "component": "apscheduler.executors.default", "message": "Job \"poll_once (trigger: interval[0:00:10], next run at: 2026-09-03 01:47:07 CEST)\" executed successfully"}
{"timestamp": "2026-09-03T01:46:57", "level": "INFO", "component": "cv112_poller", "message": "Feed descargado: 47 incidentes activos", "correlation_id": "17b5e72e"}
{"timestamp": "2026-09-03T01:46:57", "level": "INFO", "component": "apscheduler.executors.default", "message": "Job \"_start_scheduler.<locals>.<lambda> (trigger: interval[0:00:45], next run at: 2026-09-03 01:47:42 CEST)\" executed successfully"}
{"timestamp": "2026-09-03T01:47:07", "level": "INFO", "component": "apscheduler.executors.default", "message": "Running job \"poll_once (trigger: interval[0:00:10], next run at: 2026-09-03 01:47:17 CEST)\" (scheduled at 2026-09-03 01:47:07.305960+02:00)"}
{"timestamp": "2026-09-03T01:47:07", "level": "INFO", "component": "apscheduler.executors.default", "message": "Job \"poll_once (trigger: interval[0:00:10], next run at: 2026-09-03 01:47:17 CEST)\" executed successfully"}
{"timestamp": "2026-09-03T01:47:17", "level": "INFO", "component": "apscheduler.executors.default", "message": "Running job \"poll_once (trigger: interval[0:00:10], next run at: 2026-09-03 01:47:27 CEST)\" (scheduled at 2026-09-03 01:47:17.305960+02:00)"}
{"timestamp": "2026-09-03T01:47:17", "level": "INFO", "component": "apscheduler.executors.default", "message": "Job \"poll_once (trigger: interval[0:00:10], next run at: 2026-09-03 01:47:27 CEST)\" executed successfully"}
{"timestamp": "2026-09-03T01:47:27", "level": "INFO", "component": "apscheduler.executors.default", "message": "Running job \"poll_once (trigger: interval[0:00:10], next run at: 2026-09-03 01:47:37 CEST)\" (scheduled at 2026-09-03 01:47:27.305960+02:00)"}
{"timestamp": "2026-09-03T01:47:27", "level": "INFO", "component": "apscheduler.executors.default", "message": "Job \"poll_once (trigger: interval[0:00:10], next run at: 2026-09-03 01:47:37 CEST)\" executed successfully"}
{"timestamp": "2026-09-03T01:47:37", "level": "INFO", "component": "apscheduler.executors.default", "message": "Running job \"poll_once (trigger: interval[0:00:10], next run at: 2026-09-03 01:47:47 CEST)\" (scheduled at 2026-09-03 01:47:37.305960+02:00)"}
{"timestamp": "2026-09-03T01:47:37", "level": "INFO", "component": "apscheduler.executors.default", "message": "Job \"poll_once (trigger: interval[0:00:10], next run at: 2026-09-03 01:47:47 CEST)\" executed successfully"}
{"timestamp": "2026-09-03T01:47:42", "level": "INFO", "component": "apscheduler.executors.default", "message": "Running job \"_start_scheduler.<locals>.<lambda> (trigger: interval[0:00:45], next run at: 2026-09-03 01:48:27 CEST)\" (scheduled at 2026-09-03 01:47:42.306433+02:00)"}
{"timestamp": "2026-09-03T01:47:42", "level": "INFO", "component": "cv112_poller", "message": "Feed descargado: 47 incidentes activos", "correlation_id": "5c606dd9"}
{"timestamp": "2026-09-03T01:47:42", "level": "INFO", "component": "apscheduler.executors.default", "message": "Job \"_start_scheduler.<locals>.<lambda> (trigger: interval[0:00:45], next run at: 2026-09-03 01:48:27 CEST)\" executed successfully"}
{"timestamp": "2026-09-03T01:47:47", "level": "INFO", "component": "apscheduler.executors.default", "message": "Running job \"poll_once (trigger: interval[0:00:10], next run at: 2026-09-03 01:47:57 CEST)\" (scheduled at 2026-09-03 01:47:47.305960+02:00)"}
{"timestamp": "2026-09-03T01:47:47", "level": "INFO", "component": "apscheduler.executors.default", "message": "Job \"poll_once (trigger: interval[0:00:10], next run at: 2026-09-03 01:47:57 CEST)\" executed successfully"}
{"timestamp": "2026-09-03T01:47:57", "level": "INFO", "component": "apscheduler.executors.default", "message": "Running job \"poll_once (trigger: interval[0:00:10], next run at: 2026-09-03 01:48:07 CEST)\" (scheduled at 2026-09-03 01:47:57.305960+02:00)"}
{"timestamp": "2026-09-03T01:47:57", "level": "INFO", "component": "apscheduler.executors.default", "message": "Job \"poll_once (trigger: interval[0:00:10], next run at: 2026-09-03 01:48:07 CEST)\" executed successfully"}
{"timestamp": "2026-09-03T01:48:07", "level": "INFO", "component": "apscheduler.executors.default", "message": "Running job \"poll_once (trigger: interval[0:00:10], next run at: 2026-09-03 01:48:17 CEST)\" (scheduled at 2026-09-03 01:48:07.305960+02:00)"}
{"timestamp": "2026-09-03T01:48:07", "level": "INFO", "component": "apscheduler.executors.default", "message": "Job \"poll_once (trigger: interval[0:00:10], next run at: 2026-09-03 01:48:17 CEST)\" executed successfully"}
{"timestamp": "2026-09-03T01:48:17", "level": "INFO", "component": "apscheduler.executors.default", "message": "Running job \"poll_once (trigger: interval[0:00:10], next run at: 2026-09-03 01:48:27 CEST)\" (scheduled at 2026-09-03 01:48:17.305960+02:00)"}
{"timestamp": "2026-09-03T01:48:17", "level": "INFO", "component": "apscheduler.executors.default", "message": "Job \"poll_once (trigger: interval[0:00:10], next run at: 2026-09-03 01:48:27 CEST)\" executed successfully"}
{"timestamp": "2026-09-03T01:48:27", "level": "INFO", "component": "apscheduler.executors.default", "message": "Running job \"poll_once (trigger: interval[0:00:10], next run at: 2026-09-03 01:48:37 CEST)\" (scheduled at 2026-09-03 01:48:27.305960+02:00)"}
{"timestamp": "2026-09-03T01:48:27", "level": "INFO", "component": "apscheduler.executors.default", "message": "Running job \"_start_scheduler.<locals>.<lambda> (trigger: interval[0:00:45], next run at: 2026-09-03 01:49:12 CEST)\" (scheduled at 2026-09-03 01:48:27.306433+02:00)"}
{"timestamp": "2026-09-03T01:48:27", "level": "INFO", "component": "apscheduler.executors.default", "message": "Job \"poll_once (trigger: interval[0:00:10], next run at: 2026-09-03 01:48:37 CEST)\" executed successfully"}
{"timestamp": "2026-09-03T01:48:27", "level": "INFO", "component": "cv112_poller", "message": "Feed descargado: 47 incidentes activos", "correlation_id": "3e5a979f"}
{"timestamp": "2026-09-03T01:48:27", "level": "INFO", "component": "apscheduler.executors.default", "message": "Job \"_start_scheduler.<locals>.<lambda> (trigger: interval[0:00:45], next run at: 2026-09-03 01:49:12 CEST)\" executed successfully"}
{"timestamp": "2026-09-03T01:48:37", "level": "INFO", "component": "apscheduler.executors.default", "message": "Running job \"poll_once (trigger: interval[0:00:10], next run at: 2026-09-03 01:48:47 CEST)\" (scheduled at 2026-09-03 01:48:37.305960+02:00)"}
{"timestamp": "2026-09-03T01:48:37", "level": "INFO", "component": "apscheduler.executors.default", "message": "Job \"poll_once (trigger: interval[0:00:10], next run at: 2026-09-03 01:48:47 CEST)\" executed successfully"}
{"timestamp": "2026-09-03T01:59:44", "level": "WARNING", "component": "apscheduler.executors.default", "message": "Run time of job \"poll_once (trigger: interval[0:00:10], next run at: 2026-09-03 01:59:47 CEST)\" was missed by 0:00:07.183003"}
{"timestamp": "2026-09-03T01:59:44", "level": "WARNING", "component": "apscheduler.executors.default", "message": "Run time of job \"_start_scheduler.<locals>.<lambda> (trigger: interval[0:00:45], next run at: 2026-09-03 02:00:27 CEST)\" was missed by 0:00:02.183041"}
{"timestamp": "2026-09-03T01:59:47", "level": "INFO", "component": "apscheduler.executors.default", "message": "Running job \"poll_once (trigger: interval[0:00:10], next run at: 2026-09-03 01:59:57 CEST)\" (scheduled at 2026-09-03 01:59:47.305960+02:00)"}
{"timestamp": "2026-09-03T01:59:47", "level": "INFO", "component": "apscheduler.executors.default", "message": "Job \"poll_once (trigger: interval[0:00:10], next run at: 2026-09-03 01:59:57 CEST)\" executed successfully"}
{"timestamp": "2026-09-03T01:59:57", "level": "INFO", "component": "apscheduler.executors.default", "message": "Running job \"poll_once (trigger: interval[0:00:10], next run at: 2026-09-03 02:00:07 CEST)\" (scheduled at 2026-09-03 01:59:57.305960+02:00)"}
{"timestamp": "2026-09-03T01:59:57", "level": "INFO", "component": "apscheduler.executors.default", "message": "Job \"poll_once (trigger: interval[0:00:10], next run at: 2026-09-03 02:00:07 CEST)\" executed successfully"}
{"timestamp": "2026-09-03T02:16:26", "level": "WARNING", "component": "apscheduler.executors.default", "message": "Run time of job \"poll_once (trigger: interval[0:00:10], next run at: 2026-09-03 02:16:27 CEST)\" was missed by 0:00:08.874978"}
{"timestamp": "2026-09-03T02:16:26", "level": "WARNING", "component": "apscheduler.executors.default", "message": "Run time of job \"_start_scheduler.<locals>.<lambda> (trigger: interval[0:00:45], next run at: 2026-09-03 02:16:57 CEST)\" was missed by 0:00:13.874959"}
{"timestamp": "2026-09-03T02:16:27", "level": "INFO", "component": "apscheduler.executors.default", "message": "Running job \"poll_once (trigger: interval[0:00:10], next run at: 2026-09-03 02:16:37 CEST)\" (scheduled at 2026-09-03 02:16:27.305960+02:00)"}
{"timestamp": "2026-09-03T02:16:27", "level": "INFO", "component": "apscheduler.executors.default", "message": "Job \"poll_once (trigger: interval[0:00:10], next run at: 2026-09-03 02:16:37 CEST)\" executed successfully"}
{"timestamp": "2026-09-03T02:16:37", "level": "INFO", "component": "apscheduler.executors.default", "message": "Running job \"poll_once (trigger: interval[0:00:10], next run at: 2026-09-03 02:16:47 CEST)\" (scheduled at 2026-09-03 02:16:37.305960+02:00)"}
{"timestamp": "2026-09-03T02:16:37", "level": "INFO", "component": "apscheduler.executors.default", "message": "Job \"poll_once (trigger: interval[0:00:10], next run at: 2026-09-03 02:16:47 CEST)\" executed successfully"}
{"timestamp": "2026-09-03T02:16:47", "level": "INFO", "component": "apscheduler.executors.default", "message": "Running job \"poll_once (trigger: interval[0:00:10], next run at: 2026-09-03 02:16:57 CEST)\" (scheduled at 2026-09-03 02:16:47.305960+02:00)"}
{"timestamp": "2026-09-03T02:16:47", "level": "INFO", "component": "apscheduler.executors.default", "message": "Job \"poll_once (trigger: interval[0:00:10], next run at: 2026-09-03 02:16:57 CEST)\" executed successfully"}
{"timestamp": "2026-09-03T02:16:57", "level": "INFO", "component": "apscheduler.executors.default", "message": "Running job \"poll_once (trigger: interval[0:00:10], next run at: 2026-09-03 02:17:07 CEST)\" (scheduled at 2026-09-03 02:16:57.305960+02:00)"}
{"timestamp": "2026-09-03T02:16:57", "level": "INFO", "component": "apscheduler.executors.default", "message": "Running job \"_start_scheduler.<locals>.<lambda> (trigger: interval[0:00:45], next run at: 2026-09-03 02:17:42 CEST)\" (scheduled at 2026-09-03 02:16:57.306433+02:00)"}
{"timestamp": "2026-09-03T02:16:57", "level": "INFO", "component": "apscheduler.executors.default", "message": "Job \"poll_once (trigger: interval[0:00:10], next run at: 2026-09-03 02:17:07 CEST)\" executed successfully"}
{"timestamp": "2026-09-03T02:16:57", "level": "INFO", "component": "cv112_poller", "message": "Feed descargado: 30 incidentes activos", "correlation_id": "94171a00"}
{"timestamp": "2026-09-03T02:16:57", "level": "INFO", "component": "cv112_poller", "message": "Incidente 40511844 visto pero alertas automáticas pausadas (killswitch)", "correlation_id": "94171a00"}
{"timestamp": "2026-09-03T02:16:57", "level": "INFO", "component": "cv112_poller", "message": "Taxonomía: nuevo municipio detectado en el feed: 'Real de Gandía'", "correlation_id": "94171a00"}
{"timestamp": "2026-09-03T02:16:57", "level": "INFO", "component": "cv112_poller", "message": "Incidente 40511697 visto pero alertas automáticas pausadas (killswitch)", "correlation_id": "94171a00"}
{"timestamp": "2026-09-03T02:16:57", "level": "INFO", "component": "cv112_poller", "message": "Taxonomía: nuevo municipio detectado en el feed: 'Borriana/Burriana'", "correlation_id": "94171a00"}
{"timestamp": "2026-09-03T02:16:57", "level": "INFO", "component": "cv112_poller", "message": "Incidente 40511714 visto pero alertas automáticas pausadas (killswitch)", "correlation_id": "94171a00"}
{"timestamp": "2026-09-03T02:16:57", "level": "INFO", "component": "cv112_poller", "message": "Taxonomía: nuevo municipio detectado en el feed: 'Montroy'", "correlation_id": "94171a00"}
{"timestamp": "2026-09-03T02:16:57", "level": "INFO", "component": "cv112_poller", "message": "Incidente 40511857 visto pero alertas automáticas pausadas (killswitch)", "correlation_id": "94171a00"}
{"timestamp": "2026-09-03T02:16:57", "level": "INFO", "component": "cv112_poller", "message": "Taxonomía: nueva categoría detectada en el feed: 'Fenom. Natural > Sísmico'", "correlation_id": "94171a00"}
{"timestamp": "2026-09-03T02:16:57", "level": "INFO", "component": "cv112_poller", "message": "Taxonomía: nuevo municipio detectado en el feed: 'Villalonga'", "correlation_id": "94171a00"}
{"timestamp": "2026-09-03T02:16:57", "level": "INFO", "component": "cv112_poller", "message": "Incidente 40511866 visto pero alertas automáticas pausadas (killswitch)", "correlation_id": "94171a00"}
{"timestamp": "2026-09-03T02:16:57", "level": "INFO", "component": "cv112_poller", "message": "Taxonomía: nuevo municipio detectado en el feed: 'Santa Pola'", "correlation_id": "94171a00"}
{"timestamp": "2026-09-03T02:16:57", "level": "INFO", "component": "cv112_poller", "message": "Incidente 40511754 visto pero alertas automáticas pausadas (killswitch)", "correlation_id": "94171a00"}
{"timestamp": "2026-09-03T02:16:57", "level": "INFO", "component": "cv112_poller", "message": "Incidente 40511759 visto pero alertas automáticas pausadas (killswitch)", "correlation_id": "94171a00"}
{"timestamp": "2026-09-03T02:16:57", "level": "INFO", "component": "cv112_poller", "message": "Taxonomía: nuevo municipio detectado en el feed: 'Elda'", "correlation_id": "94171a00"}
{"timestamp": "2026-09-03T02:16:57", "level": "INFO", "component": "cv112_poller", "message": "Incidente 40511761 visto pero alertas automáticas pausadas (killswitch)", "correlation_id": "94171a00"}
{"timestamp": "2026-09-03T02:16:57", "level": "INFO", "component": "cv112_poller", "message": "Incidente 40511768 visto pero alertas automáticas pausadas (killswitch)", "correlation_id": "94171a00"}
{"timestamp": "2026-09-03T02:16:57", "level": "INFO", "component": "cv112_poller", "message": "Incidente 40511829 visto pero alertas automáticas pausadas (killswitch)", "correlation_id": "94171a00"}
{"timestamp": "2026-09-03T02:16:57", "level": "INFO", "component": "apscheduler.executors.default", "message": "Job \"_start_scheduler.<locals>.<lambda> (trigger: interval[0:00:45], next run at: 2026-09-03 02:17:42 CEST)\" executed successfully"}
{"timestamp": "2026-09-03T02:17:07", "level": "INFO", "component": "apscheduler.executors.default", "message": "Running job \"poll_once (trigger: interval[0:00:10], next run at: 2026-09-03 02:17:17 CEST)\" (scheduled at 2026-09-03 02:17:07.305960+02:00)"}
{"timestamp": "2026-09-03T02:17:07", "level": "INFO", "component": "apscheduler.executors.default", "message": "Job \"poll_once (trigger: interval[0:00:10], next run at: 2026-09-03 02:17:17 CEST)\" executed successfully"}
{"timestamp": "2026-09-03T02:17:17", "level": "INFO", "component": "apscheduler.executors.default", "message": "Running job \"poll_once (trigger: interval[0:00:10], next run at: 2026-09-03 02:17:27 CEST)\" (scheduled at 2026-09-03 02:17:17.305960+02:00)"}
{"timestamp": "2026-09-03T02:17:17", "level": "INFO", "component": "apscheduler.executors.default", "message": "Job \"poll_once (trigger: interval[0:00:10], next run at: 2026-09-03 02:17:27 CEST)\" executed successfully"}
{"timestamp": "2026-09-03T02:17:27", "level": "INFO", "component": "apscheduler.executors.default", "message": "Running job \"poll_once (trigger: interval[0:00:10], next run at: 2026-09-03 02:17:37 CEST)\" (scheduled at 2026-09-03 02:17:27.305960+02:00)"}
{"timestamp": "2026-09-03T02:17:27", "level": "INFO", "component": "apscheduler.executors.default", "message": "Job \"poll_once (trigger: interval[0:00:10], next run at: 2026-09-03 02:17:37 CEST)\" executed successfully"}
{"timestamp": "2026-09-03T02:17:37", "level": "INFO", "component": "apscheduler.executors.default", "message": "Running job \"poll_once (trigger: interval[0:00:10], next run at: 2026-09-03 02:17:47 CEST)\" (scheduled at 2026-09-03 02:17:37.305960+02:00)"}
{"timestamp": "2026-09-03T02:17:37", "level": "INFO", "component": "apscheduler.executors.default", "message": "Job \"poll_once (trigger: interval[0:00:10], next run at: 2026-09-03 02:17:47 CEST)\" executed successfully"}
{"timestamp": "2026-09-03T02:17:42", "level": "INFO", "component": "apscheduler.executors.default", "message": "Running job \"_start_scheduler.<locals>.<lambda> (trigger: interval[0:00:45], next run at: 2026-09-03 02:18:27 CEST)\" (scheduled at 2026-09-03 02:17:42.306433+02:00)"}
{"timestamp": "2026-09-03T02:17:42", "level": "INFO", "component": "cv112_poller", "message": "Feed descargado: 30 incidentes activos", "correlation_id": "0881b2e0"}
{"timestamp": "2026-09-03T02:17:42", "level": "INFO", "component": "apscheduler.executors.default", "message": "Job \"_start_scheduler.<locals>.<lambda> (trigger: interval[0:00:45], next run at: 2026-09-03 02:18:27 CEST)\" executed successfully"}
{"timestamp": "2026-09-03T02:17:47", "level": "INFO", "component": "apscheduler.executors.default", "message": "Running job \"poll_once (trigger: interval[0:00:10], next run at: 2026-09-03 02:17:57 CEST)\" (scheduled at 2026-09-03 02:17:47.305960+02:00)"}
{"timestamp": "2026-09-03T02:17:47", "level": "INFO", "component": "apscheduler.executors.default", "message": "Job \"poll_once (trigger: interval[0:00:10], next run at: 2026-09-03 02:17:57 CEST)\" executed successfully"}
{"timestamp": "2026-09-03T02:17:57", "level": "INFO", "component": "apscheduler.executors.default", "message": "Running job \"poll_once (trigger: interval[0:00:10], next run at: 2026-09-03 02:18:07 CEST)\" (scheduled at 2026-09-03 02:17:57.305960+02:00)"}
{"timestamp": "2026-09-03T02:17:57", "level": "INFO", "component": "apscheduler.executors.default", "message": "Job \"poll_once (trigger: interval[0:00:10], next run at: 2026-09-03 02:18:07 CEST)\" executed successfully"}
{"timestamp": "2026-09-03T02:18:07", "level": "INFO", "component": "apscheduler.executors.default", "message": "Running job \"poll_once (trigger: interval[0:00:10], next run at: 2026-09-03 02:18:17 CEST)\" (scheduled at 2026-09-03 02:18:07.305960+02:00)"}
{"timestamp": "2026-09-03T02:18:07", "level": "INFO", "component": "apscheduler.executors.default", "message": "Job \"poll_once (trigger: interval[0:00:10], next run at: 2026-09-03 02:18:17 CEST)\" executed successfully"}
{"timestamp": "2026-09-03T02:18:17", "level": "INFO", "component": "apscheduler.executors.default", "message": "Running job \"poll_once (trigger: interval[0:00:10], next run at: 2026-09-03 02:18:27 CEST)\" (scheduled at 2026-09-03 02:18:17.305960+02:00)"}
{"timestamp": "2026-09-03T02:18:17", "level": "INFO", "component": "apscheduler.executors.default", "message": "Job \"poll_once (trigger: interval[0:00:10], next run at: 2026-09-03 02:18:27 CEST)\" executed successfully"}
{"timestamp": "2026-09-03T02:18:27", "level": "INFO", "component": "apscheduler.executors.default", "message": "Running job \"poll_once (trigger: interval[0:00:10], next run at: 2026-09-03 02:18:37 CEST)\" (scheduled at 2026-09-03 02:18:27.305960+02:00)"}
{"timestamp": "2026-09-03T02:18:27", "level": "INFO", "component": "apscheduler.executors.default", "message": "Running job \"_start_scheduler.<locals>.<lambda> (trigger: interval[0:00:45], next run at: 2026-09-03 02:19:12 CEST)\" (scheduled at 2026-09-03 02:18:27.306433+02:00)"}
{"timestamp": "2026-09-03T02:18:27", "level": "INFO", "component": "apscheduler.executors.default", "message": "Job \"poll_once (trigger: interval[0:00:10], next run at: 2026-09-03 02:18:37 CEST)\" executed successfully"}
{"timestamp": "2026-09-03T02:18:27", "level": "INFO", "component": "cv112_poller", "message": "Feed descargado: 30 incidentes activos", "correlation_id": "c89ba0a5"}
{"timestamp": "2026-09-03T02:18:27", "level": "INFO", "component": "apscheduler.executors.default", "message": "Job \"_start_scheduler.<locals>.<lambda> (trigger: interval[0:00:45], next run at: 2026-09-03 02:19:12 CEST)\" executed successfully"}
{"timestamp": "2026-09-03T02:18:37", "level": "INFO", "component": "apscheduler.executors.default", "message": "Running job \"poll_once (trigger: interval[0:00:10], next run at: 2026-09-03 02:18:47 CEST)\" (scheduled at 2026-09-03 02:18:37.305960+02:00)"}
{"timestamp": "2026-09-03T02:18:37", "level": "INFO", "component": "apscheduler.executors.default", "message": "Job \"poll_once (trigger: interval[0:00:10], next run at: 2026-09-03 02:18:47 CEST)\" executed successfully"}
{"timestamp": "2026-09-03T02:18:47", "level": "INFO", "component": "apscheduler.executors.default", "message": "Running job \"poll_once (trigger: interval[0:00:10], next run at: 2026-09-03 02:18:57 CEST)\" (scheduled at 2026-09-03 02:18:47.305960+02:00)"}
{"timestamp": "2026-09-03T02:18:47", "level": "INFO", "component": "apscheduler.executors.default", "message": "Job \"poll_once (trigger: interval[0:00:10], next run at: 2026-09-03 02:18:57 CEST)\" executed successfully"}
{"timestamp": "2026-09-03T02:18:57", "level": "INFO", "component": "apscheduler.executors.default", "message": "Running job \"poll_once (trigger: interval[0:00:10], next run at: 2026-09-03 02:19:07 CEST)\" (scheduled at 2026-09-03 02:18:57.305960+02:00)"}
{"timestamp": "2026-09-03T02:18:57", "level": "INFO", "component": "apscheduler.executors.default", "message": "Job \"poll_once (trigger: interval[0:00:10], next run at: 2026-09-03 02:19:07 CEST)\" executed successfully"}
{"timestamp": "2026-09-03T02:19:07", "level": "INFO", "component": "apscheduler.executors.default", "message": "Running job \"poll_once (trigger: interval[0:00:10], next run at: 2026-09-03 02:19:17 CEST)\" (scheduled at 2026-09-03 02:19:07.305960+02:00)"}
{"timestamp": "2026-09-03T02:19:07", "level": "INFO", "component": "apscheduler.executors.default", "message": "Job \"poll_once (trigger: interval[0:00:10], next run at: 2026-09-03 02:19:17 CEST)\" executed successfully"}
{"timestamp": "2026-09-03T02:19:12", "level": "INFO", "component": "apscheduler.executors.default", "message": "Running job \"_start_scheduler.<locals>.<lambda> (trigger: interval[0:00:45], next run at: 2026-09-03 02:19:57 CEST)\" (scheduled at 2026-09-03 02:19:12.306433+02:00)"}
{"timestamp": "2026-09-03T02:19:12", "level": "INFO", "component": "cv112_poller", "message": "Feed descargado: 30 incidentes activos", "correlation_id": "9ab35088"}
{"timestamp": "2026-09-03T02:19:12", "level": "INFO", "component": "apscheduler.executors.default", "message": "Job \"_start_scheduler.<locals>.<lambda> (trigger: interval[0:00:45], next run at: 2026-09-03 02:19:57 CEST)\" executed successfully"}
{"timestamp": "2026-09-03T02:19:17", "level": "INFO", "component": "apscheduler.executors.default", "message": "Running job \"poll_once (trigger: interval[0:00:10], next run at: 2026-09-03 02:19:27 CEST)\" (scheduled at 2026-09-03 02:19:17.305960+02:00)"}
{"timestamp": "2026-09-03T02:19:17", "level": "INFO", "component": "apscheduler.executors.default", "message": "Job \"poll_once (trigger: interval[0:00:10], next run at: 2026-09-03 02:19:27 CEST)\" executed successfully"}
{"timestamp": "2026-09-03T02:19:27", "level": "INFO", "component": "apscheduler.executors.default", "message": "Running job \"poll_once (trigger: interval[0:00:10], next run at: 2026-09-03 02:19:37 CEST)\" (scheduled at 2026-09-03 02:19:27.305960+02:00)"}
{"timestamp": "2026-09-03T02:19:27", "level": "INFO", "component": "apscheduler.executors.default", "message": "Job \"poll_once (trigger: interval[0:00:10], next run at: 2026-09-03 02:19:37 CEST)\" executed successfully"}
{"timestamp": "2026-09-03T02:19:37", "level": "INFO", "component": "apscheduler.executors.default", "message": "Running job \"poll_once (trigger: interval[0:00:10], next run at: 2026-09-03 02:19:47 CEST)\" (scheduled at 2026-09-03 02:19:37.305960+02:00)"}
{"timestamp": "2026-09-03T02:19:37", "level": "INFO", "component": "apscheduler.executors.default", "message": "Job \"poll_once (trigger: interval[0:00:10], next run at: 2026-09-03 02:19:47 CEST)\" executed successfully"}
{"timestamp": "2026-09-03T02:19:47", "level": "INFO", "component": "apscheduler.executors.default", "message": "Running job \"poll_once (trigger: interval[0:00:10], next run at: 2026-09-03 02:19:57 CEST)\" (scheduled at 2026-09-03 02:19:47.305960+02:00)"}
{"timestamp": "2026-09-03T02:19:47", "level": "INFO", "component": "apscheduler.executors.default", "message": "Job \"poll_once (trigger: interval[0:00:10], next run at: 2026-09-03 02:19:57 CEST)\" executed successfully"}
{"timestamp": "2026-09-03T02:19:57", "level": "INFO", "component": "apscheduler.executors.default", "message": "Running job \"poll_once (trigger: interval[0:00:10], next run at: 2026-09-03 02:20:07 CEST)\" (scheduled at 2026-09-03 02:19:57.305960+02:00)"}
{"timestamp": "2026-09-03T02:19:57", "level": "INFO", "component": "apscheduler.executors.default", "message": "Running job \"_start_scheduler.<locals>.<lambda> (trigger: interval[0:00:45], next run at: 2026-09-03 02:20:42 CEST)\" (scheduled at 2026-09-03 02:19:57.306433+02:00)"}
{"timestamp": "2026-09-03T02:19:57", "level": "INFO", "component": "apscheduler.executors.default", "message": "Job \"poll_once (trigger: interval[0:00:10], next run at: 2026-09-03 02:20:07 CEST)\" executed successfully"}
{"timestamp": "2026-09-03T02:19:57", "level": "INFO", "component": "cv112_poller", "message": "Feed descargado: 30 incidentes activos", "correlation_id": "d714c49c"}
{"timestamp": "2026-09-03T02:19:57", "level": "INFO", "component": "apscheduler.executors.default", "message": "Job \"_start_scheduler.<locals>.<lambda> (trigger: interval[0:00:45], next run at: 2026-09-03 02:20:42 CEST)\" executed successfully"}
{"timestamp": "2026-09-03T02:20:07", "level": "INFO", "component": "apscheduler.executors.default", "message": "Running job \"poll_once (trigger: interval[0:00:10], next run at: 2026-09-03 02:20:17 CEST)\" (scheduled at 2026-09-03 02:20:07.305960+02:00)"}
{"timestamp": "2026-09-03T02:20:07", "level": "INFO", "component": "apscheduler.executors.default", "message": "Job \"poll_once (trigger: interval[0:00:10], next run at: 2026-09-03 02:20:17 CEST)\" executed successfully"}
{"timestamp": "2026-09-03T02:20:17", "level": "INFO", "component": "apscheduler.executors.default", "message": "Running job \"poll_once (trigger: interval[0:00:10], next run at: 2026-09-03 02:20:27 CEST)\" (scheduled at 2026-09-03 02:20:17.305960+02:00)"}
{"timestamp": "2026-09-03T02:20:17", "level": "INFO", "component": "apscheduler.executors.default", "message": "Job \"poll_once (trigger: interval[0:00:10], next run at: 2026-09-03 02:20:27 CEST)\" executed successfully"}
{"timestamp": "2026-09-03T02:20:27", "level": "INFO", "component": "apscheduler.executors.default", "message": "Running job \"poll_once (trigger: interval[0:00:10], next run at: 2026-09-03 02:20:37 CEST)\" (scheduled at 2026-09-03 02:20:27.305960+02:00)"}
{"timestamp": "2026-09-03T02:20:27", "level": "INFO", "component": "apscheduler.executors.default", "message": "Job \"poll_once (trigger: interval[0:00:10], next run at: 2026-09-03 02:20:37 CEST)\" executed successfully"}
{"timestamp": "2026-09-03T02:20:37", "level": "INFO", "component": "apscheduler.executors.default", "message": "Running job \"poll_once (trigger: interval[0:00:10], next run at: 2026-09-03 02:20:47 CEST)\" (scheduled at 2026-09-03 02:20:37.305960+02:00)"}
{"timestamp": "2026-09-03T02:20:37", "level": "INFO", "component": "apscheduler.executors.default", "message": "Job \"poll_once (trigger: interval[0:00:10], next run at: 2026-09-03 02:20:47 CEST)\" executed successfully"}
{"timestamp": "2026-09-03T02:20:42", "level": "INFO", "component": "apscheduler.executors.default", "message": "Running job \"_start_scheduler.<locals>.<lambda> (trigger: interval[0:00:45], next run at: 2026-09-03 02:21:27 CEST)\" (scheduled at 2026-09-03 02:20:42.306433+02:00)"}
{"timestamp": "2026-09-03T02:20:42", "level": "INFO", "component": "cv112_poller", "message": "Feed descargado: 30 incidentes activos", "correlation_id": "e962a9c6"}
{"timestamp": "2026-09-03T02:20:42", "level": "INFO", "component": "apscheduler.executors.default", "message": "Job \"_start_scheduler.<locals>.<lambda> (trigger: interval[0:00:45], next run at: 2026-09-03 02:21:27 CEST)\" executed successfully"}
{"timestamp": "2026-09-03T02:20:47", "level": "INFO", "component": "apscheduler.executors.default", "message": "Running job \"poll_once (trigger: interval[0:00:10], next run at: 2026-09-03 02:20:57 CEST)\" (scheduled at 2026-09-03 02:20:47.305960+02:00)"}
{"timestamp": "2026-09-03T02:20:47", "level": "INFO", "component": "apscheduler.executors.default", "message": "Job \"poll_once (trigger: interval[0:00:10], next run at: 2026-09-03 02:20:57 CEST)\" executed successfully"}
{"timestamp": "2026-09-03T02:20:57", "level": "INFO", "component": "apscheduler.executors.default", "message": "Running job \"poll_once (trigger: interval[0:00:10], next run at: 2026-09-03 02:21:07 CEST)\" (scheduled at 2026-09-03 02:20:57.305960+02:00)"}
{"timestamp": "2026-09-03T02:20:57", "level": "INFO", "component": "apscheduler.executors.default", "message": "Job \"poll_once (trigger: interval[0:00:10], next run at: 2026-09-03 02:21:07 CEST)\" executed successfully"}
{"timestamp": "2026-09-03T02:21:07", "level": "INFO", "component": "apscheduler.executors.default", "message": "Running job \"poll_once (trigger: interval[0:00:10], next run at: 2026-09-03 02:21:17 CEST)\" (scheduled at 2026-09-03 02:21:07.305960+02:00)"}
{"timestamp": "2026-09-03T02:21:07", "level": "INFO", "component": "apscheduler.executors.default", "message": "Job \"poll_once (trigger: interval[0:00:10], next run at: 2026-09-03 02:21:17 CEST)\" executed successfully"}
{"timestamp": "2026-09-03T02:21:17", "level": "INFO", "component": "apscheduler.executors.default", "message": "Running job \"poll_once (trigger: interval[0:00:10], next run at: 2026-09-03 02:21:27 CEST)\" (scheduled at 2026-09-03 02:21:17.305960+02:00)"}
{"timestamp": "2026-09-03T02:21:17", "level": "INFO", "component": "apscheduler.executors.default", "message": "Job \"poll_once (trigger: interval[0:00:10], next run at: 2026-09-03 02:21:27 CEST)\" executed successfully"}
{"timestamp": "2026-09-03T02:21:27", "level": "INFO", "component": "apscheduler.executors.default", "message": "Running job \"poll_once (trigger: interval[0:00:10], next run at: 2026-09-03 02:21:37 CEST)\" (scheduled at 2026-09-03 02:21:27.305960+02:00)"}
{"timestamp": "2026-09-03T02:21:27", "level": "INFO", "component": "apscheduler.executors.default", "message": "Running job \"_start_scheduler.<locals>.<lambda> (trigger: interval[0:00:45], next run at: 2026-09-03 02:22:12 CEST)\" (scheduled at 2026-09-03 02:21:27.306433+02:00)"}
{"timestamp": "2026-09-03T02:21:27", "level": "INFO", "component": "apscheduler.executors.default", "message": "Job \"poll_once (trigger: interval[0:00:10], next run at: 2026-09-03 02:21:37 CEST)\" executed successfully"}
{"timestamp": "2026-09-03T02:21:27", "level": "INFO", "component": "cv112_poller", "message": "Feed descargado: 30 incidentes activos", "correlation_id": "2e4777be"}
{"timestamp": "2026-09-03T02:21:27", "level": "INFO", "component": "apscheduler.executors.default", "message": "Job \"_start_scheduler.<locals>.<lambda> (trigger: interval[0:00:45], next run at: 2026-09-03 02:22:12 CEST)\" executed successfully"}
{"timestamp": "2026-09-03T02:21:37", "level": "INFO", "component": "apscheduler.executors.default", "message": "Running job \"poll_once (trigger: interval[0:00:10], next run at: 2026-09-03 02:21:47 CEST)\" (scheduled at 2026-09-03 02:21:37.305960+02:00)"}
{"timestamp": "2026-09-03T02:21:37", "level": "INFO", "component": "apscheduler.executors.default", "message": "Job \"poll_once (trigger: interval[0:00:10], next run at: 2026-09-03 02:21:47 CEST)\" executed successfully"}
{"timestamp": "2026-09-03T02:21:47", "level": "INFO", "component": "apscheduler.executors.default", "message": "Running job \"poll_once (trigger: interval[0:00:10], next run at: 2026-09-03 02:21:57 CEST)\" (scheduled at 2026-09-03 02:21:47.305960+02:00)"}
{"timestamp": "2026-09-03T02:21:47", "level": "INFO", "component": "apscheduler.executors.default", "message": "Job \"poll_once (trigger: interval[0:00:10], next run at: 2026-09-03 02:21:57 CEST)\" executed successfully"}
{"timestamp": "2026-09-03T02:21:57", "level": "INFO", "component": "apscheduler.executors.default", "message": "Running job \"poll_once (trigger: interval[0:00:10], next run at: 2026-09-03 02:22:07 CEST)\" (scheduled at 2026-09-03 02:21:57.305960+02:00)"}
{"timestamp": "2026-09-03T02:21:57", "level": "INFO", "component": "apscheduler.executors.default", "message": "Job \"poll_once (trigger: interval[0:00:10], next run at: 2026-09-03 02:22:07 CEST)\" executed successfully"}
{"timestamp": "2026-09-03T02:22:07", "level": "INFO", "component": "apscheduler.executors.default", "message": "Running job \"poll_once (trigger: interval[0:00:10], next run at: 2026-09-03 02:22:17 CEST)\" (scheduled at 2026-09-03 02:22:07.305960+02:00)"}
{"timestamp": "2026-09-03T02:22:07", "level": "INFO", "component": "apscheduler.executors.default", "message": "Job \"poll_once (trigger: interval[0:00:10], next run at: 2026-09-03 02:22:17 CEST)\" executed successfully"}
{"timestamp": "2026-09-03T02:22:12", "level": "INFO", "component": "apscheduler.executors.default", "message": "Running job \"_start_scheduler.<locals>.<lambda> (trigger: interval[0:00:45], next run at: 2026-09-03 02:22:57 CEST)\" (scheduled at 2026-09-03 02:22:12.306433+02:00)"}
{"timestamp": "2026-09-03T02:22:12", "level": "INFO", "component": "cv112_poller", "message": "Feed descargado: 30 incidentes activos", "correlation_id": "f9fc7db9"}
{"timestamp": "2026-09-03T02:22:12", "level": "INFO", "component": "apscheduler.executors.default", "message": "Job \"_start_scheduler.<locals>.<lambda> (trigger: interval[0:00:45], next run at: 2026-09-03 02:22:57 CEST)\" executed successfully"}
{"timestamp": "2026-09-03T02:22:17", "level": "INFO", "component": "apscheduler.executors.default", "message": "Running job \"poll_once (trigger: interval[0:00:10], next run at: 2026-09-03 02:22:27 CEST)\" (scheduled at 2026-09-03 02:22:17.305960+02:00)"}
{"timestamp": "2026-09-03T02:22:17", "level": "INFO", "component": "apscheduler.executors.default", "message": "Job \"poll_once (trigger: interval[0:00:10], next run at: 2026-09-03 02:22:27 CEST)\" executed successfully"}
{"timestamp": "2026-09-03T02:22:27", "level": "INFO", "component": "apscheduler.executors.default", "message": "Running job \"poll_once (trigger: interval[0:00:10], next run at: 2026-09-03 02:22:37 CEST)\" (scheduled at 2026-09-03 02:22:27.305960+02:00)"}
{"timestamp": "2026-09-03T02:22:27", "level": "INFO", "component": "apscheduler.executors.default", "message": "Job \"poll_once (trigger: interval[0:00:10], next run at: 2026-09-03 02:22:37 CEST)\" executed successfully"}
{"timestamp": "2026-09-03T02:22:37", "level": "INFO", "component": "apscheduler.executors.default", "message": "Running job \"poll_once (trigger: interval[0:00:10], next run at: 2026-09-03 02:22:47 CEST)\" (scheduled at 2026-09-03 02:22:37.305960+02:00)"}
{"timestamp": "2026-09-03T02:22:37", "level": "INFO", "component": "apscheduler.executors.default", "message": "Job \"poll_once (trigger: interval[0:00:10], next run at: 2026-09-03 02:22:47 CEST)\" executed successfully"}
{"timestamp": "2026-09-03T02:22:47", "level": "INFO", "component": "apscheduler.executors.default", "message": "Running job \"poll_once (trigger: interval[0:00:10], next run at: 2026-09-03 02:22:57 CEST)\" (scheduled at 2026-09-03 02:22:47.305960+02:00)"}
{"timestamp": "2026-09-03T02:22:47", "level": "INFO", "component": "apscheduler.executors.default", "message": "Job \"poll_once (trigger: interval[0:00:10], next run at: 2026-09-03 02:22:57 CEST)\" executed successfully"}
{"timestamp": "2026-09-03T02:22:57", "level": "INFO", "component": "apscheduler.executors.default", "message": "Running job \"poll_once (trigger: interval[0:00:10], next run at: 2026-09-03 02:23:07 CEST)\" (scheduled at 2026-09-03 02:22:57.305960+02:00)"}
{"timestamp": "2026-09-03T02:22:57", "level": "INFO", "component": "apscheduler.executors.default", "message": "Running job \"_start_scheduler.<locals>.<lambda> (trigger: interval[0:00:45], next run at: 2026-09-03 02:23:42 CEST)\" (scheduled at 2026-09-03 02:22:57.306433+02:00)"}
{"timestamp": "2026-09-03T02:22:57", "level": "INFO", "component": "apscheduler.executors.default", "message": "Job \"poll_once (trigger: interval[0:00:10], next run at: 2026-09-03 02:23:07 CEST)\" executed successfully"}
{"timestamp": "2026-09-03T02:22:57", "level": "INFO", "component": "cv112_poller", "message": "Feed descargado: 30 incidentes activos", "correlation_id": "f9f4bffd"}
{"timestamp": "2026-09-03T02:22:57", "level": "INFO", "component": "apscheduler.executors.default", "message": "Job \"_start_scheduler.<locals>.<lambda> (trigger: interval[0:00:45], next run at: 2026-09-03 02:23:42 CEST)\" executed successfully"}
{"timestamp": "2026-09-03T02:23:07", "level": "INFO", "component": "apscheduler.executors.default", "message": "Running job \"poll_once (trigger: interval[0:00:10], next run at: 2026-09-03 02:23:17 CEST)\" (scheduled at 2026-09-03 02:23:07.305960+02:00)"}
{"timestamp": "2026-09-03T02:23:07", "level": "INFO", "component": "apscheduler.executors.default", "message": "Job \"poll_once (trigger: interval[0:00:10], next run at: 2026-09-03 02:23:17 CEST)\" executed successfully"}
{"timestamp": "2026-09-03T02:23:17", "level": "INFO", "component": "apscheduler.executors.default", "message": "Running job \"poll_once (trigger: interval[0:00:10], next run at: 2026-09-03 02:23:27 CEST)\" (scheduled at 2026-09-03 02:23:17.305960+02:00)"}
{"timestamp": "2026-09-03T02:23:17", "level": "INFO", "component": "apscheduler.executors.default", "message": "Job \"poll_once (trigger: interval[0:00:10], next run at: 2026-09-03 02:23:27 CEST)\" executed successfully"}
{"timestamp": "2026-09-03T02:23:27", "level": "INFO", "component": "apscheduler.executors.default", "message": "Running job \"poll_once (trigger: interval[0:00:10], next run at: 2026-09-03 02:23:37 CEST)\" (scheduled at 2026-09-03 02:23:27.305960+02:00)"}
{"timestamp": "2026-09-03T02:23:27", "level": "INFO", "component": "apscheduler.executors.default", "message": "Job \"poll_once (trigger: interval[0:00:10], next run at: 2026-09-03 02:23:37 CEST)\" executed successfully"}
{"timestamp": "2026-09-03T02:23:37", "level": "INFO", "component": "apscheduler.executors.default", "message": "Running job \"poll_once (trigger: interval[0:00:10], next run at: 2026-09-03 02:23:47 CEST)\" (scheduled at 2026-09-03 02:23:37.305960+02:00)"}
{"timestamp": "2026-09-03T02:23:37", "level": "INFO", "component": "apscheduler.executors.default", "message": "Job \"poll_once (trigger: interval[0:00:10], next run at: 2026-09-03 02:23:47 CEST)\" executed successfully"}
{"timestamp": "2026-09-03T02:23:42", "level": "INFO", "component": "apscheduler.executors.default", "message": "Running job \"_start_scheduler.<locals>.<lambda> (trigger: interval[0:00:45], next run at: 2026-09-03 02:24:27 CEST)\" (scheduled at 2026-09-03 02:23:42.306433+02:00)"}
{"timestamp": "2026-09-03T02:23:42", "level": "INFO", "component": "cv112_poller", "message": "Feed descargado: 30 incidentes activos", "correlation_id": "39e9e6b8"}
{"timestamp": "2026-09-03T02:23:42", "level": "INFO", "component": "apscheduler.executors.default", "message": "Job \"_start_scheduler.<locals>.<lambda> (trigger: interval[0:00:45], next run at: 2026-09-03 02:24:27 CEST)\" executed successfully"}
{"timestamp": "2026-09-03T02:23:47", "level": "INFO", "component": "apscheduler.executors.default", "message": "Running job \"poll_once (trigger: interval[0:00:10], next run at: 2026-09-03 02:23:57 CEST)\" (scheduled at 2026-09-03 02:23:47.305960+02:00)"}
{"timestamp": "2026-09-03T02:23:47", "level": "INFO", "component": "apscheduler.executors.default", "message": "Job \"poll_once (trigger: interval[0:00:10], next run at: 2026-09-03 02:23:57 CEST)\" executed successfully"}
{"timestamp": "2026-09-03T02:23:57", "level": "INFO", "component": "apscheduler.executors.default", "message": "Running job \"poll_once (trigger: interval[0:00:10], next run at: 2026-09-03 02:24:07 CEST)\" (scheduled at 2026-09-03 02:23:57.305960+02:00)"}
{"timestamp": "2026-09-03T02:23:57", "level": "INFO", "component": "apscheduler.executors.default", "message": "Job \"poll_once (trigger: interval[0:00:10], next run at: 2026-09-03 02:24:07 CEST)\" executed successfully"}
{"timestamp": "2026-09-03T02:24:07", "level": "INFO", "component": "apscheduler.executors.default", "message": "Running job \"poll_once (trigger: interval[0:00:10], next run at: 2026-09-03 02:24:17 CEST)\" (scheduled at 2026-09-03 02:24:07.305960+02:00)"}
{"timestamp": "2026-09-03T02:24:07", "level": "INFO", "component": "apscheduler.executors.default", "message": "Job \"poll_once (trigger: interval[0:00:10], next run at: 2026-09-03 02:24:17 CEST)\" executed successfully"}
{"timestamp": "2026-09-03T02:24:17", "level": "INFO", "component": "apscheduler.executors.default", "message": "Running job \"poll_once (trigger: interval[0:00:10], next run at: 2026-09-03 02:24:27 CEST)\" (scheduled at 2026-09-03 02:24:17.305960+02:00)"}
{"timestamp": "2026-09-03T02:24:17", "level": "INFO", "component": "apscheduler.executors.default", "message": "Job \"poll_once (trigger: interval[0:00:10], next run at: 2026-09-03 02:24:27 CEST)\" executed successfully"}
{"timestamp": "2026-09-03T02:24:27", "level": "INFO", "component": "apscheduler.executors.default", "message": "Running job \"poll_once (trigger: interval[0:00:10], next run at: 2026-09-03 02:24:37 CEST)\" (scheduled at 2026-09-03 02:24:27.305960+02:00)"}
{"timestamp": "2026-09-03T02:24:27", "level": "INFO", "component": "apscheduler.executors.default", "message": "Running job \"_start_scheduler.<locals>.<lambda> (trigger: interval[0:00:45], next run at: 2026-09-03 02:25:12 CEST)\" (scheduled at 2026-09-03 02:24:27.306433+02:00)"}
{"timestamp": "2026-09-03T02:24:27", "level": "INFO", "component": "apscheduler.executors.default", "message": "Job \"poll_once (trigger: interval[0:00:10], next run at: 2026-09-03 02:24:37 CEST)\" executed successfully"}
{"timestamp": "2026-09-03T02:24:27", "level": "INFO", "component": "cv112_poller", "message": "Feed descargado: 32 incidentes activos", "correlation_id": "90e5a649"}
{"timestamp": "2026-09-03T02:24:27", "level": "INFO", "component": "cv112_poller", "message": "Incidente 40511874 visto pero alertas automáticas pausadas (killswitch)", "correlation_id": "90e5a649"}
{"timestamp": "2026-09-03T02:24:27", "level": "INFO", "component": "cv112_poller", "message": "Incidente 40511881 visto pero alertas automáticas pausadas (killswitch)", "correlation_id": "90e5a649"}
{"timestamp": "2026-09-03T02:24:27", "level": "INFO", "component": "apscheduler.executors.default", "message": "Job \"_start_scheduler.<locals>.<lambda> (trigger: interval[0:00:45], next run at: 2026-09-03 02:25:12 CEST)\" executed successfully"}
{"timestamp": "2026-09-03T02:24:37", "level": "INFO", "component": "apscheduler.executors.default", "message": "Running job \"poll_once (trigger: interval[0:00:10], next run at: 2026-09-03 02:24:47 CEST)\" (scheduled at 2026-09-03 02:24:37.305960+02:00)"}
{"timestamp": "2026-09-03T02:24:37", "level": "INFO", "component": "apscheduler.executors.default", "message": "Job \"poll_once (trigger: interval[0:00:10], next run at: 2026-09-03 02:24:47 CEST)\" executed successfully"}
{"timestamp": "2026-09-03T02:24:47", "level": "INFO", "component": "apscheduler.executors.default", "message": "Running job \"poll_once (trigger: interval[0:00:10], next run at: 2026-09-03 02:24:57 CEST)\" (scheduled at 2026-09-03 02:24:47.305960+02:00)"}
{"timestamp": "2026-09-03T02:24:47", "level": "INFO", "component": "apscheduler.executors.default", "message": "Job \"poll_once (trigger: interval[0:00:10], next run at: 2026-09-03 02:24:57 CEST)\" executed successfully"}
{"timestamp": "2026-09-03T02:24:57", "level": "INFO", "component": "apscheduler.executors.default", "message": "Running job \"poll_once (trigger: interval[0:00:10], next run at: 2026-09-03 02:25:07 CEST)\" (scheduled at 2026-09-03 02:24:57.305960+02:00)"}
{"timestamp": "2026-09-03T02:24:57", "level": "INFO", "component": "apscheduler.executors.default", "message": "Job \"poll_once (trigger: interval[0:00:10], next run at: 2026-09-03 02:25:07 CEST)\" executed successfully"}
{"timestamp": "2026-09-03T02:25:07", "level": "INFO", "component": "apscheduler.executors.default", "message": "Running job \"poll_once (trigger: interval[0:00:10], next run at: 2026-09-03 02:25:17 CEST)\" (scheduled at 2026-09-03 02:25:07.305960+02:00)"}
{"timestamp": "2026-09-03T02:25:07", "level": "INFO", "component": "apscheduler.executors.default", "message": "Job \"poll_once (trigger: interval[0:00:10], next run at: 2026-09-03 02:25:17 CEST)\" executed successfully"}
{"timestamp": "2026-09-03T02:25:12", "level": "INFO", "component": "apscheduler.executors.default", "message": "Running job \"_start_scheduler.<locals>.<lambda> (trigger: interval[0:00:45], next run at: 2026-09-03 02:25:57 CEST)\" (scheduled at 2026-09-03 02:25:12.306433+02:00)"}
{"timestamp": "2026-09-03T02:25:12", "level": "INFO", "component": "cv112_poller", "message": "Feed descargado: 32 incidentes activos", "correlation_id": "6c14beff"}
{"timestamp": "2026-09-03T02:25:12", "level": "INFO", "component": "apscheduler.executors.default", "message": "Job \"_start_scheduler.<locals>.<lambda> (trigger: interval[0:00:45], next run at: 2026-09-03 02:25:57 CEST)\" executed successfully"}
{"timestamp": "2026-09-03T02:25:17", "level": "INFO", "component": "apscheduler.executors.default", "message": "Running job \"poll_once (trigger: interval[0:00:10], next run at: 2026-09-03 02:25:27 CEST)\" (scheduled at 2026-09-03 02:25:17.305960+02:00)"}
{"timestamp": "2026-09-03T02:25:17", "level": "INFO", "component": "apscheduler.executors.default", "message": "Job \"poll_once (trigger: interval[0:00:10], next run at: 2026-09-03 02:25:27 CEST)\" executed successfully"}
{"timestamp": "2026-09-03T02:40:49", "level": "WARNING", "component": "apscheduler.executors.default", "message": "Run time of job \"poll_once (trigger: interval[0:00:10], next run at: 2026-09-03 02:40:57 CEST)\" was missed by 0:00:02.199132"}
{"timestamp": "2026-09-03T02:40:49", "level": "WARNING", "component": "apscheduler.executors.default", "message": "Run time of job \"_start_scheduler.<locals>.<lambda> (trigger: interval[0:00:45], next run at: 2026-09-03 02:40:57 CEST)\" was missed by 0:00:37.199063"}
{"timestamp": "2026-09-03T02:40:57", "level": "INFO", "component": "apscheduler.executors.default", "message": "Running job \"poll_once (trigger: interval[0:00:10], next run at: 2026-09-03 02:41:07 CEST)\" (scheduled at 2026-09-03 02:40:57.305960+02:00)"}
{"timestamp": "2026-09-03T02:40:57", "level": "INFO", "component": "apscheduler.executors.default", "message": "Running job \"_start_scheduler.<locals>.<lambda> (trigger: interval[0:00:45], next run at: 2026-09-03 02:41:42 CEST)\" (scheduled at 2026-09-03 02:40:57.306433+02:00)"}
{"timestamp": "2026-09-03T02:40:57", "level": "INFO", "component": "apscheduler.executors.default", "message": "Job \"poll_once (trigger: interval[0:00:10], next run at: 2026-09-03 02:41:07 CEST)\" executed successfully"}
{"timestamp": "2026-09-03T02:40:57", "level": "INFO", "component": "cv112_poller", "message": "Feed descargado: 33 incidentes activos", "correlation_id": "d9ee2f79"}
{"timestamp": "2026-09-03T02:40:57", "level": "INFO", "component": "cv112_poller", "message": "Incidente 40511900 visto pero alertas automáticas pausadas (killswitch)", "correlation_id": "d9ee2f79"}
{"timestamp": "2026-09-03T02:40:57", "level": "INFO", "component": "apscheduler.executors.default", "message": "Job \"_start_scheduler.<locals>.<lambda> (trigger: interval[0:00:45], next run at: 2026-09-03 02:41:42 CEST)\" executed successfully"}
{"timestamp": "2026-09-03T02:41:07", "level": "INFO", "component": "apscheduler.executors.default", "message": "Running job \"poll_once (trigger: interval[0:00:10], next run at: 2026-09-03 02:41:17 CEST)\" (scheduled at 2026-09-03 02:41:07.305960+02:00)"}
{"timestamp": "2026-09-03T02:41:07", "level": "INFO", "component": "apscheduler.executors.default", "message": "Job \"poll_once (trigger: interval[0:00:10], next run at: 2026-09-03 02:41:17 CEST)\" executed successfully"}
{"timestamp": "2026-09-03T02:41:17", "level": "INFO", "component": "apscheduler.executors.default", "message": "Running job \"poll_once (trigger: interval[0:00:10], next run at: 2026-09-03 02:41:27 CEST)\" (scheduled at 2026-09-03 02:41:17.305960+02:00)"}
{"timestamp": "2026-09-03T02:41:17", "level": "INFO", "component": "apscheduler.executors.default", "message": "Job \"poll_once (trigger: interval[0:00:10], next run at: 2026-09-03 02:41:27 CEST)\" executed successfully"}
{"timestamp": "2026-09-03T02:41:27", "level": "INFO", "component": "apscheduler.executors.default", "message": "Running job \"poll_once (trigger: interval[0:00:10], next run at: 2026-09-03 02:41:37 CEST)\" (scheduled at 2026-09-03 02:41:27.305960+02:00)"}
{"timestamp": "2026-09-03T02:41:27", "level": "INFO", "component": "apscheduler.executors.default", "message": "Job \"poll_once (trigger: interval[0:00:10], next run at: 2026-09-03 02:41:37 CEST)\" executed successfully"}
{"timestamp": "2026-09-03T02:41:37", "level": "INFO", "component": "apscheduler.executors.default", "message": "Running job \"poll_once (trigger: interval[0:00:10], next run at: 2026-09-03 02:41:47 CEST)\" (scheduled at 2026-09-03 02:41:37.305960+02:00)"}
{"timestamp": "2026-09-03T02:41:37", "level": "INFO", "component": "apscheduler.executors.default", "message": "Job \"poll_once (trigger: interval[0:00:10], next run at: 2026-09-03 02:41:47 CEST)\" executed successfully"}
{"timestamp": "2026-09-03T02:41:42", "level": "INFO", "component": "apscheduler.executors.default", "message": "Running job \"_start_scheduler.<locals>.<lambda> (trigger: interval[0:00:45], next run at: 2026-09-03 02:42:27 CEST)\" (scheduled at 2026-09-03 02:41:42.306433+02:00)"}
{"timestamp": "2026-09-03T02:41:42", "level": "INFO", "component": "cv112_poller", "message": "Feed descargado: 33 incidentes activos", "correlation_id": "3fa0e8ba"}
{"timestamp": "2026-09-03T02:41:42", "level": "INFO", "component": "apscheduler.executors.default", "message": "Job \"_start_scheduler.<locals>.<lambda> (trigger: interval[0:00:45], next run at: 2026-09-03 02:42:27 CEST)\" executed successfully"}
{"timestamp": "2026-09-03T02:41:47", "level": "INFO", "component": "apscheduler.executors.default", "message": "Running job \"poll_once (trigger: interval[0:00:10], next run at: 2026-09-03 02:41:57 CEST)\" (scheduled at 2026-09-03 02:41:47.305960+02:00)"}
{"timestamp": "2026-09-03T02:41:47", "level": "INFO", "component": "apscheduler.executors.default", "message": "Job \"poll_once (trigger: interval[0:00:10], next run at: 2026-09-03 02:41:57 CEST)\" executed successfully"}
{"timestamp": "2026-09-03T02:41:57", "level": "INFO", "component": "apscheduler.executors.default", "message": "Running job \"poll_once (trigger: interval[0:00:10], next run at: 2026-09-03 02:42:07 CEST)\" (scheduled at 2026-09-03 02:41:57.305960+02:00)"}
{"timestamp": "2026-09-03T02:41:57", "level": "INFO", "component": "apscheduler.executors.default", "message": "Job \"poll_once (trigger: interval[0:00:10], next run at: 2026-09-03 02:42:07 CEST)\" executed successfully"}
{"timestamp": "2026-09-03T02:42:07", "level": "INFO", "component": "apscheduler.executors.default", "message": "Running job \"poll_once (trigger: interval[0:00:10], next run at: 2026-09-03 02:42:17 CEST)\" (scheduled at 2026-09-03 02:42:07.305960+02:00)"}
{"timestamp": "2026-09-03T02:42:07", "level": "INFO", "component": "apscheduler.executors.default", "message": "Job \"poll_once (trigger: interval[0:00:10], next run at: 2026-09-03 02:42:17 CEST)\" executed successfully"}
{"timestamp": "2026-09-03T02:42:17", "level": "INFO", "component": "apscheduler.executors.default", "message": "Running job \"poll_once (trigger: interval[0:00:10], next run at: 2026-09-03 02:42:27 CEST)\" (scheduled at 2026-09-03 02:42:17.305960+02:00)"}
{"timestamp": "2026-09-03T02:42:17", "level": "INFO", "component": "apscheduler.executors.default", "message": "Job \"poll_once (trigger: interval[0:00:10], next run at: 2026-09-03 02:42:27 CEST)\" executed successfully"}
{"timestamp": "2026-09-03T02:42:27", "level": "INFO", "component": "apscheduler.executors.default", "message": "Running job \"poll_once (trigger: interval[0:00:10], next run at: 2026-09-03 02:42:37 CEST)\" (scheduled at 2026-09-03 02:42:27.305960+02:00)"}
{"timestamp": "2026-09-03T02:42:27", "level": "INFO", "component": "apscheduler.executors.default", "message": "Running job \"_start_scheduler.<locals>.<lambda> (trigger: interval[0:00:45], next run at: 2026-09-03 02:43:12 CEST)\" (scheduled at 2026-09-03 02:42:27.306433+02:00)"}
{"timestamp": "2026-09-03T02:42:27", "level": "INFO", "component": "apscheduler.executors.default", "message": "Job \"poll_once (trigger: interval[0:00:10], next run at: 2026-09-03 02:42:37 CEST)\" executed successfully"}
{"timestamp": "2026-09-03T02:42:27", "level": "INFO", "component": "cv112_poller", "message": "Feed descargado: 33 incidentes activos", "correlation_id": "37a776ec"}
{"timestamp": "2026-09-03T02:42:27", "level": "INFO", "component": "apscheduler.executors.default", "message": "Job \"_start_scheduler.<locals>.<lambda> (trigger: interval[0:00:45], next run at: 2026-09-03 02:43:12 CEST)\" executed successfully"}
{"timestamp": "2026-09-03T02:42:37", "level": "INFO", "component": "apscheduler.executors.default", "message": "Running job \"poll_once (trigger: interval[0:00:10], next run at: 2026-09-03 02:42:47 CEST)\" (scheduled at 2026-09-03 02:42:37.305960+02:00)"}
{"timestamp": "2026-09-03T02:42:37", "level": "INFO", "component": "apscheduler.executors.default", "message": "Job \"poll_once (trigger: interval[0:00:10], next run at: 2026-09-03 02:42:47 CEST)\" executed successfully"}
{"timestamp": "2026-09-03T02:42:47", "level": "INFO", "component": "apscheduler.executors.default", "message": "Running job \"poll_once (trigger: interval[0:00:10], next run at: 2026-09-03 02:42:57 CEST)\" (scheduled at 2026-09-03 02:42:47.305960+02:00)"}
{"timestamp": "2026-09-03T02:42:47", "level": "INFO", "component": "apscheduler.executors.default", "message": "Job \"poll_once (trigger: interval[0:00:10], next run at: 2026-09-03 02:42:57 CEST)\" executed successfully"}
{"timestamp": "2026-09-03T02:42:57", "level": "INFO", "component": "apscheduler.executors.default", "message": "Running job \"poll_once (trigger: interval[0:00:10], next run at: 2026-09-03 02:43:07 CEST)\" (scheduled at 2026-09-03 02:42:57.305960+02:00)"}
{"timestamp": "2026-09-03T02:42:57", "level": "INFO", "component": "apscheduler.executors.default", "message": "Job \"poll_once (trigger: interval[0:00:10], next run at: 2026-09-03 02:43:07 CEST)\" executed successfully"}
{"timestamp": "2026-09-03T02:43:07", "level": "INFO", "component": "apscheduler.executors.default", "message": "Running job \"poll_once (trigger: interval[0:00:10], next run at: 2026-09-03 02:43:17 CEST)\" (scheduled at 2026-09-03 02:43:07.305960+02:00)"}
{"timestamp": "2026-09-03T02:43:07", "level": "INFO", "component": "apscheduler.executors.default", "message": "Job \"poll_once (trigger: interval[0:00:10], next run at: 2026-09-03 02:43:17 CEST)\" executed successfully"}
{"timestamp": "2026-09-03T02:43:12", "level": "INFO", "component": "apscheduler.executors.default", "message": "Running job \"_start_scheduler.<locals>.<lambda> (trigger: interval[0:00:45], next run at: 2026-09-03 02:43:57 CEST)\" (scheduled at 2026-09-03 02:43:12.306433+02:00)"}
{"timestamp": "2026-09-03T02:43:12", "level": "INFO", "component": "cv112_poller", "message": "Feed descargado: 33 incidentes activos", "correlation_id": "95724b24"}
{"timestamp": "2026-09-03T02:43:12", "level": "INFO", "component": "apscheduler.executors.default", "message": "Job \"_start_scheduler.<locals>.<lambda> (trigger: interval[0:00:45], next run at: 2026-09-03 02:43:57 CEST)\" executed successfully"}
{"timestamp": "2026-09-03T02:43:17", "level": "INFO", "component": "apscheduler.executors.default", "message": "Running job \"poll_once (trigger: interval[0:00:10], next run at: 2026-09-03 02:43:27 CEST)\" (scheduled at 2026-09-03 02:43:17.305960+02:00)"}
{"timestamp": "2026-09-03T02:43:17", "level": "INFO", "component": "apscheduler.executors.default", "message": "Job \"poll_once (trigger: interval[0:00:10], next run at: 2026-09-03 02:43:27 CEST)\" executed successfully"}
{"timestamp": "2026-09-03T02:43:27", "level": "INFO", "component": "apscheduler.executors.default", "message": "Running job \"poll_once (trigger: interval[0:00:10], next run at: 2026-09-03 02:43:37 CEST)\" (scheduled at 2026-09-03 02:43:27.305960+02:00)"}
{"timestamp": "2026-09-03T02:43:27", "level": "INFO", "component": "apscheduler.executors.default", "message": "Job \"poll_once (trigger: interval[0:00:10], next run at: 2026-09-03 02:43:37 CEST)\" executed successfully"}
{"timestamp": "2026-09-03T02:43:37", "level": "INFO", "component": "apscheduler.executors.default", "message": "Running job \"poll_once (trigger: interval[0:00:10], next run at: 2026-09-03 02:43:47 CEST)\" (scheduled at 2026-09-03 02:43:37.305960+02:00)"}
{"timestamp": "2026-09-03T02:43:37", "level": "INFO", "component": "apscheduler.executors.default", "message": "Job \"poll_once (trigger: interval[0:00:10], next run at: 2026-09-03 02:43:47 CEST)\" executed successfully"}
{"timestamp": "2026-09-03T02:43:47", "level": "INFO", "component": "apscheduler.executors.default", "message": "Running job \"poll_once (trigger: interval[0:00:10], next run at: 2026-09-03 02:43:57 CEST)\" (scheduled at 2026-09-03 02:43:47.305960+02:00)"}
{"timestamp": "2026-09-03T02:43:47", "level": "INFO", "component": "apscheduler.executors.default", "message": "Job \"poll_once (trigger: interval[0:00:10], next run at: 2026-09-03 02:43:57 CEST)\" executed successfully"}
{"timestamp": "2026-09-03T02:43:57", "level": "INFO", "component": "apscheduler.executors.default", "message": "Running job \"poll_once (trigger: interval[0:00:10], next run at: 2026-09-03 02:44:07 CEST)\" (scheduled at 2026-09-03 02:43:57.305960+02:00)"}
{"timestamp": "2026-09-03T02:43:57", "level": "INFO", "component": "apscheduler.executors.default", "message": "Running job \"_start_scheduler.<locals>.<lambda> (trigger: interval[0:00:45], next run at: 2026-09-03 02:44:42 CEST)\" (scheduled at 2026-09-03 02:43:57.306433+02:00)"}
{"timestamp": "2026-09-03T02:43:57", "level": "INFO", "component": "apscheduler.executors.default", "message": "Job \"poll_once (trigger: interval[0:00:10], next run at: 2026-09-03 02:44:07 CEST)\" executed successfully"}
{"timestamp": "2026-09-03T02:43:57", "level": "INFO", "component": "cv112_poller", "message": "Feed descargado: 33 incidentes activos", "correlation_id": "5376590c"}
{"timestamp": "2026-09-03T02:43:57", "level": "INFO", "component": "apscheduler.executors.default", "message": "Job \"_start_scheduler.<locals>.<lambda> (trigger: interval[0:00:45], next run at: 2026-09-03 02:44:42 CEST)\" executed successfully"}
{"timestamp": "2026-09-03T02:44:07", "level": "INFO", "component": "apscheduler.executors.default", "message": "Running job \"poll_once (trigger: interval[0:00:10], next run at: 2026-09-03 02:44:17 CEST)\" (scheduled at 2026-09-03 02:44:07.305960+02:00)"}
{"timestamp": "2026-09-03T02:44:07", "level": "INFO", "component": "apscheduler.executors.default", "message": "Job \"poll_once (trigger: interval[0:00:10], next run at: 2026-09-03 02:44:17 CEST)\" executed successfully"}
{"timestamp": "2026-09-03T02:44:17", "level": "INFO", "component": "apscheduler.executors.default", "message": "Running job \"poll_once (trigger: interval[0:00:10], next run at: 2026-09-03 02:44:27 CEST)\" (scheduled at 2026-09-03 02:44:17.305960+02:00)"}
{"timestamp": "2026-09-03T02:44:17", "level": "INFO", "component": "apscheduler.executors.default", "message": "Job \"poll_once (trigger: interval[0:00:10], next run at: 2026-09-03 02:44:27 CEST)\" executed successfully"}
{"timestamp": "2026-09-03T02:44:27", "level": "INFO", "component": "apscheduler.executors.default", "message": "Running job \"poll_once (trigger: interval[0:00:10], next run at: 2026-09-03 02:44:37 CEST)\" (scheduled at 2026-09-03 02:44:27.305960+02:00)"}
{"timestamp": "2026-09-03T02:44:27", "level": "INFO", "component": "apscheduler.executors.default", "message": "Job \"poll_once (trigger: interval[0:00:10], next run at: 2026-09-03 02:44:37 CEST)\" executed successfully"}
{"timestamp": "2026-09-03T02:44:37", "level": "INFO", "component": "apscheduler.executors.default", "message": "Running job \"poll_once (trigger: interval[0:00:10], next run at: 2026-09-03 02:44:47 CEST)\" (scheduled at 2026-09-03 02:44:37.305960+02:00)"}
{"timestamp": "2026-09-03T02:44:37", "level": "INFO", "component": "apscheduler.executors.default", "message": "Job \"poll_once (trigger: interval[0:00:10], next run at: 2026-09-03 02:44:47 CEST)\" executed successfully"}
{"timestamp": "2026-09-03T02:44:42", "level": "INFO", "component": "apscheduler.executors.default", "message": "Running job \"_start_scheduler.<locals>.<lambda> (trigger: interval[0:00:45], next run at: 2026-09-03 02:45:27 CEST)\" (scheduled at 2026-09-03 02:44:42.306433+02:00)"}
{"timestamp": "2026-09-03T02:44:42", "level": "INFO", "component": "cv112_poller", "message": "Feed descargado: 33 incidentes activos", "correlation_id": "7c1a7599"}
{"timestamp": "2026-09-03T02:44:42", "level": "INFO", "component": "apscheduler.executors.default", "message": "Job \"_start_scheduler.<locals>.<lambda> (trigger: interval[0:00:45], next run at: 2026-09-03 02:45:27 CEST)\" executed successfully"}
{"timestamp": "2026-09-03T02:44:47", "level": "INFO", "component": "apscheduler.executors.default", "message": "Running job \"poll_once (trigger: interval[0:00:10], next run at: 2026-09-03 02:44:57 CEST)\" (scheduled at 2026-09-03 02:44:47.305960+02:00)"}
{"timestamp": "2026-09-03T02:44:47", "level": "INFO", "component": "apscheduler.executors.default", "message": "Job \"poll_once (trigger: interval[0:00:10], next run at: 2026-09-03 02:44:57 CEST)\" executed successfully"}
{"timestamp": "2026-09-03T02:44:57", "level": "INFO", "component": "apscheduler.executors.default", "message": "Running job \"poll_once (trigger: interval[0:00:10], next run at: 2026-09-03 02:45:07 CEST)\" (scheduled at 2026-09-03 02:44:57.305960+02:00)"}
{"timestamp": "2026-09-03T02:44:57", "level": "INFO", "component": "apscheduler.executors.default", "message": "Job \"poll_once (trigger: interval[0:00:10], next run at: 2026-09-03 02:45:07 CEST)\" executed successfully"}
{"timestamp": "2026-09-03T02:45:07", "level": "INFO", "component": "apscheduler.executors.default", "message": "Running job \"poll_once (trigger: interval[0:00:10], next run at: 2026-09-03 02:45:17 CEST)\" (scheduled at 2026-09-03 02:45:07.305960+02:00)"}
{"timestamp": "2026-09-03T02:45:07", "level": "INFO", "component": "apscheduler.executors.default", "message": "Job \"poll_once (trigger: interval[0:00:10], next run at: 2026-09-03 02:45:17 CEST)\" executed successfully"}
{"timestamp": "2026-09-03T02:45:17", "level": "INFO", "component": "apscheduler.executors.default", "message": "Running job \"poll_once (trigger: interval[0:00:10], next run at: 2026-09-03 02:45:27 CEST)\" (scheduled at 2026-09-03 02:45:17.305960+02:00)"}
{"timestamp": "2026-09-03T02:45:17", "level": "INFO", "component": "apscheduler.executors.default", "message": "Job \"poll_once (trigger: interval[0:00:10], next run at: 2026-09-03 02:45:27 CEST)\" executed successfully"}
{"timestamp": "2026-09-03T02:45:27", "level": "INFO", "component": "apscheduler.executors.default", "message": "Running job \"poll_once (trigger: interval[0:00:10], next run at: 2026-09-03 02:45:37 CEST)\" (scheduled at 2026-09-03 02:45:27.305960+02:00)"}
{"timestamp": "2026-09-03T02:45:27", "level": "INFO", "component": "apscheduler.executors.default", "message": "Running job \"_start_scheduler.<locals>.<lambda> (trigger: interval[0:00:45], next run at: 2026-09-03 02:46:12 CEST)\" (scheduled at 2026-09-03 02:45:27.306433+02:00)"}
{"timestamp": "2026-09-03T02:45:27", "level": "INFO", "component": "apscheduler.executors.default", "message": "Job \"poll_once (trigger: interval[0:00:10], next run at: 2026-09-03 02:45:37 CEST)\" executed successfully"}
{"timestamp": "2026-09-03T02:45:27", "level": "INFO", "component": "cv112_poller", "message": "Feed descargado: 33 incidentes activos", "correlation_id": "d0ceb7ab"}
{"timestamp": "2026-09-03T02:45:27", "level": "INFO", "component": "apscheduler.executors.default", "message": "Job \"_start_scheduler.<locals>.<lambda> (trigger: interval[0:00:45], next run at: 2026-09-03 02:46:12 CEST)\" executed successfully"}
{"timestamp": "2026-09-03T02:45:37", "level": "INFO", "component": "apscheduler.executors.default", "message": "Running job \"poll_once (trigger: interval[0:00:10], next run at: 2026-09-03 02:45:47 CEST)\" (scheduled at 2026-09-03 02:45:37.305960+02:00)"}
{"timestamp": "2026-09-03T02:45:37", "level": "INFO", "component": "apscheduler.executors.default", "message": "Job \"poll_once (trigger: interval[0:00:10], next run at: 2026-09-03 02:45:47 CEST)\" executed successfully"}
{"timestamp": "2026-09-03T02:45:47", "level": "INFO", "component": "apscheduler.executors.default", "message": "Running job \"poll_once (trigger: interval[0:00:10], next run at: 2026-09-03 02:45:57 CEST)\" (scheduled at 2026-09-03 02:45:47.305960+02:00)"}
{"timestamp": "2026-09-03T02:45:47", "level": "INFO", "component": "apscheduler.executors.default", "message": "Job \"poll_once (trigger: interval[0:00:10], next run at: 2026-09-03 02:45:57 CEST)\" executed successfully"}
{"timestamp": "2026-09-03T02:45:57", "level": "INFO", "component": "apscheduler.executors.default", "message": "Running job \"poll_once (trigger: interval[0:00:10], next run at: 2026-09-03 02:46:07 CEST)\" (scheduled at 2026-09-03 02:45:57.305960+02:00)"}
{"timestamp": "2026-09-03T02:45:57", "level": "INFO", "component": "apscheduler.executors.default", "message": "Job \"poll_once (trigger: interval[0:00:10], next run at: 2026-09-03 02:46:07 CEST)\" executed successfully"}
{"timestamp": "2026-09-03T02:46:07", "level": "INFO", "component": "apscheduler.executors.default", "message": "Running job \"poll_once (trigger: interval[0:00:10], next run at: 2026-09-03 02:46:17 CEST)\" (scheduled at 2026-09-03 02:46:07.305960+02:00)"}
{"timestamp": "2026-09-03T02:46:07", "level": "INFO", "component": "apscheduler.executors.default", "message": "Job \"poll_once (trigger: interval[0:00:10], next run at: 2026-09-03 02:46:17 CEST)\" executed successfully"}
{"timestamp": "2026-09-03T02:46:12", "level": "INFO", "component": "apscheduler.executors.default", "message": "Running job \"_start_scheduler.<locals>.<lambda> (trigger: interval[0:00:45], next run at: 2026-09-03 02:46:57 CEST)\" (scheduled at 2026-09-03 02:46:12.306433+02:00)"}
{"timestamp": "2026-09-03T02:46:12", "level": "INFO", "component": "cv112_poller", "message": "Feed descargado: 33 incidentes activos", "correlation_id": "cb983834"}
{"timestamp": "2026-09-03T02:46:12", "level": "INFO", "component": "apscheduler.executors.default", "message": "Job \"_start_scheduler.<locals>.<lambda> (trigger: interval[0:00:45], next run at: 2026-09-03 02:46:57 CEST)\" executed successfully"}
{"timestamp": "2026-09-03T02:46:17", "level": "INFO", "component": "apscheduler.executors.default", "message": "Running job \"poll_once (trigger: interval[0:00:10], next run at: 2026-09-03 02:46:27 CEST)\" (scheduled at 2026-09-03 02:46:17.305960+02:00)"}
{"timestamp": "2026-09-03T02:46:17", "level": "INFO", "component": "apscheduler.executors.default", "message": "Job \"poll_once (trigger: interval[0:00:10], next run at: 2026-09-03 02:46:27 CEST)\" executed successfully"}
{"timestamp": "2026-09-03T02:46:27", "level": "INFO", "component": "apscheduler.executors.default", "message": "Running job \"poll_once (trigger: interval[0:00:10], next run at: 2026-09-03 02:46:37 CEST)\" (scheduled at 2026-09-03 02:46:27.305960+02:00)"}
{"timestamp": "2026-09-03T02:46:27", "level": "INFO", "component": "apscheduler.executors.default", "message": "Job \"poll_once (trigger: interval[0:00:10], next run at: 2026-09-03 02:46:37 CEST)\" executed successfully"}
{"timestamp": "2026-09-03T02:46:37", "level": "INFO", "component": "apscheduler.executors.default", "message": "Running job \"poll_once (trigger: interval[0:00:10], next run at: 2026-09-03 02:46:47 CEST)\" (scheduled at 2026-09-03 02:46:37.305960+02:00)"}
{"timestamp": "2026-09-03T02:46:37", "level": "INFO", "component": "apscheduler.executors.default", "message": "Job \"poll_once (trigger: interval[0:00:10], next run at: 2026-09-03 02:46:47 CEST)\" executed successfully"}
{"timestamp": "2026-09-03T02:46:47", "level": "INFO", "component": "apscheduler.executors.default", "message": "Running job \"poll_once (trigger: interval[0:00:10], next run at: 2026-09-03 02:46:57 CEST)\" (scheduled at 2026-09-03 02:46:47.305960+02:00)"}
{"timestamp": "2026-09-03T02:46:47", "level": "INFO", "component": "apscheduler.executors.default", "message": "Job \"poll_once (trigger: interval[0:00:10], next run at: 2026-09-03 02:46:57 CEST)\" executed successfully"}
{"timestamp": "2026-09-03T02:46:57", "level": "INFO", "component": "apscheduler.executors.default", "message": "Running job \"poll_once (trigger: interval[0:00:10], next run at: 2026-09-03 02:47:07 CEST)\" (scheduled at 2026-09-03 02:46:57.305960+02:00)"}
{"timestamp": "2026-09-03T02:46:57", "level": "INFO", "component": "apscheduler.executors.default", "message": "Running job \"_start_scheduler.<locals>.<lambda> (trigger: interval[0:00:45], next run at: 2026-09-03 02:47:42 CEST)\" (scheduled at 2026-09-03 02:46:57.306433+02:00)"}
{"timestamp": "2026-09-03T02:46:57", "level": "INFO", "component": "apscheduler.executors.default", "message": "Job \"poll_once (trigger: interval[0:00:10], next run at: 2026-09-03 02:47:07 CEST)\" executed successfully"}
{"timestamp": "2026-09-03T02:46:57", "level": "INFO", "component": "cv112_poller", "message": "Feed descargado: 33 incidentes activos", "correlation_id": "d83bb786"}
{"timestamp": "2026-09-03T02:46:57", "level": "INFO", "component": "apscheduler.executors.default", "message": "Job \"_start_scheduler.<locals>.<lambda> (trigger: interval[0:00:45], next run at: 2026-09-03 02:47:42 CEST)\" executed successfully"}
{"timestamp": "2026-09-03T02:47:07", "level": "INFO", "component": "apscheduler.executors.default", "message": "Running job \"poll_once (trigger: interval[0:00:10], next run at: 2026-09-03 02:47:17 CEST)\" (scheduled at 2026-09-03 02:47:07.305960+02:00)"}
{"timestamp": "2026-09-03T02:47:07", "level": "INFO", "component": "apscheduler.executors.default", "message": "Job \"poll_once (trigger: interval[0:00:10], next run at: 2026-09-03 02:47:17 CEST)\" executed successfully"}
{"timestamp": "2026-09-03T02:47:17", "level": "INFO", "component": "apscheduler.executors.default", "message": "Running job \"poll_once (trigger: interval[0:00:10], next run at: 2026-09-03 02:47:27 CEST)\" (scheduled at 2026-09-03 02:47:17.305960+02:00)"}
{"timestamp": "2026-09-03T02:47:17", "level": "INFO", "component": "apscheduler.executors.default", "message": "Job \"poll_once (trigger: interval[0:00:10], next run at: 2026-09-03 02:47:27 CEST)\" executed successfully"}
{"timestamp": "2026-09-03T02:47:27", "level": "INFO", "component": "apscheduler.executors.default", "message": "Running job \"poll_once (trigger: interval[0:00:10], next run at: 2026-09-03 02:47:37 CEST)\" (scheduled at 2026-09-03 02:47:27.305960+02:00)"}
{"timestamp": "2026-09-03T02:47:27", "level": "INFO", "component": "apscheduler.executors.default", "message": "Job \"poll_once (trigger: interval[0:00:10], next run at: 2026-09-03 02:47:37 CEST)\" executed successfully"}
{"timestamp": "2026-09-03T02:47:37", "level": "INFO", "component": "apscheduler.executors.default", "message": "Running job \"poll_once (trigger: interval[0:00:10], next run at: 2026-09-03 02:47:47 CEST)\" (scheduled at 2026-09-03 02:47:37.305960+02:00)"}
{"timestamp": "2026-09-03T02:47:37", "level": "INFO", "component": "apscheduler.executors.default", "message": "Job \"poll_once (trigger: interval[0:00:10], next run at: 2026-09-03 02:47:47 CEST)\" executed successfully"}
{"timestamp": "2026-09-03T02:47:42", "level": "INFO", "component": "apscheduler.executors.default", "message": "Running job \"_start_scheduler.<locals>.<lambda> (trigger: interval[0:00:45], next run at: 2026-09-03 02:48:27 CEST)\" (scheduled at 2026-09-03 02:47:42.306433+02:00)"}
{"timestamp": "2026-09-03T02:47:42", "level": "INFO", "component": "cv112_poller", "message": "Feed descargado: 33 incidentes activos", "correlation_id": "a49ed323"}
{"timestamp": "2026-09-03T02:47:42", "level": "INFO", "component": "apscheduler.executors.default", "message": "Job \"_start_scheduler.<locals>.<lambda> (trigger: interval[0:00:45], next run at: 2026-09-03 02:48:27 CEST)\" executed successfully"}
{"timestamp": "2026-09-03T02:47:47", "level": "INFO", "component": "apscheduler.executors.default", "message": "Running job \"poll_once (trigger: interval[0:00:10], next run at: 2026-09-03 02:47:57 CEST)\" (scheduled at 2026-09-03 02:47:47.305960+02:00)"}
{"timestamp": "2026-09-03T02:47:47", "level": "INFO", "component": "apscheduler.executors.default", "message": "Job \"poll_once (trigger: interval[0:00:10], next run at: 2026-09-03 02:47:57 CEST)\" executed successfully"}
{"timestamp": "2026-09-03T02:47:57", "level": "INFO", "component": "apscheduler.executors.default", "message": "Running job \"poll_once (trigger: interval[0:00:10], next run at: 2026-09-03 02:48:07 CEST)\" (scheduled at 2026-09-03 02:47:57.305960+02:00)"}
{"timestamp": "2026-09-03T02:47:57", "level": "INFO", "component": "apscheduler.executors.default", "message": "Job \"poll_once (trigger: interval[0:00:10], next run at: 2026-09-03 02:48:07 CEST)\" executed successfully"}
{"timestamp": "2026-09-03T02:48:07", "level": "INFO", "component": "apscheduler.executors.default", "message": "Running job \"poll_once (trigger: interval[0:00:10], next run at: 2026-09-03 02:48:17 CEST)\" (scheduled at 2026-09-03 02:48:07.305960+02:00)"}
{"timestamp": "2026-09-03T02:48:07", "level": "INFO", "component": "apscheduler.executors.default", "message": "Job \"poll_once (trigger: interval[0:00:10], next run at: 2026-09-03 02:48:17 CEST)\" executed successfully"}
{"timestamp": "2026-09-03T02:48:17", "level": "INFO", "component": "apscheduler.executors.default", "message": "Running job \"poll_once (trigger: interval[0:00:10], next run at: 2026-09-03 02:48:27 CEST)\" (scheduled at 2026-09-03 02:48:17.305960+02:00)"}
{"timestamp": "2026-09-03T02:48:17", "level": "INFO", "component": "apscheduler.executors.default", "message": "Job \"poll_once (trigger: interval[0:00:10], next run at: 2026-09-03 02:48:27 CEST)\" executed successfully"}
{"timestamp": "2026-09-03T02:48:27", "level": "INFO", "component": "apscheduler.executors.default", "message": "Running job \"poll_once (trigger: interval[0:00:10], next run at: 2026-09-03 02:48:37 CEST)\" (scheduled at 2026-09-03 02:48:27.305960+02:00)"}
{"timestamp": "2026-09-03T02:48:27", "level": "INFO", "component": "apscheduler.executors.default", "message": "Running job \"_start_scheduler.<locals>.<lambda> (trigger: interval[0:00:45], next run at: 2026-09-03 02:49:12 CEST)\" (scheduled at 2026-09-03 02:48:27.306433+02:00)"}
{"timestamp": "2026-09-03T02:48:27", "level": "INFO", "component": "apscheduler.executors.default", "message": "Job \"poll_once (trigger: interval[0:00:10], next run at: 2026-09-03 02:48:37 CEST)\" executed successfully"}
{"timestamp": "2026-09-03T02:48:27", "level": "INFO", "component": "cv112_poller", "message": "Feed descargado: 33 incidentes activos", "correlation_id": "c119eca7"}
{"timestamp": "2026-09-03T02:48:27", "level": "INFO", "component": "apscheduler.executors.default", "message": "Job \"_start_scheduler.<locals>.<lambda> (trigger: interval[0:00:45], next run at: 2026-09-03 02:49:12 CEST)\" executed successfully"}
{"timestamp": "2026-09-03T02:48:37", "level": "INFO", "component": "apscheduler.executors.default", "message": "Running job \"poll_once (trigger: interval[0:00:10], next run at: 2026-09-03 02:48:47 CEST)\" (scheduled at 2026-09-03 02:48:37.305960+02:00)"}
{"timestamp": "2026-09-03T02:48:37", "level": "INFO", "component": "apscheduler.executors.default", "message": "Job \"poll_once (trigger: interval[0:00:10], next run at: 2026-09-03 02:48:47 CEST)\" executed successfully"}
{"timestamp": "2026-09-03T02:48:47", "level": "INFO", "component": "apscheduler.executors.default", "message": "Running job \"poll_once (trigger: interval[0:00:10], next run at: 2026-09-03 02:48:57 CEST)\" (scheduled at 2026-09-03 02:48:47.305960+02:00)"}
{"timestamp": "2026-09-03T02:48:47", "level": "INFO", "component": "apscheduler.executors.default", "message": "Job \"poll_once (trigger: interval[0:00:10], next run at: 2026-09-03 02:48:57 CEST)\" executed successfully"}
{"timestamp": "2026-09-03T02:48:57", "level": "INFO", "component": "apscheduler.executors.default", "message": "Running job \"poll_once (trigger: interval[0:00:10], next run at: 2026-09-03 02:49:07 CEST)\" (scheduled at 2026-09-03 02:48:57.305960+02:00)"}
{"timestamp": "2026-09-03T02:48:57", "level": "INFO", "component": "apscheduler.executors.default", "message": "Job \"poll_once (trigger: interval[0:00:10], next run at: 2026-09-03 02:49:07 CEST)\" executed successfully"}
{"timestamp": "2026-09-03T02:49:07", "level": "INFO", "component": "apscheduler.executors.default", "message": "Running job \"poll_once (trigger: interval[0:00:10], next run at: 2026-09-03 02:49:17 CEST)\" (scheduled at 2026-09-03 02:49:07.305960+02:00)"}
{"timestamp": "2026-09-03T02:49:07", "level": "INFO", "component": "apscheduler.executors.default", "message": "Job \"poll_once (trigger: interval[0:00:10], next run at: 2026-09-03 02:49:17 CEST)\" executed successfully"}
{"timestamp": "2026-09-03T02:49:12", "level": "INFO", "component": "apscheduler.executors.default", "message": "Running job \"_start_scheduler.<locals>.<lambda> (trigger: interval[0:00:45], next run at: 2026-09-03 02:49:57 CEST)\" (scheduled at 2026-09-03 02:49:12.306433+02:00)"}
{"timestamp": "2026-09-03T02:49:12", "level": "INFO", "component": "cv112_poller", "message": "Feed descargado: 33 incidentes activos", "correlation_id": "044a9495"}
{"timestamp": "2026-09-03T02:49:12", "level": "INFO", "component": "apscheduler.executors.default", "message": "Job \"_start_scheduler.<locals>.<lambda> (trigger: interval[0:00:45], next run at: 2026-09-03 02:49:57 CEST)\" executed successfully"}
{"timestamp": "2026-09-03T02:49:17", "level": "INFO", "component": "apscheduler.executors.default", "message": "Running job \"poll_once (trigger: interval[0:00:10], next run at: 2026-09-03 02:49:27 CEST)\" (scheduled at 2026-09-03 02:49:17.305960+02:00)"}
{"timestamp": "2026-09-03T02:49:17", "level": "INFO", "component": "apscheduler.executors.default", "message": "Job \"poll_once (trigger: interval[0:00:10], next run at: 2026-09-03 02:49:27 CEST)\" executed successfully"}
{"timestamp": "2026-09-03T02:49:27", "level": "INFO", "component": "apscheduler.executors.default", "message": "Running job \"poll_once (trigger: interval[0:00:10], next run at: 2026-09-03 02:49:37 CEST)\" (scheduled at 2026-09-03 02:49:27.305960+02:00)"}
{"timestamp": "2026-09-03T02:49:27", "level": "INFO", "component": "apscheduler.executors.default", "message": "Job \"poll_once (trigger: interval[0:00:10], next run at: 2026-09-03 02:49:37 CEST)\" executed successfully"}
{"timestamp": "2026-09-03T02:49:37", "level": "INFO", "component": "apscheduler.executors.default", "message": "Running job \"poll_once (trigger: interval[0:00:10], next run at: 2026-09-03 02:49:47 CEST)\" (scheduled at 2026-09-03 02:49:37.305960+02:00)"}
{"timestamp": "2026-09-03T02:49:37", "level": "INFO", "component": "apscheduler.executors.default", "message": "Job \"poll_once (trigger: interval[0:00:10], next run at: 2026-09-03 02:49:47 CEST)\" executed successfully"}
{"timestamp": "2026-09-03T02:49:47", "level": "INFO", "component": "apscheduler.executors.default", "message": "Running job \"poll_once (trigger: interval[0:00:10], next run at: 2026-09-03 02:49:57 CEST)\" (scheduled at 2026-09-03 02:49:47.305960+02:00)"}
{"timestamp": "2026-09-03T02:49:47", "level": "INFO", "component": "apscheduler.executors.default", "message": "Job \"poll_once (trigger: interval[0:00:10], next run at: 2026-09-03 02:49:57 CEST)\" executed successfully"}
{"timestamp": "2026-09-03T02:49:57", "level": "INFO", "component": "apscheduler.executors.default", "message": "Running job \"poll_once (trigger: interval[0:00:10], next run at: 2026-09-03 02:50:07 CEST)\" (scheduled at 2026-09-03 02:49:57.305960+02:00)"}
{"timestamp": "2026-09-03T02:49:57", "level": "INFO", "component": "apscheduler.executors.default", "message": "Running job \"_start_scheduler.<locals>.<lambda> (trigger: interval[0:00:45], next run at: 2026-09-03 02:50:42 CEST)\" (scheduled at 2026-09-03 02:49:57.306433+02:00)"}
{"timestamp": "2026-09-03T02:49:57", "level": "INFO", "component": "apscheduler.executors.default", "message": "Job \"poll_once (trigger: interval[0:00:10], next run at: 2026-09-03 02:50:07 CEST)\" executed successfully"}
{"timestamp": "2026-09-03T02:49:57", "level": "INFO", "component": "cv112_poller", "message": "Feed descargado: 33 incidentes activos", "correlation_id": "e61eda44"}
{"timestamp": "2026-09-03T02:49:57", "level": "INFO", "component": "apscheduler.executors.default", "message": "Job \"_start_scheduler.<locals>.<lambda> (trigger: interval[0:00:45], next run at: 2026-09-03 02:50:42 CEST)\" executed successfully"}
{"timestamp": "2026-09-03T02:50:07", "level": "INFO", "component": "apscheduler.executors.default", "message": "Running job \"poll_once (trigger: interval[0:00:10], next run at: 2026-09-03 02:50:17 CEST)\" (scheduled at 2026-09-03 02:50:07.305960+02:00)"}
{"timestamp": "2026-09-03T02:50:07", "level": "INFO", "component": "apscheduler.executors.default", "message": "Job \"poll_once (trigger: interval[0:00:10], next run at: 2026-09-03 02:50:17 CEST)\" executed successfully"}
{"timestamp": "2026-09-03T02:50:17", "level": "INFO", "component": "apscheduler.executors.default", "message": "Running job \"poll_once (trigger: interval[0:00:10], next run at: 2026-09-03 02:50:27 CEST)\" (scheduled at 2026-09-03 02:50:17.305960+02:00)"}
{"timestamp": "2026-09-03T02:50:17", "level": "INFO", "component": "apscheduler.executors.default", "message": "Job \"poll_once (trigger: interval[0:00:10], next run at: 2026-09-03 02:50:27 CEST)\" executed successfully"}
{"timestamp": "2026-09-03T02:50:27", "level": "INFO", "component": "apscheduler.executors.default", "message": "Running job \"poll_once (trigger: interval[0:00:10], next run at: 2026-09-03 02:50:37 CEST)\" (scheduled at 2026-09-03 02:50:27.305960+02:00)"}
{"timestamp": "2026-09-03T02:50:27", "level": "INFO", "component": "apscheduler.executors.default", "message": "Job \"poll_once (trigger: interval[0:00:10], next run at: 2026-09-03 02:50:37 CEST)\" executed successfully"}
{"timestamp": "2026-09-03T02:50:37", "level": "INFO", "component": "apscheduler.executors.default", "message": "Running job \"poll_once (trigger: interval[0:00:10], next run at: 2026-09-03 02:50:47 CEST)\" (scheduled at 2026-09-03 02:50:37.305960+02:00)"}
{"timestamp": "2026-09-03T02:50:37", "level": "INFO", "component": "apscheduler.executors.default", "message": "Job \"poll_once (trigger: interval[0:00:10], next run at: 2026-09-03 02:50:47 CEST)\" executed successfully"}
{"timestamp": "2026-09-03T02:50:42", "level": "INFO", "component": "apscheduler.executors.default", "message": "Running job \"_start_scheduler.<locals>.<lambda> (trigger: interval[0:00:45], next run at: 2026-09-03 02:51:27 CEST)\" (scheduled at 2026-09-03 02:50:42.306433+02:00)"}
{"timestamp": "2026-09-03T02:50:42", "level": "INFO", "component": "cv112_poller", "message": "Feed descargado: 33 incidentes activos", "correlation_id": "616d009d"}
{"timestamp": "2026-09-03T02:50:42", "level": "INFO", "component": "apscheduler.executors.default", "message": "Job \"_start_scheduler.<locals>.<lambda> (trigger: interval[0:00:45], next run at: 2026-09-03 02:51:27 CEST)\" executed successfully"}
{"timestamp": "2026-09-03T02:50:47", "level": "INFO", "component": "apscheduler.executors.default", "message": "Running job \"poll_once (trigger: interval[0:00:10], next run at: 2026-09-03 02:50:57 CEST)\" (scheduled at 2026-09-03 02:50:47.305960+02:00)"}
{"timestamp": "2026-09-03T02:50:47", "level": "INFO", "component": "apscheduler.executors.default", "message": "Job \"poll_once (trigger: interval[0:00:10], next run at: 2026-09-03 02:50:57 CEST)\" executed successfully"}
{"timestamp": "2026-09-03T02:50:57", "level": "INFO", "component": "apscheduler.executors.default", "message": "Running job \"poll_once (trigger: interval[0:00:10], next run at: 2026-09-03 02:51:07 CEST)\" (scheduled at 2026-09-03 02:50:57.305960+02:00)"}
{"timestamp": "2026-09-03T02:50:57", "level": "INFO", "component": "apscheduler.executors.default", "message": "Job \"poll_once (trigger: interval[0:00:10], next run at: 2026-09-03 02:51:07 CEST)\" executed successfully"}
{"timestamp": "2026-09-03T02:51:07", "level": "INFO", "component": "apscheduler.executors.default", "message": "Running job \"poll_once (trigger: interval[0:00:10], next run at: 2026-09-03 02:51:17 CEST)\" (scheduled at 2026-09-03 02:51:07.305960+02:00)"}
{"timestamp": "2026-09-03T02:51:07", "level": "INFO", "component": "apscheduler.executors.default", "message": "Job \"poll_once (trigger: interval[0:00:10], next run at: 2026-09-03 02:51:17 CEST)\" executed successfully"}
{"timestamp": "2026-09-03T02:51:17", "level": "INFO", "component": "apscheduler.executors.default", "message": "Running job \"poll_once (trigger: interval[0:00:10], next run at: 2026-09-03 02:51:27 CEST)\" (scheduled at 2026-09-03 02:51:17.305960+02:00)"}
{"timestamp": "2026-09-03T02:51:17", "level": "INFO", "component": "apscheduler.executors.default", "message": "Job \"poll_once (trigger: interval[0:00:10], next run at: 2026-09-03 02:51:27 CEST)\" executed successfully"}
{"timestamp": "2026-09-03T02:51:27", "level": "INFO", "component": "apscheduler.executors.default", "message": "Running job \"poll_once (trigger: interval[0:00:10], next run at: 2026-09-03 02:51:37 CEST)\" (scheduled at 2026-09-03 02:51:27.305960+02:00)"}
{"timestamp": "2026-09-03T02:51:27", "level": "INFO", "component": "apscheduler.executors.default", "message": "Running job \"_start_scheduler.<locals>.<lambda> (trigger: interval[0:00:45], next run at: 2026-09-03 02:52:12 CEST)\" (scheduled at 2026-09-03 02:51:27.306433+02:00)"}
{"timestamp": "2026-09-03T02:51:27", "level": "INFO", "component": "apscheduler.executors.default", "message": "Job \"poll_once (trigger: interval[0:00:10], next run at: 2026-09-03 02:51:37 CEST)\" executed successfully"}
{"timestamp": "2026-09-03T02:51:27", "level": "INFO", "component": "cv112_poller", "message": "Feed descargado: 33 incidentes activos", "correlation_id": "cc120757"}
{"timestamp": "2026-09-03T02:51:27", "level": "INFO", "component": "apscheduler.executors.default", "message": "Job \"_start_scheduler.<locals>.<lambda> (trigger: interval[0:00:45], next run at: 2026-09-03 02:52:12 CEST)\" executed successfully"}
{"timestamp": "2026-09-03T02:51:37", "level": "INFO", "component": "apscheduler.executors.default", "message": "Running job \"poll_once (trigger: interval[0:00:10], next run at: 2026-09-03 02:51:47 CEST)\" (scheduled at 2026-09-03 02:51:37.305960+02:00)"}
{"timestamp": "2026-09-03T02:51:37", "level": "INFO", "component": "apscheduler.executors.default", "message": "Job \"poll_once (trigger: interval[0:00:10], next run at: 2026-09-03 02:51:47 CEST)\" executed successfully"}
{"timestamp": "2026-09-03T02:51:47", "level": "INFO", "component": "apscheduler.executors.default", "message": "Running job \"poll_once (trigger: interval[0:00:10], next run at: 2026-09-03 02:51:57 CEST)\" (scheduled at 2026-09-03 02:51:47.305960+02:00)"}
{"timestamp": "2026-09-03T02:51:47", "level": "INFO", "component": "apscheduler.executors.default", "message": "Job \"poll_once (trigger: interval[0:00:10], next run at: 2026-09-03 02:51:57 CEST)\" executed successfully"}
{"timestamp": "2026-09-03T02:51:57", "level": "INFO", "component": "apscheduler.executors.default", "message": "Running job \"poll_once (trigger: interval[0:00:10], next run at: 2026-09-03 02:52:07 CEST)\" (scheduled at 2026-09-03 02:51:57.305960+02:00)"}
{"timestamp": "2026-09-03T02:51:57", "level": "INFO", "component": "apscheduler.executors.default", "message": "Job \"poll_once (trigger: interval[0:00:10], next run at: 2026-09-03 02:52:07 CEST)\" executed successfully"}
{"timestamp": "2026-09-03T02:52:07", "level": "INFO", "component": "apscheduler.executors.default", "message": "Running job \"poll_once (trigger: interval[0:00:10], next run at: 2026-09-03 02:52:17 CEST)\" (scheduled at 2026-09-03 02:52:07.305960+02:00)"}
{"timestamp": "2026-09-03T02:52:07", "level": "INFO", "component": "apscheduler.executors.default", "message": "Job \"poll_once (trigger: interval[0:00:10], next run at: 2026-09-03 02:52:17 CEST)\" executed successfully"}
{"timestamp": "2026-09-03T02:52:12", "level": "INFO", "component": "apscheduler.executors.default", "message": "Running job \"_start_scheduler.<locals>.<lambda> (trigger: interval[0:00:45], next run at: 2026-09-03 02:52:57 CEST)\" (scheduled at 2026-09-03 02:52:12.306433+02:00)"}
{"timestamp": "2026-09-03T02:52:12", "level": "INFO", "component": "cv112_poller", "message": "Feed descargado: 33 incidentes activos", "correlation_id": "9effbe0f"}
{"timestamp": "2026-09-03T02:52:12", "level": "INFO", "component": "apscheduler.executors.default", "message": "Job \"_start_scheduler.<locals>.<lambda> (trigger: interval[0:00:45], next run at: 2026-09-03 02:52:57 CEST)\" executed successfully"}
{"timestamp": "2026-09-03T02:52:17", "level": "INFO", "component": "apscheduler.executors.default", "message": "Running job \"poll_once (trigger: interval[0:00:10], next run at: 2026-09-03 02:52:27 CEST)\" (scheduled at 2026-09-03 02:52:17.305960+02:00)"}
{"timestamp": "2026-09-03T02:52:17", "level": "INFO", "component": "apscheduler.executors.default", "message": "Job \"poll_once (trigger: interval[0:00:10], next run at: 2026-09-03 02:52:27 CEST)\" executed successfully"}
{"timestamp": "2026-09-03T02:52:27", "level": "INFO", "component": "apscheduler.executors.default", "message": "Running job \"poll_once (trigger: interval[0:00:10], next run at: 2026-09-03 02:52:37 CEST)\" (scheduled at 2026-09-03 02:52:27.305960+02:00)"}
{"timestamp": "2026-09-03T02:52:27", "level": "INFO", "component": "apscheduler.executors.default", "message": "Job \"poll_once (trigger: interval[0:00:10], next run at: 2026-09-03 02:52:37 CEST)\" executed successfully"}
{"timestamp": "2026-09-03T02:52:37", "level": "INFO", "component": "apscheduler.executors.default", "message": "Running job \"poll_once (trigger: interval[0:00:10], next run at: 2026-09-03 02:52:47 CEST)\" (scheduled at 2026-09-03 02:52:37.305960+02:00)"}
{"timestamp": "2026-09-03T02:52:37", "level": "INFO", "component": "apscheduler.executors.default", "message": "Job \"poll_once (trigger: interval[0:00:10], next run at: 2026-09-03 02:52:47 CEST)\" executed successfully"}
{"timestamp": "2026-09-03T02:52:47", "level": "INFO", "component": "apscheduler.executors.default", "message": "Running job \"poll_once (trigger: interval[0:00:10], next run at: 2026-09-03 02:52:57 CEST)\" (scheduled at 2026-09-03 02:52:47.305960+02:00)"}
{"timestamp": "2026-09-03T02:52:47", "level": "INFO", "component": "apscheduler.executors.default", "message": "Job \"poll_once (trigger: interval[0:00:10], next run at: 2026-09-03 02:52:57 CEST)\" executed successfully"}
{"timestamp": "2026-09-03T02:52:57", "level": "INFO", "component": "apscheduler.executors.default", "message": "Running job \"poll_once (trigger: interval[0:00:10], next run at: 2026-09-03 02:53:07 CEST)\" (scheduled at 2026-09-03 02:52:57.305960+02:00)"}
{"timestamp": "2026-09-03T02:52:57", "level": "INFO", "component": "apscheduler.executors.default", "message": "Running job \"_start_scheduler.<locals>.<lambda> (trigger: interval[0:00:45], next run at: 2026-09-03 02:53:42 CEST)\" (scheduled at 2026-09-03 02:52:57.306433+02:00)"}
{"timestamp": "2026-09-03T02:52:57", "level": "INFO", "component": "apscheduler.executors.default", "message": "Job \"poll_once (trigger: interval[0:00:10], next run at: 2026-09-03 02:53:07 CEST)\" executed successfully"}
{"timestamp": "2026-09-03T02:52:57", "level": "INFO", "component": "cv112_poller", "message": "Feed descargado: 33 incidentes activos", "correlation_id": "6e46f937"}
{"timestamp": "2026-09-03T02:52:57", "level": "INFO", "component": "apscheduler.executors.default", "message": "Job \"_start_scheduler.<locals>.<lambda> (trigger: interval[0:00:45], next run at: 2026-09-03 02:53:42 CEST)\" executed successfully"}
{"timestamp": "2026-09-03T02:53:07", "level": "INFO", "component": "apscheduler.executors.default", "message": "Running job \"poll_once (trigger: interval[0:00:10], next run at: 2026-09-03 02:53:17 CEST)\" (scheduled at 2026-09-03 02:53:07.305960+02:00)"}
{"timestamp": "2026-09-03T02:53:07", "level": "INFO", "component": "apscheduler.executors.default", "message": "Job \"poll_once (trigger: interval[0:00:10], next run at: 2026-09-03 02:53:17 CEST)\" executed successfully"}
{"timestamp": "2026-09-03T02:53:17", "level": "INFO", "component": "apscheduler.executors.default", "message": "Running job \"poll_once (trigger: interval[0:00:10], next run at: 2026-09-03 02:53:27 CEST)\" (scheduled at 2026-09-03 02:53:17.305960+02:00)"}
{"timestamp": "2026-09-03T02:53:17", "level": "INFO", "component": "apscheduler.executors.default", "message": "Job \"poll_once (trigger: interval[0:00:10], next run at: 2026-09-03 02:53:27 CEST)\" executed successfully"}
{"timestamp": "2026-09-03T02:53:27", "level": "INFO", "component": "apscheduler.executors.default", "message": "Running job \"poll_once (trigger: interval[0:00:10], next run at: 2026-09-03 02:53:37 CEST)\" (scheduled at 2026-09-03 02:53:27.305960+02:00)"}
{"timestamp": "2026-09-03T02:53:27", "level": "INFO", "component": "apscheduler.executors.default", "message": "Job \"poll_once (trigger: interval[0:00:10], next run at: 2026-09-03 02:53:37 CEST)\" executed successfully"}
{"timestamp": "2026-09-03T02:53:37", "level": "INFO", "component": "apscheduler.executors.default", "message": "Running job \"poll_once (trigger: interval[0:00:10], next run at: 2026-09-03 02:53:47 CEST)\" (scheduled at 2026-09-03 02:53:37.305960+02:00)"}
{"timestamp": "2026-09-03T02:53:37", "level": "INFO", "component": "apscheduler.executors.default", "message": "Job \"poll_once (trigger: interval[0:00:10], next run at: 2026-09-03 02:53:47 CEST)\" executed successfully"}
{"timestamp": "2026-09-03T02:53:42", "level": "INFO", "component": "apscheduler.executors.default", "message": "Running job \"_start_scheduler.<locals>.<lambda> (trigger: interval[0:00:45], next run at: 2026-09-03 02:54:27 CEST)\" (scheduled at 2026-09-03 02:53:42.306433+02:00)"}
{"timestamp": "2026-09-03T02:53:42", "level": "INFO", "component": "cv112_poller", "message": "Feed descargado: 33 incidentes activos", "correlation_id": "7831b343"}
{"timestamp": "2026-09-03T02:53:42", "level": "INFO", "component": "apscheduler.executors.default", "message": "Job \"_start_scheduler.<locals>.<lambda> (trigger: interval[0:00:45], next run at: 2026-09-03 02:54:27 CEST)\" executed successfully"}
{"timestamp": "2026-09-03T02:53:47", "level": "INFO", "component": "apscheduler.executors.default", "message": "Running job \"poll_once (trigger: interval[0:00:10], next run at: 2026-09-03 02:53:57 CEST)\" (scheduled at 2026-09-03 02:53:47.305960+02:00)"}
{"timestamp": "2026-09-03T02:53:47", "level": "INFO", "component": "apscheduler.executors.default", "message": "Job \"poll_once (trigger: interval[0:00:10], next run at: 2026-09-03 02:53:57 CEST)\" executed successfully"}
{"timestamp": "2026-09-03T02:53:57", "level": "INFO", "component": "apscheduler.executors.default", "message": "Running job \"poll_once (trigger: interval[0:00:10], next run at: 2026-09-03 02:54:07 CEST)\" (scheduled at 2026-09-03 02:53:57.305960+02:00)"}
{"timestamp": "2026-09-03T02:53:57", "level": "INFO", "component": "apscheduler.executors.default", "message": "Job \"poll_once (trigger: interval[0:00:10], next run at: 2026-09-03 02:54:07 CEST)\" executed successfully"}
{"timestamp": "2026-09-03T02:54:07", "level": "INFO", "component": "apscheduler.executors.default", "message": "Running job \"poll_once (trigger: interval[0:00:10], next run at: 2026-09-03 02:54:17 CEST)\" (scheduled at 2026-09-03 02:54:07.305960+02:00)"}
{"timestamp": "2026-09-03T02:54:07", "level": "INFO", "component": "apscheduler.executors.default", "message": "Job \"poll_once (trigger: interval[0:00:10], next run at: 2026-09-03 02:54:17 CEST)\" executed successfully"}
{"timestamp": "2026-09-03T02:54:17", "level": "INFO", "component": "apscheduler.executors.default", "message": "Running job \"poll_once (trigger: interval[0:00:10], next run at: 2026-09-03 02:54:27 CEST)\" (scheduled at 2026-09-03 02:54:17.305960+02:00)"}
{"timestamp": "2026-09-03T02:54:17", "level": "INFO", "component": "apscheduler.executors.default", "message": "Job \"poll_once (trigger: interval[0:00:10], next run at: 2026-09-03 02:54:27 CEST)\" executed successfully"}
{"timestamp": "2026-09-03T02:54:27", "level": "INFO", "component": "apscheduler.executors.default", "message": "Running job \"poll_once (trigger: interval[0:00:10], next run at: 2026-09-03 02:54:37 CEST)\" (scheduled at 2026-09-03 02:54:27.305960+02:00)"}
{"timestamp": "2026-09-03T02:54:27", "level": "INFO", "component": "apscheduler.executors.default", "message": "Running job \"_start_scheduler.<locals>.<lambda> (trigger: interval[0:00:45], next run at: 2026-09-03 02:55:12 CEST)\" (scheduled at 2026-09-03 02:54:27.306433+02:00)"}
{"timestamp": "2026-09-03T02:54:27", "level": "INFO", "component": "apscheduler.executors.default", "message": "Job \"poll_once (trigger: interval[0:00:10], next run at: 2026-09-03 02:54:37 CEST)\" executed successfully"}
{"timestamp": "2026-09-03T02:54:27", "level": "INFO", "component": "cv112_poller", "message": "Feed descargado: 34 incidentes activos", "correlation_id": "3295809a"}
{"timestamp": "2026-09-03T02:54:27", "level": "INFO", "component": "cv112_poller", "message": "Taxonomía: nuevo municipio detectado en el feed: 'Algemesí'", "correlation_id": "3295809a"}
{"timestamp": "2026-09-03T02:54:27", "level": "INFO", "component": "cv112_poller", "message": "Incidente 40511926 visto pero alertas automáticas pausadas (killswitch)", "correlation_id": "3295809a"}
{"timestamp": "2026-09-03T02:54:27", "level": "INFO", "component": "apscheduler.executors.default", "message": "Job \"_start_scheduler.<locals>.<lambda> (trigger: interval[0:00:45], next run at: 2026-09-03 02:55:12 CEST)\" executed successfully"}
{"timestamp": "2026-09-03T02:54:37", "level": "INFO", "component": "apscheduler.executors.default", "message": "Running job \"poll_once (trigger: interval[0:00:10], next run at: 2026-09-03 02:54:47 CEST)\" (scheduled at 2026-09-03 02:54:37.305960+02:00)"}
{"timestamp": "2026-09-03T02:54:37", "level": "INFO", "component": "apscheduler.executors.default", "message": "Job \"poll_once (trigger: interval[0:00:10], next run at: 2026-09-03 02:54:47 CEST)\" executed successfully"}
{"timestamp": "2026-09-03T02:54:47", "level": "INFO", "component": "apscheduler.executors.default", "message": "Running job \"poll_once (trigger: interval[0:00:10], next run at: 2026-09-03 02:54:57 CEST)\" (scheduled at 2026-09-03 02:54:47.305960+02:00)"}
{"timestamp": "2026-09-03T02:54:47", "level": "INFO", "component": "apscheduler.executors.default", "message": "Job \"poll_once (trigger: interval[0:00:10], next run at: 2026-09-03 02:54:57 CEST)\" executed successfully"}
{"timestamp": "2026-09-03T02:54:57", "level": "INFO", "component": "apscheduler.executors.default", "message": "Running job \"poll_once (trigger: interval[0:00:10], next run at: 2026-09-03 02:55:07 CEST)\" (scheduled at 2026-09-03 02:54:57.305960+02:00)"}
{"timestamp": "2026-09-03T02:54:57", "level": "INFO", "component": "apscheduler.executors.default", "message": "Job \"poll_once (trigger: interval[0:00:10], next run at: 2026-09-03 02:55:07 CEST)\" executed successfully"}
{"timestamp": "2026-09-03T02:55:07", "level": "INFO", "component": "apscheduler.executors.default", "message": "Running job \"poll_once (trigger: interval[0:00:10], next run at: 2026-09-03 02:55:17 CEST)\" (scheduled at 2026-09-03 02:55:07.305960+02:00)"}
{"timestamp": "2026-09-03T02:55:07", "level": "INFO", "component": "apscheduler.executors.default", "message": "Job \"poll_once (trigger: interval[0:00:10], next run at: 2026-09-03 02:55:17 CEST)\" executed successfully"}
{"timestamp": "2026-09-03T02:55:12", "level": "INFO", "component": "apscheduler.executors.default", "message": "Running job \"_start_scheduler.<locals>.<lambda> (trigger: interval[0:00:45], next run at: 2026-09-03 02:55:57 CEST)\" (scheduled at 2026-09-03 02:55:12.306433+02:00)"}
{"timestamp": "2026-09-03T02:55:12", "level": "INFO", "component": "cv112_poller", "message": "Feed descargado: 34 incidentes activos", "correlation_id": "54e5ea89"}
{"timestamp": "2026-09-03T02:55:12", "level": "INFO", "component": "apscheduler.executors.default", "message": "Job \"_start_scheduler.<locals>.<lambda> (trigger: interval[0:00:45], next run at: 2026-09-03 02:55:57 CEST)\" executed successfully"}
{"timestamp": "2026-09-03T02:55:17", "level": "INFO", "component": "apscheduler.executors.default", "message": "Running job \"poll_once (trigger: interval[0:00:10], next run at: 2026-09-03 02:55:27 CEST)\" (scheduled at 2026-09-03 02:55:17.305960+02:00)"}
{"timestamp": "2026-09-03T02:55:17", "level": "INFO", "component": "apscheduler.executors.default", "message": "Job \"poll_once (trigger: interval[0:00:10], next run at: 2026-09-03 02:55:27 CEST)\" executed successfully"}
{"timestamp": "2026-09-03T02:55:27", "level": "INFO", "component": "apscheduler.executors.default", "message": "Running job \"poll_once (trigger: interval[0:00:10], next run at: 2026-09-03 02:55:37 CEST)\" (scheduled at 2026-09-03 02:55:27.305960+02:00)"}
{"timestamp": "2026-09-03T02:55:27", "level": "INFO", "component": "apscheduler.executors.default", "message": "Job \"poll_once (trigger: interval[0:00:10], next run at: 2026-09-03 02:55:37 CEST)\" executed successfully"}
{"timestamp": "2026-09-03T02:55:37", "level": "INFO", "component": "apscheduler.executors.default", "message": "Running job \"poll_once (trigger: interval[0:00:10], next run at: 2026-09-03 02:55:47 CEST)\" (scheduled at 2026-09-03 02:55:37.305960+02:00)"}
{"timestamp": "2026-09-03T02:55:37", "level": "INFO", "component": "apscheduler.executors.default", "message": "Job \"poll_once (trigger: interval[0:00:10], next run at: 2026-09-03 02:55:47 CEST)\" executed successfully"}
{"timestamp": "2026-09-03T02:55:47", "level": "INFO", "component": "apscheduler.executors.default", "message": "Running job \"poll_once (trigger: interval[0:00:10], next run at: 2026-09-03 02:55:57 CEST)\" (scheduled at 2026-09-03 02:55:47.305960+02:00)"}
{"timestamp": "2026-09-03T02:55:47", "level": "INFO", "component": "apscheduler.executors.default", "message": "Job \"poll_once (trigger: interval[0:00:10], next run at: 2026-09-03 02:55:57 CEST)\" executed successfully"}
{"timestamp": "2026-09-03T02:55:57", "level": "INFO", "component": "apscheduler.executors.default", "message": "Running job \"poll_once (trigger: interval[0:00:10], next run at: 2026-09-03 02:56:07 CEST)\" (scheduled at 2026-09-03 02:55:57.305960+02:00)"}
{"timestamp": "2026-09-03T02:55:57", "level": "INFO", "component": "apscheduler.executors.default", "message": "Running job \"_start_scheduler.<locals>.<lambda> (trigger: interval[0:00:45], next run at: 2026-09-03 02:56:42 CEST)\" (scheduled at 2026-09-03 02:55:57.306433+02:00)"}
{"timestamp": "2026-09-03T02:55:57", "level": "INFO", "component": "apscheduler.executors.default", "message": "Job \"poll_once (trigger: interval[0:00:10], next run at: 2026-09-03 02:56:07 CEST)\" executed successfully"}
{"timestamp": "2026-09-03T02:55:57", "level": "INFO", "component": "cv112_poller", "message": "Feed descargado: 34 incidentes activos", "correlation_id": "f8d24c00"}
{"timestamp": "2026-09-03T02:55:57", "level": "INFO", "component": "apscheduler.executors.default", "message": "Job \"_start_scheduler.<locals>.<lambda> (trigger: interval[0:00:45], next run at: 2026-09-03 02:56:42 CEST)\" executed successfully"}
{"timestamp": "2026-09-03T02:56:07", "level": "INFO", "component": "apscheduler.executors.default", "message": "Running job \"poll_once (trigger: interval[0:00:10], next run at: 2026-09-03 02:56:17 CEST)\" (scheduled at 2026-09-03 02:56:07.305960+02:00)"}
{"timestamp": "2026-09-03T02:56:07", "level": "INFO", "component": "apscheduler.executors.default", "message": "Job \"poll_once (trigger: interval[0:00:10], next run at: 2026-09-03 02:56:17 CEST)\" executed successfully"}
{"timestamp": "2026-09-03T02:56:17", "level": "INFO", "component": "apscheduler.executors.default", "message": "Running job \"poll_once (trigger: interval[0:00:10], next run at: 2026-09-03 02:56:27 CEST)\" (scheduled at 2026-09-03 02:56:17.305960+02:00)"}
{"timestamp": "2026-09-03T02:56:17", "level": "INFO", "component": "apscheduler.executors.default", "message": "Job \"poll_once (trigger: interval[0:00:10], next run at: 2026-09-03 02:56:27 CEST)\" executed successfully"}
{"timestamp": "2026-09-03T02:56:27", "level": "INFO", "component": "apscheduler.executors.default", "message": "Running job \"poll_once (trigger: interval[0:00:10], next run at: 2026-09-03 02:56:37 CEST)\" (scheduled at 2026-09-03 02:56:27.305960+02:00)"}
{"timestamp": "2026-09-03T02:56:27", "level": "INFO", "component": "apscheduler.executors.default", "message": "Job \"poll_once (trigger: interval[0:00:10], next run at: 2026-09-03 02:56:37 CEST)\" executed successfully"}
{"timestamp": "2026-09-03T02:56:37", "level": "INFO", "component": "apscheduler.executors.default", "message": "Running job \"poll_once (trigger: interval[0:00:10], next run at: 2026-09-03 02:56:47 CEST)\" (scheduled at 2026-09-03 02:56:37.305960+02:00)"}
{"timestamp": "2026-09-03T02:56:37", "level": "INFO", "component": "apscheduler.executors.default", "message": "Job \"poll_once (trigger: interval[0:00:10], next run at: 2026-09-03 02:56:47 CEST)\" executed successfully"}
{"timestamp": "2026-09-03T02:56:42", "level": "INFO", "component": "apscheduler.executors.default", "message": "Running job \"_start_scheduler.<locals>.<lambda> (trigger: interval[0:00:45], next run at: 2026-09-03 02:57:27 CEST)\" (scheduled at 2026-09-03 02:56:42.306433+02:00)"}
{"timestamp": "2026-09-03T02:56:42", "level": "INFO", "component": "cv112_poller", "message": "Feed descargado: 34 incidentes activos", "correlation_id": "337c154f"}
{"timestamp": "2026-09-03T02:56:42", "level": "INFO", "component": "apscheduler.executors.default", "message": "Job \"_start_scheduler.<locals>.<lambda> (trigger: interval[0:00:45], next run at: 2026-09-03 02:57:27 CEST)\" executed successfully"}
{"timestamp": "2026-09-03T02:56:47", "level": "INFO", "component": "apscheduler.executors.default", "message": "Running job \"poll_once (trigger: interval[0:00:10], next run at: 2026-09-03 02:56:57 CEST)\" (scheduled at 2026-09-03 02:56:47.305960+02:00)"}
{"timestamp": "2026-09-03T02:56:47", "level": "INFO", "component": "apscheduler.executors.default", "message": "Job \"poll_once (trigger: interval[0:00:10], next run at: 2026-09-03 02:56:57 CEST)\" executed successfully"}
{"timestamp": "2026-09-03T02:56:57", "level": "INFO", "component": "apscheduler.executors.default", "message": "Running job \"poll_once (trigger: interval[0:00:10], next run at: 2026-09-03 02:57:07 CEST)\" (scheduled at 2026-09-03 02:56:57.305960+02:00)"}
{"timestamp": "2026-09-03T02:56:57", "level": "INFO", "component": "apscheduler.executors.default", "message": "Job \"poll_once (trigger: interval[0:00:10], next run at: 2026-09-03 02:57:07 CEST)\" executed successfully"}
{"timestamp": "2026-09-03T02:57:07", "level": "INFO", "component": "apscheduler.executors.default", "message": "Running job \"poll_once (trigger: interval[0:00:10], next run at: 2026-09-03 02:57:17 CEST)\" (scheduled at 2026-09-03 02:57:07.305960+02:00)"}
{"timestamp": "2026-09-03T02:57:07", "level": "INFO", "component": "apscheduler.executors.default", "message": "Job \"poll_once (trigger: interval[0:00:10], next run at: 2026-09-03 02:57:17 CEST)\" executed successfully"}
{"timestamp": "2026-09-03T02:57:17", "level": "INFO", "component": "apscheduler.executors.default", "message": "Running job \"poll_once (trigger: interval[0:00:10], next run at: 2026-09-03 02:57:27 CEST)\" (scheduled at 2026-09-03 02:57:17.305960+02:00)"}
{"timestamp": "2026-09-03T02:57:17", "level": "INFO", "component": "apscheduler.executors.default", "message": "Job \"poll_once (trigger: interval[0:00:10], next run at: 2026-09-03 02:57:27 CEST)\" executed successfully"}
{"timestamp": "2026-09-03T02:57:27", "level": "INFO", "component": "apscheduler.executors.default", "message": "Running job \"poll_once (trigger: interval[0:00:10], next run at: 2026-09-03 02:57:37 CEST)\" (scheduled at 2026-09-03 02:57:27.305960+02:00)"}
{"timestamp": "2026-09-03T02:57:27", "level": "INFO", "component": "apscheduler.executors.default", "message": "Running job \"_start_scheduler.<locals>.<lambda> (trigger: interval[0:00:45], next run at: 2026-09-03 02:58:12 CEST)\" (scheduled at 2026-09-03 02:57:27.306433+02:00)"}
{"timestamp": "2026-09-03T02:57:27", "level": "INFO", "component": "apscheduler.executors.default", "message": "Job \"poll_once (trigger: interval[0:00:10], next run at: 2026-09-03 02:57:37 CEST)\" executed successfully"}
{"timestamp": "2026-09-03T02:57:27", "level": "INFO", "component": "cv112_poller", "message": "Feed descargado: 34 incidentes activos", "correlation_id": "880277dc"}
{"timestamp": "2026-09-03T02:57:27", "level": "INFO", "component": "apscheduler.executors.default", "message": "Job \"_start_scheduler.<locals>.<lambda> (trigger: interval[0:00:45], next run at: 2026-09-03 02:58:12 CEST)\" executed successfully"}
{"timestamp": "2026-09-03T02:57:37", "level": "INFO", "component": "apscheduler.executors.default", "message": "Running job \"poll_once (trigger: interval[0:00:10], next run at: 2026-09-03 02:57:47 CEST)\" (scheduled at 2026-09-03 02:57:37.305960+02:00)"}
{"timestamp": "2026-09-03T02:57:37", "level": "INFO", "component": "apscheduler.executors.default", "message": "Job \"poll_once (trigger: interval[0:00:10], next run at: 2026-09-03 02:57:47 CEST)\" executed successfully"}
{"timestamp": "2026-09-03T02:57:47", "level": "INFO", "component": "apscheduler.executors.default", "message": "Running job \"poll_once (trigger: interval[0:00:10], next run at: 2026-09-03 02:57:57 CEST)\" (scheduled at 2026-09-03 02:57:47.305960+02:00)"}
{"timestamp": "2026-09-03T02:57:47", "level": "INFO", "component": "apscheduler.executors.default", "message": "Job \"poll_once (trigger: interval[0:00:10], next run at: 2026-09-03 02:57:57 CEST)\" executed successfully"}
{"timestamp": "2026-09-03T02:57:57", "level": "INFO", "component": "apscheduler.executors.default", "message": "Running job \"poll_once (trigger: interval[0:00:10], next run at: 2026-09-03 02:58:07 CEST)\" (scheduled at 2026-09-03 02:57:57.305960+02:00)"}
{"timestamp": "2026-09-03T02:57:57", "level": "INFO", "component": "apscheduler.executors.default", "message": "Job \"poll_once (trigger: interval[0:00:10], next run at: 2026-09-03 02:58:07 CEST)\" executed successfully"}
{"timestamp": "2026-09-03T02:58:07", "level": "INFO", "component": "apscheduler.executors.default", "message": "Running job \"poll_once (trigger: interval[0:00:10], next run at: 2026-09-03 02:58:17 CEST)\" (scheduled at 2026-09-03 02:58:07.305960+02:00)"}
{"timestamp": "2026-09-03T02:58:07", "level": "INFO", "component": "apscheduler.executors.default", "message": "Job \"poll_once (trigger: interval[0:00:10], next run at: 2026-09-03 02:58:17 CEST)\" executed successfully"}
{"timestamp": "2026-09-03T02:58:12", "level": "INFO", "component": "apscheduler.executors.default", "message": "Running job \"_start_scheduler.<locals>.<lambda> (trigger: interval[0:00:45], next run at: 2026-09-03 02:58:57 CEST)\" (scheduled at 2026-09-03 02:58:12.306433+02:00)"}
{"timestamp": "2026-09-03T02:58:12", "level": "INFO", "component": "cv112_poller", "message": "Feed descargado: 34 incidentes activos", "correlation_id": "6a3da3a2"}
{"timestamp": "2026-09-03T02:58:12", "level": "INFO", "component": "apscheduler.executors.default", "message": "Job \"_start_scheduler.<locals>.<lambda> (trigger: interval[0:00:45], next run at: 2026-09-03 02:58:57 CEST)\" executed successfully"}
{"timestamp": "2026-09-03T02:58:17", "level": "INFO", "component": "apscheduler.executors.default", "message": "Running job \"poll_once (trigger: interval[0:00:10], next run at: 2026-09-03 02:58:27 CEST)\" (scheduled at 2026-09-03 02:58:17.305960+02:00)"}
{"timestamp": "2026-09-03T02:58:17", "level": "INFO", "component": "apscheduler.executors.default", "message": "Job \"poll_once (trigger: interval[0:00:10], next run at: 2026-09-03 02:58:27 CEST)\" executed successfully"}
{"timestamp": "2026-09-03T02:58:27", "level": "INFO", "component": "apscheduler.executors.default", "message": "Running job \"poll_once (trigger: interval[0:00:10], next run at: 2026-09-03 02:58:37 CEST)\" (scheduled at 2026-09-03 02:58:27.305960+02:00)"}
{"timestamp": "2026-09-03T02:58:27", "level": "INFO", "component": "apscheduler.executors.default", "message": "Job \"poll_once (trigger: interval[0:00:10], next run at: 2026-09-03 02:58:37 CEST)\" executed successfully"}
{"timestamp": "2026-09-03T02:58:37", "level": "INFO", "component": "apscheduler.executors.default", "message": "Running job \"poll_once (trigger: interval[0:00:10], next run at: 2026-09-03 02:58:47 CEST)\" (scheduled at 2026-09-03 02:58:37.305960+02:00)"}
{"timestamp": "2026-09-03T02:58:37", "level": "INFO", "component": "apscheduler.executors.default", "message": "Job \"poll_once (trigger: interval[0:00:10], next run at: 2026-09-03 02:58:47 CEST)\" executed successfully"}
{"timestamp": "2026-09-03T02:58:47", "level": "INFO", "component": "apscheduler.executors.default", "message": "Running job \"poll_once (trigger: interval[0:00:10], next run at: 2026-09-03 02:58:57 CEST)\" (scheduled at 2026-09-03 02:58:47.305960+02:00)"}
{"timestamp": "2026-09-03T02:58:47", "level": "INFO", "component": "apscheduler.executors.default", "message": "Job \"poll_once (trigger: interval[0:00:10], next run at: 2026-09-03 02:58:57 CEST)\" executed successfully"}
{"timestamp": "2026-09-03T02:58:57", "level": "INFO", "component": "apscheduler.executors.default", "message": "Running job \"poll_once (trigger: interval[0:00:10], next run at: 2026-09-03 02:59:07 CEST)\" (scheduled at 2026-09-03 02:58:57.305960+02:00)"}
{"timestamp": "2026-09-03T02:58:57", "level": "INFO", "component": "apscheduler.executors.default", "message": "Running job \"_start_scheduler.<locals>.<lambda> (trigger: interval[0:00:45], next run at: 2026-09-03 02:59:42 CEST)\" (scheduled at 2026-09-03 02:58:57.306433+02:00)"}
{"timestamp": "2026-09-03T02:58:57", "level": "INFO", "component": "apscheduler.executors.default", "message": "Job \"poll_once (trigger: interval[0:00:10], next run at: 2026-09-03 02:59:07 CEST)\" executed successfully"}
{"timestamp": "2026-09-03T02:58:57", "level": "INFO", "component": "cv112_poller", "message": "Feed descargado: 34 incidentes activos", "correlation_id": "9537503c"}
{"timestamp": "2026-09-03T02:58:57", "level": "INFO", "component": "apscheduler.executors.default", "message": "Job \"_start_scheduler.<locals>.<lambda> (trigger: interval[0:00:45], next run at: 2026-09-03 02:59:42 CEST)\" executed successfully"}
{"timestamp": "2026-09-03T02:59:07", "level": "INFO", "component": "apscheduler.executors.default", "message": "Running job \"poll_once (trigger: interval[0:00:10], next run at: 2026-09-03 02:59:17 CEST)\" (scheduled at 2026-09-03 02:59:07.305960+02:00)"}
{"timestamp": "2026-09-03T02:59:07", "level": "INFO", "component": "apscheduler.executors.default", "message": "Job \"poll_once (trigger: interval[0:00:10], next run at: 2026-09-03 02:59:17 CEST)\" executed successfully"}
{"timestamp": "2026-09-03T02:59:17", "level": "INFO", "component": "apscheduler.executors.default", "message": "Running job \"poll_once (trigger: interval[0:00:10], next run at: 2026-09-03 02:59:27 CEST)\" (scheduled at 2026-09-03 02:59:17.305960+02:00)"}
{"timestamp": "2026-09-03T02:59:17", "level": "INFO", "component": "apscheduler.executors.default", "message": "Job \"poll_once (trigger: interval[0:00:10], next run at: 2026-09-03 02:59:27 CEST)\" executed successfully"}
{"timestamp": "2026-09-03T02:59:27", "level": "INFO", "component": "apscheduler.executors.default", "message": "Running job \"poll_once (trigger: interval[0:00:10], next run at: 2026-09-03 02:59:37 CEST)\" (scheduled at 2026-09-03 02:59:27.305960+02:00)"}
{"timestamp": "2026-09-03T02:59:27", "level": "INFO", "component": "apscheduler.executors.default", "message": "Job \"poll_once (trigger: interval[0:00:10], next run at: 2026-09-03 02:59:37 CEST)\" executed successfully"}
{"timestamp": "2026-09-03T02:59:37", "level": "INFO", "component": "apscheduler.executors.default", "message": "Running job \"poll_once (trigger: interval[0:00:10], next run at: 2026-09-03 02:59:47 CEST)\" (scheduled at 2026-09-03 02:59:37.305960+02:00)"}
{"timestamp": "2026-09-03T02:59:37", "level": "INFO", "component": "apscheduler.executors.default", "message": "Job \"poll_once (trigger: interval[0:00:10], next run at: 2026-09-03 02:59:47 CEST)\" executed successfully"}
{"timestamp": "2026-09-03T02:59:42", "level": "INFO", "component": "apscheduler.executors.default", "message": "Running job \"_start_scheduler.<locals>.<lambda> (trigger: interval[0:00:45], next run at: 2026-09-03 03:00:27 CEST)\" (scheduled at 2026-09-03 02:59:42.306433+02:00)"}
{"timestamp": "2026-09-03T02:59:42", "level": "INFO", "component": "cv112_poller", "message": "Feed descargado: 35 incidentes activos", "correlation_id": "b6c34437"}
{"timestamp": "2026-09-03T02:59:42", "level": "INFO", "component": "cv112_poller", "message": "Taxonomía: nuevo municipio detectado en el feed: 'Guardamar del Segura'", "correlation_id": "b6c34437"}
{"timestamp": "2026-09-03T02:59:42", "level": "INFO", "component": "cv112_poller", "message": "Incidente 40511944 visto pero alertas automáticas pausadas (killswitch)", "correlation_id": "b6c34437"}
{"timestamp": "2026-09-03T02:59:42", "level": "INFO", "component": "apscheduler.executors.default", "message": "Job \"_start_scheduler.<locals>.<lambda> (trigger: interval[0:00:45], next run at: 2026-09-03 03:00:27 CEST)\" executed successfully"}
{"timestamp": "2026-09-03T02:59:47", "level": "INFO", "component": "apscheduler.executors.default", "message": "Running job \"poll_once (trigger: interval[0:00:10], next run at: 2026-09-03 02:59:57 CEST)\" (scheduled at 2026-09-03 02:59:47.305960+02:00)"}
{"timestamp": "2026-09-03T02:59:47", "level": "INFO", "component": "apscheduler.executors.default", "message": "Job \"poll_once (trigger: interval[0:00:10], next run at: 2026-09-03 02:59:57 CEST)\" executed successfully"}
{"timestamp": "2026-09-03T02:59:57", "level": "INFO", "component": "apscheduler.executors.default", "message": "Running job \"poll_once (trigger: interval[0:00:10], next run at: 2026-09-03 03:00:07 CEST)\" (scheduled at 2026-09-03 02:59:57.305960+02:00)"}
{"timestamp": "2026-09-03T02:59:57", "level": "INFO", "component": "apscheduler.executors.default", "message": "Job \"poll_once (trigger: interval[0:00:10], next run at: 2026-09-03 03:00:07 CEST)\" executed successfully"}
{"timestamp": "2026-09-03T03:00:00", "level": "INFO", "component": "apscheduler.executors.default", "message": "Running job \"run_once (trigger: cron[hour='3', minute='0'], next run at: 2026-09-04 03:00:00 CEST)\" (scheduled at 2026-09-03 03:00:00+02:00)"}
{"timestamp": "2026-09-03T03:00:00", "level": "INFO", "component": "apscheduler.executors.default", "message": "Job \"run_once (trigger: cron[hour='3', minute='0'], next run at: 2026-09-04 03:00:00 CEST)\" executed successfully"}
{"timestamp": "2026-09-03T03:00:07", "level": "INFO", "component": "apscheduler.executors.default", "message": "Running job \"poll_once (trigger: interval[0:00:10], next run at: 2026-09-03 03:00:17 CEST)\" (scheduled at 2026-09-03 03:00:07.305960+02:00)"}
{"timestamp": "2026-09-03T03:00:07", "level": "INFO", "component": "apscheduler.executors.default", "message": "Job \"poll_once (trigger: interval[0:00:10], next run at: 2026-09-03 03:00:17 CEST)\" executed successfully"}
{"timestamp": "2026-09-03T03:00:17", "level": "INFO", "component": "apscheduler.executors.default", "message": "Running job \"poll_once (trigger: interval[0:00:10], next run at: 2026-09-03 03:00:27 CEST)\" (scheduled at 2026-09-03 03:00:17.305960+02:00)"}
{"timestamp": "2026-09-03T03:00:17", "level": "INFO", "component": "apscheduler.executors.default", "message": "Job \"poll_once (trigger: interval[0:00:10], next run at: 2026-09-03 03:00:27 CEST)\" executed successfully"}
{"timestamp": "2026-09-03T03:00:27", "level": "INFO", "component": "apscheduler.executors.default", "message": "Running job \"poll_once (trigger: interval[0:00:10], next run at: 2026-09-03 03:00:37 CEST)\" (scheduled at 2026-09-03 03:00:27.305960+02:00)"}
{"timestamp": "2026-09-03T03:00:27", "level": "INFO", "component": "apscheduler.executors.default", "message": "Running job \"_start_scheduler.<locals>.<lambda> (trigger: interval[0:00:45], next run at: 2026-09-03 03:01:12 CEST)\" (scheduled at 2026-09-03 03:00:27.306433+02:00)"}
{"timestamp": "2026-09-03T03:00:27", "level": "INFO", "component": "apscheduler.executors.default", "message": "Job \"poll_once (trigger: interval[0:00:10], next run at: 2026-09-03 03:00:37 CEST)\" executed successfully"}
{"timestamp": "2026-09-03T03:00:27", "level": "INFO", "component": "cv112_poller", "message": "Feed descargado: 35 incidentes activos", "correlation_id": "bbb322cf"}
{"timestamp": "2026-09-03T03:00:27", "level": "INFO", "component": "apscheduler.executors.default", "message": "Job \"_start_scheduler.<locals>.<lambda> (trigger: interval[0:00:45], next run at: 2026-09-03 03:01:12 CEST)\" executed successfully"}
{"timestamp": "2026-09-03T03:00:37", "level": "INFO", "component": "apscheduler.executors.default", "message": "Running job \"poll_once (trigger: interval[0:00:10], next run at: 2026-09-03 03:00:47 CEST)\" (scheduled at 2026-09-03 03:00:37.305960+02:00)"}
{"timestamp": "2026-09-03T03:00:37", "level": "INFO", "component": "apscheduler.executors.default", "message": "Job \"poll_once (trigger: interval[0:00:10], next run at: 2026-09-03 03:00:47 CEST)\" executed successfully"}
{"timestamp": "2026-09-03T03:00:47", "level": "INFO", "component": "apscheduler.executors.default", "message": "Running job \"poll_once (trigger: interval[0:00:10], next run at: 2026-09-03 03:00:57 CEST)\" (scheduled at 2026-09-03 03:00:47.305960+02:00)"}
{"timestamp": "2026-09-03T03:00:47", "level": "INFO", "component": "apscheduler.executors.default", "message": "Job \"poll_once (trigger: interval[0:00:10], next run at: 2026-09-03 03:00:57 CEST)\" executed successfully"}
{"timestamp": "2026-09-03T03:00:57", "level": "INFO", "component": "apscheduler.executors.default", "message": "Running job \"poll_once (trigger: interval[0:00:10], next run at: 2026-09-03 03:01:07 CEST)\" (scheduled at 2026-09-03 03:00:57.305960+02:00)"}
{"timestamp": "2026-09-03T03:00:57", "level": "INFO", "component": "apscheduler.executors.default", "message": "Job \"poll_once (trigger: interval[0:00:10], next run at: 2026-09-03 03:01:07 CEST)\" executed successfully"}
{"timestamp": "2026-09-03T03:01:07", "level": "INFO", "component": "apscheduler.executors.default", "message": "Running job \"poll_once (trigger: interval[0:00:10], next run at: 2026-09-03 03:01:17 CEST)\" (scheduled at 2026-09-03 03:01:07.305960+02:00)"}
{"timestamp": "2026-09-03T03:01:07", "level": "INFO", "component": "apscheduler.executors.default", "message": "Job \"poll_once (trigger: interval[0:00:10], next run at: 2026-09-03 03:01:17 CEST)\" executed successfully"}
{"timestamp": "2026-09-03T03:01:12", "level": "INFO", "component": "apscheduler.executors.default", "message": "Running job \"_start_scheduler.<locals>.<lambda> (trigger: interval[0:00:45], next run at: 2026-09-03 03:01:57 CEST)\" (scheduled at 2026-09-03 03:01:12.306433+02:00)"}
{"timestamp": "2026-09-03T03:01:12", "level": "INFO", "component": "cv112_poller", "message": "Feed descargado: 35 incidentes activos", "correlation_id": "01e44d8b"}
{"timestamp": "2026-09-03T03:01:12", "level": "INFO", "component": "apscheduler.executors.default", "message": "Job \"_start_scheduler.<locals>.<lambda> (trigger: interval[0:00:45], next run at: 2026-09-03 03:01:57 CEST)\" executed successfully"}
{"timestamp": "2026-09-03T03:01:17", "level": "INFO", "component": "apscheduler.executors.default", "message": "Running job \"poll_once (trigger: interval[0:00:10], next run at: 2026-09-03 03:01:27 CEST)\" (scheduled at 2026-09-03 03:01:17.305960+02:00)"}
{"timestamp": "2026-09-03T03:01:17", "level": "INFO", "component": "apscheduler.executors.default", "message": "Job \"poll_once (trigger: interval[0:00:10], next run at: 2026-09-03 03:01:27 CEST)\" executed successfully"}
{"timestamp": "2026-09-03T03:01:27", "level": "INFO", "component": "apscheduler.executors.default", "message": "Running job \"poll_once (trigger: interval[0:00:10], next run at: 2026-09-03 03:01:37 CEST)\" (scheduled at 2026-09-03 03:01:27.305960+02:00)"}
{"timestamp": "2026-09-03T03:01:27", "level": "INFO", "component": "apscheduler.executors.default", "message": "Job \"poll_once (trigger: interval[0:00:10], next run at: 2026-09-03 03:01:37 CEST)\" executed successfully"}
{"timestamp": "2026-09-03T03:01:37", "level": "INFO", "component": "apscheduler.executors.default", "message": "Running job \"poll_once (trigger: interval[0:00:10], next run at: 2026-09-03 03:01:47 CEST)\" (scheduled at 2026-09-03 03:01:37.305960+02:00)"}
{"timestamp": "2026-09-03T03:01:37", "level": "INFO", "component": "apscheduler.executors.default", "message": "Job \"poll_once (trigger: interval[0:00:10], next run at: 2026-09-03 03:01:47 CEST)\" executed successfully"}
{"timestamp": "2026-09-03T03:01:47", "level": "INFO", "component": "apscheduler.executors.default", "message": "Running job \"poll_once (trigger: interval[0:00:10], next run at: 2026-09-03 03:01:57 CEST)\" (scheduled at 2026-09-03 03:01:47.305960+02:00)"}
{"timestamp": "2026-09-03T03:01:47", "level": "INFO", "component": "apscheduler.executors.default", "message": "Job \"poll_once (trigger: interval[0:00:10], next run at: 2026-09-03 03:01:57 CEST)\" executed successfully"}
{"timestamp": "2026-09-03T03:01:57", "level": "INFO", "component": "apscheduler.executors.default", "message": "Running job \"poll_once (trigger: interval[0:00:10], next run at: 2026-09-03 03:02:07 CEST)\" (scheduled at 2026-09-03 03:01:57.305960+02:00)"}
{"timestamp": "2026-09-03T03:01:57", "level": "INFO", "component": "apscheduler.executors.default", "message": "Running job \"_start_scheduler.<locals>.<lambda> (trigger: interval[0:00:45], next run at: 2026-09-03 03:02:42 CEST)\" (scheduled at 2026-09-03 03:01:57.306433+02:00)"}
{"timestamp": "2026-09-03T03:01:57", "level": "INFO", "component": "apscheduler.executors.default", "message": "Job \"poll_once (trigger: interval[0:00:10], next run at: 2026-09-03 03:02:07 CEST)\" executed successfully"}
{"timestamp": "2026-09-03T03:01:57", "level": "INFO", "component": "cv112_poller", "message": "Feed descargado: 35 incidentes activos", "correlation_id": "757c2e7c"}
{"timestamp": "2026-09-03T03:01:57", "level": "INFO", "component": "apscheduler.executors.default", "message": "Job \"_start_scheduler.<locals>.<lambda> (trigger: interval[0:00:45], next run at: 2026-09-03 03:02:42 CEST)\" executed successfully"}
{"timestamp": "2026-09-03T03:02:07", "level": "INFO", "component": "apscheduler.executors.default", "message": "Running job \"poll_once (trigger: interval[0:00:10], next run at: 2026-09-03 03:02:17 CEST)\" (scheduled at 2026-09-03 03:02:07.305960+02:00)"}
{"timestamp": "2026-09-03T03:02:07", "level": "INFO", "component": "apscheduler.executors.default", "message": "Job \"poll_once (trigger: interval[0:00:10], next run at: 2026-09-03 03:02:17 CEST)\" executed successfully"}
{"timestamp": "2026-09-03T03:02:17", "level": "INFO", "component": "apscheduler.executors.default", "message": "Running job \"poll_once (trigger: interval[0:00:10], next run at: 2026-09-03 03:02:27 CEST)\" (scheduled at 2026-09-03 03:02:17.305960+02:00)"}
{"timestamp": "2026-09-03T03:02:17", "level": "INFO", "component": "apscheduler.executors.default", "message": "Job \"poll_once (trigger: interval[0:00:10], next run at: 2026-09-03 03:02:27 CEST)\" executed successfully"}
{"timestamp": "2026-09-03T03:02:27", "level": "INFO", "component": "apscheduler.executors.default", "message": "Running job \"poll_once (trigger: interval[0:00:10], next run at: 2026-09-03 03:02:37 CEST)\" (scheduled at 2026-09-03 03:02:27.305960+02:00)"}
{"timestamp": "2026-09-03T03:02:27", "level": "INFO", "component": "apscheduler.executors.default", "message": "Job \"poll_once (trigger: interval[0:00:10], next run at: 2026-09-03 03:02:37 CEST)\" executed successfully"}
{"timestamp": "2026-09-03T03:02:37", "level": "INFO", "component": "apscheduler.executors.default", "message": "Running job \"poll_once (trigger: interval[0:00:10], next run at: 2026-09-03 03:02:47 CEST)\" (scheduled at 2026-09-03 03:02:37.305960+02:00)"}
{"timestamp": "2026-09-03T03:02:37", "level": "INFO", "component": "apscheduler.executors.default", "message": "Job \"poll_once (trigger: interval[0:00:10], next run at: 2026-09-03 03:02:47 CEST)\" executed successfully"}
{"timestamp": "2026-09-03T03:02:42", "level": "INFO", "component": "apscheduler.executors.default", "message": "Running job \"_start_scheduler.<locals>.<lambda> (trigger: interval[0:00:45], next run at: 2026-09-03 03:03:27 CEST)\" (scheduled at 2026-09-03 03:02:42.306433+02:00)"}
{"timestamp": "2026-09-03T03:02:42", "level": "INFO", "component": "cv112_poller", "message": "Feed descargado: 35 incidentes activos", "correlation_id": "f8f3cfc1"}
{"timestamp": "2026-09-03T03:02:42", "level": "INFO", "component": "apscheduler.executors.default", "message": "Job \"_start_scheduler.<locals>.<lambda> (trigger: interval[0:00:45], next run at: 2026-09-03 03:03:27 CEST)\" executed successfully"}
{"timestamp": "2026-09-03T03:02:47", "level": "INFO", "component": "apscheduler.executors.default", "message": "Running job \"poll_once (trigger: interval[0:00:10], next run at: 2026-09-03 03:02:57 CEST)\" (scheduled at 2026-09-03 03:02:47.305960+02:00)"}
{"timestamp": "2026-09-03T03:02:47", "level": "INFO", "component": "apscheduler.executors.default", "message": "Job \"poll_once (trigger: interval[0:00:10], next run at: 2026-09-03 03:02:57 CEST)\" executed successfully"}
{"timestamp": "2026-09-03T03:02:57", "level": "INFO", "component": "apscheduler.executors.default", "message": "Running job \"poll_once (trigger: interval[0:00:10], next run at: 2026-09-03 03:03:07 CEST)\" (scheduled at 2026-09-03 03:02:57.305960+02:00)"}
{"timestamp": "2026-09-03T03:02:57", "level": "INFO", "component": "apscheduler.executors.default", "message": "Job \"poll_once (trigger: interval[0:00:10], next run at: 2026-09-03 03:03:07 CEST)\" executed successfully"}
{"timestamp": "2026-09-03T03:03:07", "level": "INFO", "component": "apscheduler.executors.default", "message": "Running job \"poll_once (trigger: interval[0:00:10], next run at: 2026-09-03 03:03:17 CEST)\" (scheduled at 2026-09-03 03:03:07.305960+02:00)"}
{"timestamp": "2026-09-03T03:03:07", "level": "INFO", "component": "apscheduler.executors.default", "message": "Job \"poll_once (trigger: interval[0:00:10], next run at: 2026-09-03 03:03:17 CEST)\" executed successfully"}
{"timestamp": "2026-09-03T03:03:17", "level": "INFO", "component": "apscheduler.executors.default", "message": "Running job \"poll_once (trigger: interval[0:00:10], next run at: 2026-09-03 03:03:27 CEST)\" (scheduled at 2026-09-03 03:03:17.305960+02:00)"}
{"timestamp": "2026-09-03T03:03:17", "level": "INFO", "component": "apscheduler.executors.default", "message": "Job \"poll_once (trigger: interval[0:00:10], next run at: 2026-09-03 03:03:27 CEST)\" executed successfully"}
{"timestamp": "2026-09-03T03:03:27", "level": "INFO", "component": "apscheduler.executors.default", "message": "Running job \"poll_once (trigger: interval[0:00:10], next run at: 2026-09-03 03:03:37 CEST)\" (scheduled at 2026-09-03 03:03:27.305960+02:00)"}
{"timestamp": "2026-09-03T03:03:27", "level": "INFO", "component": "apscheduler.executors.default", "message": "Running job \"_start_scheduler.<locals>.<lambda> (trigger: interval[0:00:45], next run at: 2026-09-03 03:04:12 CEST)\" (scheduled at 2026-09-03 03:03:27.306433+02:00)"}
{"timestamp": "2026-09-03T03:03:27", "level": "INFO", "component": "apscheduler.executors.default", "message": "Job \"poll_once (trigger: interval[0:00:10], next run at: 2026-09-03 03:03:37 CEST)\" executed successfully"}
{"timestamp": "2026-09-03T03:03:27", "level": "INFO", "component": "cv112_poller", "message": "Feed descargado: 35 incidentes activos", "correlation_id": "d6357e84"}
{"timestamp": "2026-09-03T03:03:27", "level": "INFO", "component": "apscheduler.executors.default", "message": "Job \"_start_scheduler.<locals>.<lambda> (trigger: interval[0:00:45], next run at: 2026-09-03 03:04:12 CEST)\" executed successfully"}
{"timestamp": "2026-09-03T03:03:37", "level": "INFO", "component": "apscheduler.executors.default", "message": "Running job \"poll_once (trigger: interval[0:00:10], next run at: 2026-09-03 03:03:47 CEST)\" (scheduled at 2026-09-03 03:03:37.305960+02:00)"}
{"timestamp": "2026-09-03T03:03:37", "level": "INFO", "component": "apscheduler.executors.default", "message": "Job \"poll_once (trigger: interval[0:00:10], next run at: 2026-09-03 03:03:47 CEST)\" executed successfully"}
{"timestamp": "2026-09-03T03:03:47", "level": "INFO", "component": "apscheduler.executors.default", "message": "Running job \"poll_once (trigger: interval[0:00:10], next run at: 2026-09-03 03:03:57 CEST)\" (scheduled at 2026-09-03 03:03:47.305960+02:00)"}
{"timestamp": "2026-09-03T03:03:47", "level": "INFO", "component": "apscheduler.executors.default", "message": "Job \"poll_once (trigger: interval[0:00:10], next run at: 2026-09-03 03:03:57 CEST)\" executed successfully"}
{"timestamp": "2026-09-03T03:03:57", "level": "INFO", "component": "apscheduler.executors.default", "message": "Running job \"poll_once (trigger: interval[0:00:10], next run at: 2026-09-03 03:04:07 CEST)\" (scheduled at 2026-09-03 03:03:57.305960+02:00)"}
{"timestamp": "2026-09-03T03:03:57", "level": "INFO", "component": "apscheduler.executors.default", "message": "Job \"poll_once (trigger: interval[0:00:10], next run at: 2026-09-03 03:04:07 CEST)\" executed successfully"}
{"timestamp": "2026-09-03T03:04:07", "level": "INFO", "component": "apscheduler.executors.default", "message": "Running job \"poll_once (trigger: interval[0:00:10], next run at: 2026-09-03 03:04:17 CEST)\" (scheduled at 2026-09-03 03:04:07.305960+02:00)"}
{"timestamp": "2026-09-03T03:04:07", "level": "INFO", "component": "apscheduler.executors.default", "message": "Job \"poll_once (trigger: interval[0:00:10], next run at: 2026-09-03 03:04:17 CEST)\" executed successfully"}
{"timestamp": "2026-09-03T03:04:12", "level": "INFO", "component": "apscheduler.executors.default", "message": "Running job \"_start_scheduler.<locals>.<lambda> (trigger: interval[0:00:45], next run at: 2026-09-03 03:04:57 CEST)\" (scheduled at 2026-09-03 03:04:12.306433+02:00)"}
{"timestamp": "2026-09-03T03:04:12", "level": "INFO", "component": "cv112_poller", "message": "Feed descargado: 35 incidentes activos", "correlation_id": "c9372926"}
{"timestamp": "2026-09-03T03:04:12", "level": "INFO", "component": "apscheduler.executors.default", "message": "Job \"_start_scheduler.<locals>.<lambda> (trigger: interval[0:00:45], next run at: 2026-09-03 03:04:57 CEST)\" executed successfully"}
{"timestamp": "2026-09-03T03:04:17", "level": "INFO", "component": "apscheduler.executors.default", "message": "Running job \"poll_once (trigger: interval[0:00:10], next run at: 2026-09-03 03:04:27 CEST)\" (scheduled at 2026-09-03 03:04:17.305960+02:00)"}
{"timestamp": "2026-09-03T03:04:17", "level": "INFO", "component": "apscheduler.executors.default", "message": "Job \"poll_once (trigger: interval[0:00:10], next run at: 2026-09-03 03:04:27 CEST)\" executed successfully"}
{"timestamp": "2026-09-03T03:04:27", "level": "INFO", "component": "apscheduler.executors.default", "message": "Running job \"poll_once (trigger: interval[0:00:10], next run at: 2026-09-03 03:04:37 CEST)\" (scheduled at 2026-09-03 03:04:27.305960+02:00)"}
{"timestamp": "2026-09-03T03:04:27", "level": "INFO", "component": "apscheduler.executors.default", "message": "Job \"poll_once (trigger: interval[0:00:10], next run at: 2026-09-03 03:04:37 CEST)\" executed successfully"}
{"timestamp": "2026-09-03T03:04:37", "level": "INFO", "component": "apscheduler.executors.default", "message": "Running job \"poll_once (trigger: interval[0:00:10], next run at: 2026-09-03 03:04:47 CEST)\" (scheduled at 2026-09-03 03:04:37.305960+02:00)"}
{"timestamp": "2026-09-03T03:04:37", "level": "INFO", "component": "apscheduler.executors.default", "message": "Job \"poll_once (trigger: interval[0:00:10], next run at: 2026-09-03 03:04:47 CEST)\" executed successfully"}
{"timestamp": "2026-09-03T03:04:47", "level": "INFO", "component": "apscheduler.executors.default", "message": "Running job \"poll_once (trigger: interval[0:00:10], next run at: 2026-09-03 03:04:57 CEST)\" (scheduled at 2026-09-03 03:04:47.305960+02:00)"}
{"timestamp": "2026-09-03T03:04:47", "level": "INFO", "component": "apscheduler.executors.default", "message": "Job \"poll_once (trigger: interval[0:00:10], next run at: 2026-09-03 03:04:57 CEST)\" executed successfully"}
{"timestamp": "2026-09-03T03:04:57", "level": "INFO", "component": "apscheduler.executors.default", "message": "Running job \"poll_once (trigger: interval[0:00:10], next run at: 2026-09-03 03:05:07 CEST)\" (scheduled at 2026-09-03 03:04:57.305960+02:00)"}
{"timestamp": "2026-09-03T03:04:57", "level": "INFO", "component": "apscheduler.executors.default", "message": "Running job \"_start_scheduler.<locals>.<lambda> (trigger: interval[0:00:45], next run at: 2026-09-03 03:05:42 CEST)\" (scheduled at 2026-09-03 03:04:57.306433+02:00)"}
{"timestamp": "2026-09-03T03:04:57", "level": "INFO", "component": "apscheduler.executors.default", "message": "Job \"poll_once (trigger: interval[0:00:10], next run at: 2026-09-03 03:05:07 CEST)\" executed successfully"}
{"timestamp": "2026-09-03T03:04:57", "level": "INFO", "component": "cv112_poller", "message": "Feed descargado: 35 incidentes activos", "correlation_id": "a6b55e6a"}
{"timestamp": "2026-09-03T03:04:57", "level": "INFO", "component": "apscheduler.executors.default", "message": "Job \"_start_scheduler.<locals>.<lambda> (trigger: interval[0:00:45], next run at: 2026-09-03 03:05:42 CEST)\" executed successfully"}
{"timestamp": "2026-09-03T03:05:07", "level": "INFO", "component": "apscheduler.executors.default", "message": "Running job \"poll_once (trigger: interval[0:00:10], next run at: 2026-09-03 03:05:17 CEST)\" (scheduled at 2026-09-03 03:05:07.305960+02:00)"}
{"timestamp": "2026-09-03T03:05:07", "level": "INFO", "component": "apscheduler.executors.default", "message": "Job \"poll_once (trigger: interval[0:00:10], next run at: 2026-09-03 03:05:17 CEST)\" executed successfully"}
{"timestamp": "2026-09-03T03:05:17", "level": "INFO", "component": "apscheduler.executors.default", "message": "Running job \"poll_once (trigger: interval[0:00:10], next run at: 2026-09-03 03:05:27 CEST)\" (scheduled at 2026-09-03 03:05:17.305960+02:00)"}
{"timestamp": "2026-09-03T03:05:17", "level": "INFO", "component": "apscheduler.executors.default", "message": "Job \"poll_once (trigger: interval[0:00:10], next run at: 2026-09-03 03:05:27 CEST)\" executed successfully"}
{"timestamp": "2026-09-03T03:05:27", "level": "INFO", "component": "apscheduler.executors.default", "message": "Running job \"poll_once (trigger: interval[0:00:10], next run at: 2026-09-03 03:05:37 CEST)\" (scheduled at 2026-09-03 03:05:27.305960+02:00)"}
{"timestamp": "2026-09-03T03:05:27", "level": "INFO", "component": "apscheduler.executors.default", "message": "Job \"poll_once (trigger: interval[0:00:10], next run at: 2026-09-03 03:05:37 CEST)\" executed successfully"}
{"timestamp": "2026-09-03T03:05:37", "level": "INFO", "component": "apscheduler.executors.default", "message": "Running job \"poll_once (trigger: interval[0:00:10], next run at: 2026-09-03 03:05:47 CEST)\" (scheduled at 2026-09-03 03:05:37.305960+02:00)"}
{"timestamp": "2026-09-03T03:05:37", "level": "INFO", "component": "apscheduler.executors.default", "message": "Job \"poll_once (trigger: interval[0:00:10], next run at: 2026-09-03 03:05:47 CEST)\" executed successfully"}
{"timestamp": "2026-09-03T03:05:42", "level": "INFO", "component": "apscheduler.executors.default", "message": "Running job \"_start_scheduler.<locals>.<lambda> (trigger: interval[0:00:45], next run at: 2026-09-03 03:06:27 CEST)\" (scheduled at 2026-09-03 03:05:42.306433+02:00)"}
{"timestamp": "2026-09-03T03:05:42", "level": "INFO", "component": "cv112_poller", "message": "Feed descargado: 35 incidentes activos", "correlation_id": "6e0c8152"}
{"timestamp": "2026-09-03T03:05:42", "level": "INFO", "component": "apscheduler.executors.default", "message": "Job \"_start_scheduler.<locals>.<lambda> (trigger: interval[0:00:45], next run at: 2026-09-03 03:06:27 CEST)\" executed successfully"}
{"timestamp": "2026-09-03T03:05:47", "level": "INFO", "component": "apscheduler.executors.default", "message": "Running job \"poll_once (trigger: interval[0:00:10], next run at: 2026-09-03 03:05:57 CEST)\" (scheduled at 2026-09-03 03:05:47.305960+02:00)"}
{"timestamp": "2026-09-03T03:05:47", "level": "INFO", "component": "apscheduler.executors.default", "message": "Job \"poll_once (trigger: interval[0:00:10], next run at: 2026-09-03 03:05:57 CEST)\" executed successfully"}
{"timestamp": "2026-09-03T03:05:57", "level": "INFO", "component": "apscheduler.executors.default", "message": "Running job \"poll_once (trigger: interval[0:00:10], next run at: 2026-09-03 03:06:07 CEST)\" (scheduled at 2026-09-03 03:05:57.305960+02:00)"}
{"timestamp": "2026-09-03T03:05:57", "level": "INFO", "component": "apscheduler.executors.default", "message": "Job \"poll_once (trigger: interval[0:00:10], next run at: 2026-09-03 03:06:07 CEST)\" executed successfully"}
{"timestamp": "2026-09-03T03:06:07", "level": "INFO", "component": "apscheduler.executors.default", "message": "Running job \"poll_once (trigger: interval[0:00:10], next run at: 2026-09-03 03:06:17 CEST)\" (scheduled at 2026-09-03 03:06:07.305960+02:00)"}
{"timestamp": "2026-09-03T03:06:07", "level": "INFO", "component": "apscheduler.executors.default", "message": "Job \"poll_once (trigger: interval[0:00:10], next run at: 2026-09-03 03:06:17 CEST)\" executed successfully"}
{"timestamp": "2026-09-03T03:06:17", "level": "INFO", "component": "apscheduler.executors.default", "message": "Running job \"poll_once (trigger: interval[0:00:10], next run at: 2026-09-03 03:06:27 CEST)\" (scheduled at 2026-09-03 03:06:17.305960+02:00)"}
{"timestamp": "2026-09-03T03:06:17", "level": "INFO", "component": "apscheduler.executors.default", "message": "Job \"poll_once (trigger: interval[0:00:10], next run at: 2026-09-03 03:06:27 CEST)\" executed successfully"}
{"timestamp": "2026-09-03T03:06:27", "level": "INFO", "component": "apscheduler.executors.default", "message": "Running job \"poll_once (trigger: interval[0:00:10], next run at: 2026-09-03 03:06:37 CEST)\" (scheduled at 2026-09-03 03:06:27.305960+02:00)"}
{"timestamp": "2026-09-03T03:06:27", "level": "INFO", "component": "apscheduler.executors.default", "message": "Running job \"_start_scheduler.<locals>.<lambda> (trigger: interval[0:00:45], next run at: 2026-09-03 03:07:12 CEST)\" (scheduled at 2026-09-03 03:06:27.306433+02:00)"}
{"timestamp": "2026-09-03T03:06:27", "level": "INFO", "component": "apscheduler.executors.default", "message": "Job \"poll_once (trigger: interval[0:00:10], next run at: 2026-09-03 03:06:37 CEST)\" executed successfully"}
{"timestamp": "2026-09-03T03:06:27", "level": "INFO", "component": "cv112_poller", "message": "Feed descargado: 35 incidentes activos", "correlation_id": "271818c5"}
{"timestamp": "2026-09-03T03:06:27", "level": "INFO", "component": "apscheduler.executors.default", "message": "Job \"_start_scheduler.<locals>.<lambda> (trigger: interval[0:00:45], next run at: 2026-09-03 03:07:12 CEST)\" executed successfully"}
{"timestamp": "2026-09-03T03:06:37", "level": "INFO", "component": "apscheduler.executors.default", "message": "Running job \"poll_once (trigger: interval[0:00:10], next run at: 2026-09-03 03:06:47 CEST)\" (scheduled at 2026-09-03 03:06:37.305960+02:00)"}
{"timestamp": "2026-09-03T03:06:37", "level": "INFO", "component": "apscheduler.executors.default", "message": "Job \"poll_once (trigger: interval[0:00:10], next run at: 2026-09-03 03:06:47 CEST)\" executed successfully"}
{"timestamp": "2026-09-03T03:06:47", "level": "INFO", "component": "apscheduler.executors.default", "message": "Running job \"poll_once (trigger: interval[0:00:10], next run at: 2026-09-03 03:06:57 CEST)\" (scheduled at 2026-09-03 03:06:47.305960+02:00)"}
{"timestamp": "2026-09-03T03:06:47", "level": "INFO", "component": "apscheduler.executors.default", "message": "Job \"poll_once (trigger: interval[0:00:10], next run at: 2026-09-03 03:06:57 CEST)\" executed successfully"}
{"timestamp": "2026-09-03T03:06:57", "level": "INFO", "component": "apscheduler.executors.default", "message": "Running job \"poll_once (trigger: interval[0:00:10], next run at: 2026-09-03 03:07:07 CEST)\" (scheduled at 2026-09-03 03:06:57.305960+02:00)"}
{"timestamp": "2026-09-03T03:06:57", "level": "INFO", "component": "apscheduler.executors.default", "message": "Job \"poll_once (trigger: interval[0:00:10], next run at: 2026-09-03 03:07:07 CEST)\" executed successfully"}
{"timestamp": "2026-09-03T03:07:07", "level": "INFO", "component": "apscheduler.executors.default", "message": "Running job \"poll_once (trigger: interval[0:00:10], next run at: 2026-09-03 03:07:17 CEST)\" (scheduled at 2026-09-03 03:07:07.305960+02:00)"}
{"timestamp": "2026-09-03T03:07:07", "level": "INFO", "component": "apscheduler.executors.default", "message": "Job \"poll_once (trigger: interval[0:00:10], next run at: 2026-09-03 03:07:17 CEST)\" executed successfully"}
{"timestamp": "2026-09-03T03:07:12", "level": "INFO", "component": "apscheduler.executors.default", "message": "Running job \"_start_scheduler.<locals>.<lambda> (trigger: interval[0:00:45], next run at: 2026-09-03 03:07:57 CEST)\" (scheduled at 2026-09-03 03:07:12.306433+02:00)"}
{"timestamp": "2026-09-03T03:07:12", "level": "INFO", "component": "cv112_poller", "message": "Feed descargado: 35 incidentes activos", "correlation_id": "d4d737a3"}
{"timestamp": "2026-09-03T03:07:12", "level": "INFO", "component": "apscheduler.executors.default", "message": "Job \"_start_scheduler.<locals>.<lambda> (trigger: interval[0:00:45], next run at: 2026-09-03 03:07:57 CEST)\" executed successfully"}
{"timestamp": "2026-09-03T03:07:17", "level": "INFO", "component": "apscheduler.executors.default", "message": "Running job \"poll_once (trigger: interval[0:00:10], next run at: 2026-09-03 03:07:27 CEST)\" (scheduled at 2026-09-03 03:07:17.305960+02:00)"}
{"timestamp": "2026-09-03T03:07:17", "level": "INFO", "component": "apscheduler.executors.default", "message": "Job \"poll_once (trigger: interval[0:00:10], next run at: 2026-09-03 03:07:27 CEST)\" executed successfully"}
{"timestamp": "2026-09-03T03:07:27", "level": "INFO", "component": "apscheduler.executors.default", "message": "Running job \"poll_once (trigger: interval[0:00:10], next run at: 2026-09-03 03:07:37 CEST)\" (scheduled at 2026-09-03 03:07:27.305960+02:00)"}
{"timestamp": "2026-09-03T03:07:27", "level": "INFO", "component": "apscheduler.executors.default", "message": "Job \"poll_once (trigger: interval[0:00:10], next run at: 2026-09-03 03:07:37 CEST)\" executed successfully"}
{"timestamp": "2026-09-03T03:07:37", "level": "INFO", "component": "apscheduler.executors.default", "message": "Running job \"poll_once (trigger: interval[0:00:10], next run at: 2026-09-03 03:07:47 CEST)\" (scheduled at 2026-09-03 03:07:37.305960+02:00)"}
{"timestamp": "2026-09-03T03:07:37", "level": "INFO", "component": "apscheduler.executors.default", "message": "Job \"poll_once (trigger: interval[0:00:10], next run at: 2026-09-03 03:07:47 CEST)\" executed successfully"}
{"timestamp": "2026-09-03T03:07:47", "level": "INFO", "component": "apscheduler.executors.default", "message": "Running job \"poll_once (trigger: interval[0:00:10], next run at: 2026-09-03 03:07:57 CEST)\" (scheduled at 2026-09-03 03:07:47.305960+02:00)"}
{"timestamp": "2026-09-03T03:07:47", "level": "INFO", "component": "apscheduler.executors.default", "message": "Job \"poll_once (trigger: interval[0:00:10], next run at: 2026-09-03 03:07:57 CEST)\" executed successfully"}
{"timestamp": "2026-09-03T03:07:57", "level": "INFO", "component": "apscheduler.executors.default", "message": "Running job \"poll_once (trigger: interval[0:00:10], next run at: 2026-09-03 03:08:07 CEST)\" (scheduled at 2026-09-03 03:07:57.305960+02:00)"}
{"timestamp": "2026-09-03T03:07:57", "level": "INFO", "component": "apscheduler.executors.default", "message": "Running job \"_start_scheduler.<locals>.<lambda> (trigger: interval[0:00:45], next run at: 2026-09-03 03:08:42 CEST)\" (scheduled at 2026-09-03 03:07:57.306433+02:00)"}
{"timestamp": "2026-09-03T03:07:57", "level": "INFO", "component": "apscheduler.executors.default", "message": "Job \"poll_once (trigger: interval[0:00:10], next run at: 2026-09-03 03:08:07 CEST)\" executed successfully"}
{"timestamp": "2026-09-03T03:07:57", "level": "INFO", "component": "cv112_poller", "message": "Feed descargado: 35 incidentes activos", "correlation_id": "95824be4"}
{"timestamp": "2026-09-03T03:07:57", "level": "INFO", "component": "apscheduler.executors.default", "message": "Job \"_start_scheduler.<locals>.<lambda> (trigger: interval[0:00:45], next run at: 2026-09-03 03:08:42 CEST)\" executed successfully"}
{"timestamp": "2026-09-03T03:08:07", "level": "INFO", "component": "apscheduler.executors.default", "message": "Running job \"poll_once (trigger: interval[0:00:10], next run at: 2026-09-03 03:08:17 CEST)\" (scheduled at 2026-09-03 03:08:07.305960+02:00)"}
{"timestamp": "2026-09-03T03:08:07", "level": "INFO", "component": "apscheduler.executors.default", "message": "Job \"poll_once (trigger: interval[0:00:10], next run at: 2026-09-03 03:08:17 CEST)\" executed successfully"}
{"timestamp": "2026-09-03T03:08:17", "level": "INFO", "component": "apscheduler.executors.default", "message": "Running job \"poll_once (trigger: interval[0:00:10], next run at: 2026-09-03 03:08:27 CEST)\" (scheduled at 2026-09-03 03:08:17.305960+02:00)"}
{"timestamp": "2026-09-03T03:08:17", "level": "INFO", "component": "apscheduler.executors.default", "message": "Job \"poll_once (trigger: interval[0:00:10], next run at: 2026-09-03 03:08:27 CEST)\" executed successfully"}
{"timestamp": "2026-09-03T03:08:27", "level": "INFO", "component": "apscheduler.executors.default", "message": "Running job \"poll_once (trigger: interval[0:00:10], next run at: 2026-09-03 03:08:37 CEST)\" (scheduled at 2026-09-03 03:08:27.305960+02:00)"}
{"timestamp": "2026-09-03T03:08:27", "level": "INFO", "component": "apscheduler.executors.default", "message": "Job \"poll_once (trigger: interval[0:00:10], next run at: 2026-09-03 03:08:37 CEST)\" executed successfully"}
{"timestamp": "2026-09-03T03:08:37", "level": "INFO", "component": "apscheduler.executors.default", "message": "Running job \"poll_once (trigger: interval[0:00:10], next run at: 2026-09-03 03:08:47 CEST)\" (scheduled at 2026-09-03 03:08:37.305960+02:00)"}
{"timestamp": "2026-09-03T03:08:37", "level": "INFO", "component": "apscheduler.executors.default", "message": "Job \"poll_once (trigger: interval[0:00:10], next run at: 2026-09-03 03:08:47 CEST)\" executed successfully"}
{"timestamp": "2026-09-03T03:08:42", "level": "INFO", "component": "apscheduler.executors.default", "message": "Running job \"_start_scheduler.<locals>.<lambda> (trigger: interval[0:00:45], next run at: 2026-09-03 03:09:27 CEST)\" (scheduled at 2026-09-03 03:08:42.306433+02:00)"}
{"timestamp": "2026-09-03T03:08:42", "level": "INFO", "component": "cv112_poller", "message": "Feed descargado: 35 incidentes activos", "correlation_id": "019cf3d6"}
{"timestamp": "2026-09-03T03:08:42", "level": "INFO", "component": "apscheduler.executors.default", "message": "Job \"_start_scheduler.<locals>.<lambda> (trigger: interval[0:00:45], next run at: 2026-09-03 03:09:27 CEST)\" executed successfully"}
{"timestamp": "2026-09-03T03:08:47", "level": "INFO", "component": "apscheduler.executors.default", "message": "Running job \"poll_once (trigger: interval[0:00:10], next run at: 2026-09-03 03:08:57 CEST)\" (scheduled at 2026-09-03 03:08:47.305960+02:00)"}
{"timestamp": "2026-09-03T03:08:47", "level": "INFO", "component": "apscheduler.executors.default", "message": "Job \"poll_once (trigger: interval[0:00:10], next run at: 2026-09-03 03:08:57 CEST)\" executed successfully"}
{"timestamp": "2026-09-03T03:08:57", "level": "INFO", "component": "apscheduler.executors.default", "message": "Running job \"poll_once (trigger: interval[0:00:10], next run at: 2026-09-03 03:09:07 CEST)\" (scheduled at 2026-09-03 03:08:57.305960+02:00)"}
{"timestamp": "2026-09-03T03:08:57", "level": "INFO", "component": "apscheduler.executors.default", "message": "Job \"poll_once (trigger: interval[0:00:10], next run at: 2026-09-03 03:09:07 CEST)\" executed successfully"}
{"timestamp": "2026-09-03T03:09:07", "level": "INFO", "component": "apscheduler.executors.default", "message": "Running job \"poll_once (trigger: interval[0:00:10], next run at: 2026-09-03 03:09:17 CEST)\" (scheduled at 2026-09-03 03:09:07.305960+02:00)"}
{"timestamp": "2026-09-03T03:09:07", "level": "INFO", "component": "apscheduler.executors.default", "message": "Job \"poll_once (trigger: interval[0:00:10], next run at: 2026-09-03 03:09:17 CEST)\" executed successfully"}
{"timestamp": "2026-09-03T03:09:17", "level": "INFO", "component": "apscheduler.executors.default", "message": "Running job \"poll_once (trigger: interval[0:00:10], next run at: 2026-09-03 03:09:27 CEST)\" (scheduled at 2026-09-03 03:09:17.305960+02:00)"}
{"timestamp": "2026-09-03T03:09:17", "level": "INFO", "component": "apscheduler.executors.default", "message": "Job \"poll_once (trigger: interval[0:00:10], next run at: 2026-09-03 03:09:27 CEST)\" executed successfully"}
{"timestamp": "2026-09-03T03:09:27", "level": "INFO", "component": "apscheduler.executors.default", "message": "Running job \"poll_once (trigger: interval[0:00:10], next run at: 2026-09-03 03:09:37 CEST)\" (scheduled at 2026-09-03 03:09:27.305960+02:00)"}
{"timestamp": "2026-09-03T03:09:27", "level": "INFO", "component": "apscheduler.executors.default", "message": "Running job \"_start_scheduler.<locals>.<lambda> (trigger: interval[0:00:45], next run at: 2026-09-03 03:10:12 CEST)\" (scheduled at 2026-09-03 03:09:27.306433+02:00)"}
{"timestamp": "2026-09-03T03:09:27", "level": "INFO", "component": "apscheduler.executors.default", "message": "Job \"poll_once (trigger: interval[0:00:10], next run at: 2026-09-03 03:09:37 CEST)\" executed successfully"}
{"timestamp": "2026-09-03T03:09:27", "level": "INFO", "component": "cv112_poller", "message": "Feed descargado: 35 incidentes activos", "correlation_id": "6fda132f"}
{"timestamp": "2026-09-03T03:09:27", "level": "INFO", "component": "apscheduler.executors.default", "message": "Job \"_start_scheduler.<locals>.<lambda> (trigger: interval[0:00:45], next run at: 2026-09-03 03:10:12 CEST)\" executed successfully"}
{"timestamp": "2026-09-03T03:09:37", "level": "INFO", "component": "apscheduler.executors.default", "message": "Running job \"poll_once (trigger: interval[0:00:10], next run at: 2026-09-03 03:09:47 CEST)\" (scheduled at 2026-09-03 03:09:37.305960+02:00)"}
{"timestamp": "2026-09-03T03:09:37", "level": "INFO", "component": "apscheduler.executors.default", "message": "Job \"poll_once (trigger: interval[0:00:10], next run at: 2026-09-03 03:09:47 CEST)\" executed successfully"}
{"timestamp": "2026-09-03T03:09:47", "level": "INFO", "component": "apscheduler.executors.default", "message": "Running job \"poll_once (trigger: interval[0:00:10], next run at: 2026-09-03 03:09:57 CEST)\" (scheduled at 2026-09-03 03:09:47.305960+02:00)"}
{"timestamp": "2026-09-03T03:09:47", "level": "INFO", "component": "apscheduler.executors.default", "message": "Job \"poll_once (trigger: interval[0:00:10], next run at: 2026-09-03 03:09:57 CEST)\" executed successfully"}
{"timestamp": "2026-09-03T03:09:57", "level": "INFO", "component": "apscheduler.executors.default", "message": "Running job \"poll_once (trigger: interval[0:00:10], next run at: 2026-09-03 03:10:07 CEST)\" (scheduled at 2026-09-03 03:09:57.305960+02:00)"}
{"timestamp": "2026-09-03T03:09:57", "level": "INFO", "component": "apscheduler.executors.default", "message": "Job \"poll_once (trigger: interval[0:00:10], next run at: 2026-09-03 03:10:07 CEST)\" executed successfully"}
{"timestamp": "2026-09-03T03:10:07", "level": "INFO", "component": "apscheduler.executors.default", "message": "Running job \"poll_once (trigger: interval[0:00:10], next run at: 2026-09-03 03:10:17 CEST)\" (scheduled at 2026-09-03 03:10:07.305960+02:00)"}
{"timestamp": "2026-09-03T03:10:07", "level": "INFO", "component": "apscheduler.executors.default", "message": "Job \"poll_once (trigger: interval[0:00:10], next run at: 2026-09-03 03:10:17 CEST)\" executed successfully"}
{"timestamp": "2026-09-03T03:10:12", "level": "INFO", "component": "apscheduler.executors.default", "message": "Running job \"_start_scheduler.<locals>.<lambda> (trigger: interval[0:00:45], next run at: 2026-09-03 03:10:57 CEST)\" (scheduled at 2026-09-03 03:10:12.306433+02:00)"}
{"timestamp": "2026-09-03T03:10:12", "level": "INFO", "component": "cv112_poller", "message": "Feed descargado: 35 incidentes activos", "correlation_id": "cb053810"}
{"timestamp": "2026-09-03T03:10:12", "level": "INFO", "component": "apscheduler.executors.default", "message": "Job \"_start_scheduler.<locals>.<lambda> (trigger: interval[0:00:45], next run at: 2026-09-03 03:10:57 CEST)\" executed successfully"}
{"timestamp": "2026-09-03T03:10:17", "level": "INFO", "component": "apscheduler.executors.default", "message": "Running job \"poll_once (trigger: interval[0:00:10], next run at: 2026-09-03 03:10:27 CEST)\" (scheduled at 2026-09-03 03:10:17.305960+02:00)"}
{"timestamp": "2026-09-03T03:10:17", "level": "INFO", "component": "apscheduler.executors.default", "message": "Job \"poll_once (trigger: interval[0:00:10], next run at: 2026-09-03 03:10:27 CEST)\" executed successfully"}
{"timestamp": "2026-09-03T03:10:27", "level": "INFO", "component": "apscheduler.executors.default", "message": "Running job \"poll_once (trigger: interval[0:00:10], next run at: 2026-09-03 03:10:37 CEST)\" (scheduled at 2026-09-03 03:10:27.305960+02:00)"}
{"timestamp": "2026-09-03T03:10:27", "level": "INFO", "component": "apscheduler.executors.default", "message": "Job \"poll_once (trigger: interval[0:00:10], next run at: 2026-09-03 03:10:37 CEST)\" executed successfully"}
{"timestamp": "2026-09-03T03:10:37", "level": "INFO", "component": "apscheduler.executors.default", "message": "Running job \"poll_once (trigger: interval[0:00:10], next run at: 2026-09-03 03:10:47 CEST)\" (scheduled at 2026-09-03 03:10:37.305960+02:00)"}
{"timestamp": "2026-09-03T03:10:37", "level": "INFO", "component": "apscheduler.executors.default", "message": "Job \"poll_once (trigger: interval[0:00:10], next run at: 2026-09-03 03:10:47 CEST)\" executed successfully"}
{"timestamp": "2026-09-03T03:10:47", "level": "INFO", "component": "apscheduler.executors.default", "message": "Running job \"poll_once (trigger: interval[0:00:10], next run at: 2026-09-03 03:10:57 CEST)\" (scheduled at 2026-09-03 03:10:47.305960+02:00)"}
{"timestamp": "2026-09-03T03:10:47", "level": "INFO", "component": "apscheduler.executors.default", "message": "Job \"poll_once (trigger: interval[0:00:10], next run at: 2026-09-03 03:10:57 CEST)\" executed successfully"}
{"timestamp": "2026-09-03T03:10:57", "level": "INFO", "component": "apscheduler.executors.default", "message": "Running job \"poll_once (trigger: interval[0:00:10], next run at: 2026-09-03 03:11:07 CEST)\" (scheduled at 2026-09-03 03:10:57.305960+02:00)"}
{"timestamp": "2026-09-03T03:10:57", "level": "INFO", "component": "apscheduler.executors.default", "message": "Running job \"_start_scheduler.<locals>.<lambda> (trigger: interval[0:00:45], next run at: 2026-09-03 03:11:42 CEST)\" (scheduled at 2026-09-03 03:10:57.306433+02:00)"}
{"timestamp": "2026-09-03T03:10:57", "level": "INFO", "component": "apscheduler.executors.default", "message": "Job \"poll_once (trigger: interval[0:00:10], next run at: 2026-09-03 03:11:07 CEST)\" executed successfully"}
{"timestamp": "2026-09-03T03:10:57", "level": "INFO", "component": "cv112_poller", "message": "Feed descargado: 35 incidentes activos", "correlation_id": "46c6ba04"}
{"timestamp": "2026-09-03T03:10:57", "level": "INFO", "component": "apscheduler.executors.default", "message": "Job \"_start_scheduler.<locals>.<lambda> (trigger: interval[0:00:45], next run at: 2026-09-03 03:11:42 CEST)\" executed successfully"}
{"timestamp": "2026-09-03T03:11:07", "level": "INFO", "component": "apscheduler.executors.default", "message": "Running job \"poll_once (trigger: interval[0:00:10], next run at: 2026-09-03 03:11:17 CEST)\" (scheduled at 2026-09-03 03:11:07.305960+02:00)"}
{"timestamp": "2026-09-03T03:11:07", "level": "INFO", "component": "apscheduler.executors.default", "message": "Job \"poll_once (trigger: interval[0:00:10], next run at: 2026-09-03 03:11:17 CEST)\" executed successfully"}
{"timestamp": "2026-09-03T03:11:17", "level": "INFO", "component": "apscheduler.executors.default", "message": "Running job \"poll_once (trigger: interval[0:00:10], next run at: 2026-09-03 03:11:27 CEST)\" (scheduled at 2026-09-03 03:11:17.305960+02:00)"}
{"timestamp": "2026-09-03T03:11:17", "level": "INFO", "component": "apscheduler.executors.default", "message": "Job \"poll_once (trigger: interval[0:00:10], next run at: 2026-09-03 03:11:27 CEST)\" executed successfully"}
{"timestamp": "2026-09-03T03:11:27", "level": "INFO", "component": "apscheduler.executors.default", "message": "Running job \"poll_once (trigger: interval[0:00:10], next run at: 2026-09-03 03:11:37 CEST)\" (scheduled at 2026-09-03 03:11:27.305960+02:00)"}
{"timestamp": "2026-09-03T03:11:27", "level": "INFO", "component": "apscheduler.executors.default", "message": "Job \"poll_once (trigger: interval[0:00:10], next run at: 2026-09-03 03:11:37 CEST)\" executed successfully"}
{"timestamp": "2026-09-03T03:11:37", "level": "INFO", "component": "apscheduler.executors.default", "message": "Running job \"poll_once (trigger: interval[0:00:10], next run at: 2026-09-03 03:11:47 CEST)\" (scheduled at 2026-09-03 03:11:37.305960+02:00)"}
{"timestamp": "2026-09-03T03:11:37", "level": "INFO", "component": "apscheduler.executors.default", "message": "Job \"poll_once (trigger: interval[0:00:10], next run at: 2026-09-03 03:11:47 CEST)\" executed successfully"}
{"timestamp": "2026-09-03T03:11:42", "level": "INFO", "component": "apscheduler.executors.default", "message": "Running job \"_start_scheduler.<locals>.<lambda> (trigger: interval[0:00:45], next run at: 2026-09-03 03:12:27 CEST)\" (scheduled at 2026-09-03 03:11:42.306433+02:00)"}
{"timestamp": "2026-09-03T03:11:42", "level": "INFO", "component": "cv112_poller", "message": "Feed descargado: 35 incidentes activos", "correlation_id": "9266c255"}
{"timestamp": "2026-09-03T03:11:42", "level": "INFO", "component": "apscheduler.executors.default", "message": "Job \"_start_scheduler.<locals>.<lambda> (trigger: interval[0:00:45], next run at: 2026-09-03 03:12:27 CEST)\" executed successfully"}
{"timestamp": "2026-09-03T03:11:47", "level": "INFO", "component": "apscheduler.executors.default", "message": "Running job \"poll_once (trigger: interval[0:00:10], next run at: 2026-09-03 03:11:57 CEST)\" (scheduled at 2026-09-03 03:11:47.305960+02:00)"}
{"timestamp": "2026-09-03T03:11:47", "level": "INFO", "component": "apscheduler.executors.default", "message": "Job \"poll_once (trigger: interval[0:00:10], next run at: 2026-09-03 03:11:57 CEST)\" executed successfully"}
{"timestamp": "2026-09-03T03:11:57", "level": "INFO", "component": "apscheduler.executors.default", "message": "Running job \"poll_once (trigger: interval[0:00:10], next run at: 2026-09-03 03:12:07 CEST)\" (scheduled at 2026-09-03 03:11:57.305960+02:00)"}
{"timestamp": "2026-09-03T03:11:57", "level": "INFO", "component": "apscheduler.executors.default", "message": "Job \"poll_once (trigger: interval[0:00:10], next run at: 2026-09-03 03:12:07 CEST)\" executed successfully"}
{"timestamp": "2026-09-03T03:12:07", "level": "INFO", "component": "apscheduler.executors.default", "message": "Running job \"poll_once (trigger: interval[0:00:10], next run at: 2026-09-03 03:12:17 CEST)\" (scheduled at 2026-09-03 03:12:07.305960+02:00)"}
{"timestamp": "2026-09-03T03:12:07", "level": "INFO", "component": "apscheduler.executors.default", "message": "Job \"poll_once (trigger: interval[0:00:10], next run at: 2026-09-03 03:12:17 CEST)\" executed successfully"}
{"timestamp": "2026-09-03T03:12:17", "level": "INFO", "component": "apscheduler.executors.default", "message": "Running job \"poll_once (trigger: interval[0:00:10], next run at: 2026-09-03 03:12:27 CEST)\" (scheduled at 2026-09-03 03:12:17.305960+02:00)"}
{"timestamp": "2026-09-03T03:12:17", "level": "INFO", "component": "apscheduler.executors.default", "message": "Job \"poll_once (trigger: interval[0:00:10], next run at: 2026-09-03 03:12:27 CEST)\" executed successfully"}
{"timestamp": "2026-09-03T03:12:27", "level": "INFO", "component": "apscheduler.executors.default", "message": "Running job \"poll_once (trigger: interval[0:00:10], next run at: 2026-09-03 03:12:37 CEST)\" (scheduled at 2026-09-03 03:12:27.305960+02:00)"}
{"timestamp": "2026-09-03T03:12:27", "level": "INFO", "component": "apscheduler.executors.default", "message": "Running job \"_start_scheduler.<locals>.<lambda> (trigger: interval[0:00:45], next run at: 2026-09-03 03:13:12 CEST)\" (scheduled at 2026-09-03 03:12:27.306433+02:00)"}
{"timestamp": "2026-09-03T03:12:27", "level": "INFO", "component": "apscheduler.executors.default", "message": "Job \"poll_once (trigger: interval[0:00:10], next run at: 2026-09-03 03:12:37 CEST)\" executed successfully"}
{"timestamp": "2026-09-03T03:12:27", "level": "INFO", "component": "cv112_poller", "message": "Feed descargado: 35 incidentes activos", "correlation_id": "16ad8f57"}
{"timestamp": "2026-09-03T03:12:27", "level": "INFO", "component": "apscheduler.executors.default", "message": "Job \"_start_scheduler.<locals>.<lambda> (trigger: interval[0:00:45], next run at: 2026-09-03 03:13:12 CEST)\" executed successfully"}
{"timestamp": "2026-09-03T03:12:37", "level": "INFO", "component": "apscheduler.executors.default", "message": "Running job \"poll_once (trigger: interval[0:00:10], next run at: 2026-09-03 03:12:47 CEST)\" (scheduled at 2026-09-03 03:12:37.305960+02:00)"}
{"timestamp": "2026-09-03T03:12:37", "level": "INFO", "component": "apscheduler.executors.default", "message": "Job \"poll_once (trigger: interval[0:00:10], next run at: 2026-09-03 03:12:47 CEST)\" executed successfully"}
{"timestamp": "2026-09-03T03:12:47", "level": "INFO", "component": "apscheduler.executors.default", "message": "Running job \"poll_once (trigger: interval[0:00:10], next run at: 2026-09-03 03:12:57 CEST)\" (scheduled at 2026-09-03 03:12:47.305960+02:00)"}
{"timestamp": "2026-09-03T03:12:47", "level": "INFO", "component": "apscheduler.executors.default", "message": "Job \"poll_once (trigger: interval[0:00:10], next run at: 2026-09-03 03:12:57 CEST)\" executed successfully"}
{"timestamp": "2026-09-03T03:12:57", "level": "INFO", "component": "apscheduler.executors.default", "message": "Running job \"poll_once (trigger: interval[0:00:10], next run at: 2026-09-03 03:13:07 CEST)\" (scheduled at 2026-09-03 03:12:57.305960+02:00)"}
{"timestamp": "2026-09-03T03:12:57", "level": "INFO", "component": "apscheduler.executors.default", "message": "Job \"poll_once (trigger: interval[0:00:10], next run at: 2026-09-03 03:13:07 CEST)\" executed successfully"}
{"timestamp": "2026-09-03T03:13:07", "level": "INFO", "component": "apscheduler.executors.default", "message": "Running job \"poll_once (trigger: interval[0:00:10], next run at: 2026-09-03 03:13:17 CEST)\" (scheduled at 2026-09-03 03:13:07.305960+02:00)"}
{"timestamp": "2026-09-03T03:13:07", "level": "INFO", "component": "apscheduler.executors.default", "message": "Job \"poll_once (trigger: interval[0:00:10], next run at: 2026-09-03 03:13:17 CEST)\" executed successfully"}
{"timestamp": "2026-09-03T03:13:12", "level": "INFO", "component": "apscheduler.executors.default", "message": "Running job \"_start_scheduler.<locals>.<lambda> (trigger: interval[0:00:45], next run at: 2026-09-03 03:13:57 CEST)\" (scheduled at 2026-09-03 03:13:12.306433+02:00)"}
{"timestamp": "2026-09-03T03:13:12", "level": "INFO", "component": "cv112_poller", "message": "Feed descargado: 35 incidentes activos", "correlation_id": "02454de2"}
{"timestamp": "2026-09-03T03:13:12", "level": "INFO", "component": "apscheduler.executors.default", "message": "Job \"_start_scheduler.<locals>.<lambda> (trigger: interval[0:00:45], next run at: 2026-09-03 03:13:57 CEST)\" executed successfully"}
{"timestamp": "2026-09-03T03:13:17", "level": "INFO", "component": "apscheduler.executors.default", "message": "Running job \"poll_once (trigger: interval[0:00:10], next run at: 2026-09-03 03:13:27 CEST)\" (scheduled at 2026-09-03 03:13:17.305960+02:00)"}
{"timestamp": "2026-09-03T03:13:17", "level": "INFO", "component": "apscheduler.executors.default", "message": "Job \"poll_once (trigger: interval[0:00:10], next run at: 2026-09-03 03:13:27 CEST)\" executed successfully"}
{"timestamp": "2026-09-03T03:13:27", "level": "INFO", "component": "apscheduler.executors.default", "message": "Running job \"poll_once (trigger: interval[0:00:10], next run at: 2026-09-03 03:13:37 CEST)\" (scheduled at 2026-09-03 03:13:27.305960+02:00)"}
{"timestamp": "2026-09-03T03:13:27", "level": "INFO", "component": "apscheduler.executors.default", "message": "Job \"poll_once (trigger: interval[0:00:10], next run at: 2026-09-03 03:13:37 CEST)\" executed successfully"}
{"timestamp": "2026-09-03T03:13:37", "level": "INFO", "component": "apscheduler.executors.default", "message": "Running job \"poll_once (trigger: interval[0:00:10], next run at: 2026-09-03 03:13:47 CEST)\" (scheduled at 2026-09-03 03:13:37.305960+02:00)"}
{"timestamp": "2026-09-03T03:13:37", "level": "INFO", "component": "apscheduler.executors.default", "message": "Job \"poll_once (trigger: interval[0:00:10], next run at: 2026-09-03 03:13:47 CEST)\" executed successfully"}
{"timestamp": "2026-09-03T03:13:47", "level": "INFO", "component": "apscheduler.executors.default", "message": "Running job \"poll_once (trigger: interval[0:00:10], next run at: 2026-09-03 03:13:57 CEST)\" (scheduled at 2026-09-03 03:13:47.305960+02:00)"}
{"timestamp": "2026-09-03T03:13:47", "level": "INFO", "component": "apscheduler.executors.default", "message": "Job \"poll_once (trigger: interval[0:00:10], next run at: 2026-09-03 03:13:57 CEST)\" executed successfully"}
{"timestamp": "2026-09-03T03:13:57", "level": "INFO", "component": "apscheduler.executors.default", "message": "Running job \"poll_once (trigger: interval[0:00:10], next run at: 2026-09-03 03:14:07 CEST)\" (scheduled at 2026-09-03 03:13:57.305960+02:00)"}
{"timestamp": "2026-09-03T03:13:57", "level": "INFO", "component": "apscheduler.executors.default", "message": "Running job \"_start_scheduler.<locals>.<lambda> (trigger: interval[0:00:45], next run at: 2026-09-03 03:14:42 CEST)\" (scheduled at 2026-09-03 03:13:57.306433+02:00)"}
{"timestamp": "2026-09-03T03:13:57", "level": "INFO", "component": "apscheduler.executors.default", "message": "Job \"poll_once (trigger: interval[0:00:10], next run at: 2026-09-03 03:14:07 CEST)\" executed successfully"}
{"timestamp": "2026-09-03T03:13:57", "level": "INFO", "component": "cv112_poller", "message": "Feed descargado: 35 incidentes activos", "correlation_id": "9b7e74e7"}
{"timestamp": "2026-09-03T03:13:57", "level": "INFO", "component": "apscheduler.executors.default", "message": "Job \"_start_scheduler.<locals>.<lambda> (trigger: interval[0:00:45], next run at: 2026-09-03 03:14:42 CEST)\" executed successfully"}
{"timestamp": "2026-09-03T03:14:07", "level": "INFO", "component": "apscheduler.executors.default", "message": "Running job \"poll_once (trigger: interval[0:00:10], next run at: 2026-09-03 03:14:17 CEST)\" (scheduled at 2026-09-03 03:14:07.305960+02:00)"}
{"timestamp": "2026-09-03T03:14:07", "level": "INFO", "component": "apscheduler.executors.default", "message": "Job \"poll_once (trigger: interval[0:00:10], next run at: 2026-09-03 03:14:17 CEST)\" executed successfully"}
{"timestamp": "2026-09-03T03:14:17", "level": "INFO", "component": "apscheduler.executors.default", "message": "Running job \"poll_once (trigger: interval[0:00:10], next run at: 2026-09-03 03:14:27 CEST)\" (scheduled at 2026-09-03 03:14:17.305960+02:00)"}
{"timestamp": "2026-09-03T03:14:17", "level": "INFO", "component": "apscheduler.executors.default", "message": "Job \"poll_once (trigger: interval[0:00:10], next run at: 2026-09-03 03:14:27 CEST)\" executed successfully"}
{"timestamp": "2026-09-03T03:14:27", "level": "INFO", "component": "apscheduler.executors.default", "message": "Running job \"poll_once (trigger: interval[0:00:10], next run at: 2026-09-03 03:14:37 CEST)\" (scheduled at 2026-09-03 03:14:27.305960+02:00)"}
{"timestamp": "2026-09-03T03:14:27", "level": "INFO", "component": "apscheduler.executors.default", "message": "Job \"poll_once (trigger: interval[0:00:10], next run at: 2026-09-03 03:14:37 CEST)\" executed successfully"}
{"timestamp": "2026-09-03T03:14:37", "level": "INFO", "component": "apscheduler.executors.default", "message": "Running job \"poll_once (trigger: interval[0:00:10], next run at: 2026-09-03 03:14:47 CEST)\" (scheduled at 2026-09-03 03:14:37.305960+02:00)"}
{"timestamp": "2026-09-03T03:14:37", "level": "INFO", "component": "apscheduler.executors.default", "message": "Job \"poll_once (trigger: interval[0:00:10], next run at: 2026-09-03 03:14:47 CEST)\" executed successfully"}
{"timestamp": "2026-09-03T03:14:42", "level": "INFO", "component": "apscheduler.executors.default", "message": "Running job \"_start_scheduler.<locals>.<lambda> (trigger: interval[0:00:45], next run at: 2026-09-03 03:15:27 CEST)\" (scheduled at 2026-09-03 03:14:42.306433+02:00)"}
{"timestamp": "2026-09-03T03:14:42", "level": "INFO", "component": "cv112_poller", "message": "Feed descargado: 35 incidentes activos", "correlation_id": "3334c7da"}
{"timestamp": "2026-09-03T03:14:42", "level": "INFO", "component": "apscheduler.executors.default", "message": "Job \"_start_scheduler.<locals>.<lambda> (trigger: interval[0:00:45], next run at: 2026-09-03 03:15:27 CEST)\" executed successfully"}
{"timestamp": "2026-09-03T03:14:47", "level": "INFO", "component": "apscheduler.executors.default", "message": "Running job \"poll_once (trigger: interval[0:00:10], next run at: 2026-09-03 03:14:57 CEST)\" (scheduled at 2026-09-03 03:14:47.305960+02:00)"}
{"timestamp": "2026-09-03T03:14:47", "level": "INFO", "component": "apscheduler.executors.default", "message": "Job \"poll_once (trigger: interval[0:00:10], next run at: 2026-09-03 03:14:57 CEST)\" executed successfully"}
{"timestamp": "2026-09-03T03:14:57", "level": "INFO", "component": "apscheduler.executors.default", "message": "Running job \"poll_once (trigger: interval[0:00:10], next run at: 2026-09-03 03:15:07 CEST)\" (scheduled at 2026-09-03 03:14:57.305960+02:00)"}
{"timestamp": "2026-09-03T03:14:57", "level": "INFO", "component": "apscheduler.executors.default", "message": "Job \"poll_once (trigger: interval[0:00:10], next run at: 2026-09-03 03:15:07 CEST)\" executed successfully"}
{"timestamp": "2026-09-03T03:15:07", "level": "INFO", "component": "apscheduler.executors.default", "message": "Running job \"poll_once (trigger: interval[0:00:10], next run at: 2026-09-03 03:15:17 CEST)\" (scheduled at 2026-09-03 03:15:07.305960+02:00)"}
{"timestamp": "2026-09-03T03:15:07", "level": "INFO", "component": "apscheduler.executors.default", "message": "Job \"poll_once (trigger: interval[0:00:10], next run at: 2026-09-03 03:15:17 CEST)\" executed successfully"}
{"timestamp": "2026-09-03T03:15:17", "level": "INFO", "component": "apscheduler.executors.default", "message": "Running job \"poll_once (trigger: interval[0:00:10], next run at: 2026-09-03 03:15:27 CEST)\" (scheduled at 2026-09-03 03:15:17.305960+02:00)"}
{"timestamp": "2026-09-03T03:15:17", "level": "INFO", "component": "apscheduler.executors.default", "message": "Job \"poll_once (trigger: interval[0:00:10], next run at: 2026-09-03 03:15:27 CEST)\" executed successfully"}
{"timestamp": "2026-09-03T03:15:27", "level": "INFO", "component": "apscheduler.executors.default", "message": "Running job \"poll_once (trigger: interval[0:00:10], next run at: 2026-09-03 03:15:37 CEST)\" (scheduled at 2026-09-03 03:15:27.305960+02:00)"}
{"timestamp": "2026-09-03T03:15:27", "level": "INFO", "component": "apscheduler.executors.default", "message": "Running job \"_start_scheduler.<locals>.<lambda> (trigger: interval[0:00:45], next run at: 2026-09-03 03:16:12 CEST)\" (scheduled at 2026-09-03 03:15:27.306433+02:00)"}
{"timestamp": "2026-09-03T03:15:27", "level": "INFO", "component": "apscheduler.executors.default", "message": "Job \"poll_once (trigger: interval[0:00:10], next run at: 2026-09-03 03:15:37 CEST)\" executed successfully"}
{"timestamp": "2026-09-03T03:15:27", "level": "INFO", "component": "cv112_poller", "message": "Feed descargado: 35 incidentes activos", "correlation_id": "f38f1750"}
{"timestamp": "2026-09-03T03:15:27", "level": "INFO", "component": "apscheduler.executors.default", "message": "Job \"_start_scheduler.<locals>.<lambda> (trigger: interval[0:00:45], next run at: 2026-09-03 03:16:12 CEST)\" executed successfully"}
{"timestamp": "2026-09-03T03:15:37", "level": "INFO", "component": "apscheduler.executors.default", "message": "Running job \"poll_once (trigger: interval[0:00:10], next run at: 2026-09-03 03:15:47 CEST)\" (scheduled at 2026-09-03 03:15:37.305960+02:00)"}
{"timestamp": "2026-09-03T03:15:37", "level": "INFO", "component": "apscheduler.executors.default", "message": "Job \"poll_once (trigger: interval[0:00:10], next run at: 2026-09-03 03:15:47 CEST)\" executed successfully"}
{"timestamp": "2026-09-03T03:15:47", "level": "INFO", "component": "apscheduler.executors.default", "message": "Running job \"poll_once (trigger: interval[0:00:10], next run at: 2026-09-03 03:15:57 CEST)\" (scheduled at 2026-09-03 03:15:47.305960+02:00)"}
{"timestamp": "2026-09-03T03:15:47", "level": "INFO", "component": "apscheduler.executors.default", "message": "Job \"poll_once (trigger: interval[0:00:10], next run at: 2026-09-03 03:15:57 CEST)\" executed successfully"}
{"timestamp": "2026-09-03T03:15:57", "level": "INFO", "component": "apscheduler.executors.default", "message": "Running job \"poll_once (trigger: interval[0:00:10], next run at: 2026-09-03 03:16:07 CEST)\" (scheduled at 2026-09-03 03:15:57.305960+02:00)"}
{"timestamp": "2026-09-03T03:15:57", "level": "INFO", "component": "apscheduler.executors.default", "message": "Job \"poll_once (trigger: interval[0:00:10], next run at: 2026-09-03 03:16:07 CEST)\" executed successfully"}
{"timestamp": "2026-09-03T03:16:07", "level": "INFO", "component": "apscheduler.executors.default", "message": "Running job \"poll_once (trigger: interval[0:00:10], next run at: 2026-09-03 03:16:17 CEST)\" (scheduled at 2026-09-03 03:16:07.305960+02:00)"}
{"timestamp": "2026-09-03T03:16:07", "level": "INFO", "component": "apscheduler.executors.default", "message": "Job \"poll_once (trigger: interval[0:00:10], next run at: 2026-09-03 03:16:17 CEST)\" executed successfully"}
{"timestamp": "2026-09-03T03:16:12", "level": "INFO", "component": "apscheduler.executors.default", "message": "Running job \"_start_scheduler.<locals>.<lambda> (trigger: interval[0:00:45], next run at: 2026-09-03 03:16:57 CEST)\" (scheduled at 2026-09-03 03:16:12.306433+02:00)"}
{"timestamp": "2026-09-03T03:16:12", "level": "INFO", "component": "cv112_poller", "message": "Feed descargado: 35 incidentes activos", "correlation_id": "ec6f4ddd"}
{"timestamp": "2026-09-03T03:16:12", "level": "INFO", "component": "apscheduler.executors.default", "message": "Job \"_start_scheduler.<locals>.<lambda> (trigger: interval[0:00:45], next run at: 2026-09-03 03:16:57 CEST)\" executed successfully"}
{"timestamp": "2026-09-03T03:16:17", "level": "INFO", "component": "apscheduler.executors.default", "message": "Running job \"poll_once (trigger: interval[0:00:10], next run at: 2026-09-03 03:16:27 CEST)\" (scheduled at 2026-09-03 03:16:17.305960+02:00)"}
{"timestamp": "2026-09-03T03:16:17", "level": "INFO", "component": "apscheduler.executors.default", "message": "Job \"poll_once (trigger: interval[0:00:10], next run at: 2026-09-03 03:16:27 CEST)\" executed successfully"}
{"timestamp": "2026-09-03T03:16:27", "level": "INFO", "component": "apscheduler.executors.default", "message": "Running job \"poll_once (trigger: interval[0:00:10], next run at: 2026-09-03 03:16:37 CEST)\" (scheduled at 2026-09-03 03:16:27.305960+02:00)"}
{"timestamp": "2026-09-03T03:16:27", "level": "INFO", "component": "apscheduler.executors.default", "message": "Job \"poll_once (trigger: interval[0:00:10], next run at: 2026-09-03 03:16:37 CEST)\" executed successfully"}
{"timestamp": "2026-09-03T03:16:37", "level": "INFO", "component": "apscheduler.executors.default", "message": "Running job \"poll_once (trigger: interval[0:00:10], next run at: 2026-09-03 03:16:47 CEST)\" (scheduled at 2026-09-03 03:16:37.305960+02:00)"}
{"timestamp": "2026-09-03T03:16:37", "level": "INFO", "component": "apscheduler.executors.default", "message": "Job \"poll_once (trigger: interval[0:00:10], next run at: 2026-09-03 03:16:47 CEST)\" executed successfully"}
{"timestamp": "2026-09-03T03:16:47", "level": "INFO", "component": "apscheduler.executors.default", "message": "Running job \"poll_once (trigger: interval[0:00:10], next run at: 2026-09-03 03:16:57 CEST)\" (scheduled at 2026-09-03 03:16:47.305960+02:00)"}
{"timestamp": "2026-09-03T03:16:47", "level": "INFO", "component": "apscheduler.executors.default", "message": "Job \"poll_once (trigger: interval[0:00:10], next run at: 2026-09-03 03:16:57 CEST)\" executed successfully"}
{"timestamp": "2026-09-03T03:16:57", "level": "INFO", "component": "apscheduler.executors.default", "message": "Running job \"poll_once (trigger: interval[0:00:10], next run at: 2026-09-03 03:17:07 CEST)\" (scheduled at 2026-09-03 03:16:57.305960+02:00)"}
{"timestamp": "2026-09-03T03:16:57", "level": "INFO", "component": "apscheduler.executors.default", "message": "Running job \"_start_scheduler.<locals>.<lambda> (trigger: interval[0:00:45], next run at: 2026-09-03 03:17:42 CEST)\" (scheduled at 2026-09-03 03:16:57.306433+02:00)"}
{"timestamp": "2026-09-03T03:16:57", "level": "INFO", "component": "apscheduler.executors.default", "message": "Job \"poll_once (trigger: interval[0:00:10], next run at: 2026-09-03 03:17:07 CEST)\" executed successfully"}
{"timestamp": "2026-09-03T03:16:57", "level": "INFO", "component": "cv112_poller", "message": "Feed descargado: 35 incidentes activos", "correlation_id": "c598d507"}
{"timestamp": "2026-09-03T03:16:57", "level": "INFO", "component": "apscheduler.executors.default", "message": "Job \"_start_scheduler.<locals>.<lambda> (trigger: interval[0:00:45], next run at: 2026-09-03 03:17:42 CEST)\" executed successfully"}
{"timestamp": "2026-09-03T03:17:07", "level": "INFO", "component": "apscheduler.executors.default", "message": "Running job \"poll_once (trigger: interval[0:00:10], next run at: 2026-09-03 03:17:17 CEST)\" (scheduled at 2026-09-03 03:17:07.305960+02:00)"}
{"timestamp": "2026-09-03T03:17:07", "level": "INFO", "component": "apscheduler.executors.default", "message": "Job \"poll_once (trigger: interval[0:00:10], next run at: 2026-09-03 03:17:17 CEST)\" executed successfully"}
{"timestamp": "2026-09-03T03:17:17", "level": "INFO", "component": "apscheduler.executors.default", "message": "Running job \"poll_once (trigger: interval[0:00:10], next run at: 2026-09-03 03:17:27 CEST)\" (scheduled at 2026-09-03 03:17:17.305960+02:00)"}
{"timestamp": "2026-09-03T03:17:17", "level": "INFO", "component": "apscheduler.executors.default", "message": "Job \"poll_once (trigger: interval[0:00:10], next run at: 2026-09-03 03:17:27 CEST)\" executed successfully"}
{"timestamp": "2026-09-03T03:17:27", "level": "INFO", "component": "apscheduler.executors.default", "message": "Running job \"poll_once (trigger: interval[0:00:10], next run at: 2026-09-03 03:17:37 CEST)\" (scheduled at 2026-09-03 03:17:27.305960+02:00)"}
{"timestamp": "2026-09-03T03:17:27", "level": "INFO", "component": "apscheduler.executors.default", "message": "Job \"poll_once (trigger: interval[0:00:10], next run at: 2026-09-03 03:17:37 CEST)\" executed successfully"}
{"timestamp": "2026-09-03T03:17:37", "level": "INFO", "component": "apscheduler.executors.default", "message": "Running job \"poll_once (trigger: interval[0:00:10], next run at: 2026-09-03 03:17:47 CEST)\" (scheduled at 2026-09-03 03:17:37.305960+02:00)"}
{"timestamp": "2026-09-03T03:17:37", "level": "INFO", "component": "apscheduler.executors.default", "message": "Job \"poll_once (trigger: interval[0:00:10], next run at: 2026-09-03 03:17:47 CEST)\" executed successfully"}
{"timestamp": "2026-09-03T03:17:42", "level": "INFO", "component": "apscheduler.executors.default", "message": "Running job \"_start_scheduler.<locals>.<lambda> (trigger: interval[0:00:45], next run at: 2026-09-03 03:18:27 CEST)\" (scheduled at 2026-09-03 03:17:42.306433+02:00)"}
{"timestamp": "2026-09-03T03:17:42", "level": "INFO", "component": "cv112_poller", "message": "Feed descargado: 35 incidentes activos", "correlation_id": "83339652"}
{"timestamp": "2026-09-03T03:17:42", "level": "INFO", "component": "apscheduler.executors.default", "message": "Job \"_start_scheduler.<locals>.<lambda> (trigger: interval[0:00:45], next run at: 2026-09-03 03:18:27 CEST)\" executed successfully"}
{"timestamp": "2026-09-03T03:17:47", "level": "INFO", "component": "apscheduler.executors.default", "message": "Running job \"poll_once (trigger: interval[0:00:10], next run at: 2026-09-03 03:17:57 CEST)\" (scheduled at 2026-09-03 03:17:47.305960+02:00)"}
{"timestamp": "2026-09-03T03:17:47", "level": "INFO", "component": "apscheduler.executors.default", "message": "Job \"poll_once (trigger: interval[0:00:10], next run at: 2026-09-03 03:17:57 CEST)\" executed successfully"}
{"timestamp": "2026-09-03T03:17:57", "level": "INFO", "component": "apscheduler.executors.default", "message": "Running job \"poll_once (trigger: interval[0:00:10], next run at: 2026-09-03 03:18:07 CEST)\" (scheduled at 2026-09-03 03:17:57.305960+02:00)"}
{"timestamp": "2026-09-03T03:17:57", "level": "INFO", "component": "apscheduler.executors.default", "message": "Job \"poll_once (trigger: interval[0:00:10], next run at: 2026-09-03 03:18:07 CEST)\" executed successfully"}
{"timestamp": "2026-09-03T03:18:07", "level": "INFO", "component": "apscheduler.executors.default", "message": "Running job \"poll_once (trigger: interval[0:00:10], next run at: 2026-09-03 03:18:17 CEST)\" (scheduled at 2026-09-03 03:18:07.305960+02:00)"}
{"timestamp": "2026-09-03T03:18:07", "level": "INFO", "component": "apscheduler.executors.default", "message": "Job \"poll_once (trigger: interval[0:00:10], next run at: 2026-09-03 03:18:17 CEST)\" executed successfully"}
{"timestamp": "2026-09-03T03:18:17", "level": "INFO", "component": "apscheduler.executors.default", "message": "Running job \"poll_once (trigger: interval[0:00:10], next run at: 2026-09-03 03:18:27 CEST)\" (scheduled at 2026-09-03 03:18:17.305960+02:00)"}
{"timestamp": "2026-09-03T03:18:17", "level": "INFO", "component": "apscheduler.executors.default", "message": "Job \"poll_once (trigger: interval[0:00:10], next run at: 2026-09-03 03:18:27 CEST)\" executed successfully"}
{"timestamp": "2026-09-03T03:18:27", "level": "INFO", "component": "apscheduler.executors.default", "message": "Running job \"poll_once (trigger: interval[0:00:10], next run at: 2026-09-03 03:18:37 CEST)\" (scheduled at 2026-09-03 03:18:27.305960+02:00)"}
{"timestamp": "2026-09-03T03:18:27", "level": "INFO", "component": "apscheduler.executors.default", "message": "Running job \"_start_scheduler.<locals>.<lambda> (trigger: interval[0:00:45], next run at: 2026-09-03 03:19:12 CEST)\" (scheduled at 2026-09-03 03:18:27.306433+02:00)"}
{"timestamp": "2026-09-03T03:18:27", "level": "INFO", "component": "apscheduler.executors.default", "message": "Job \"poll_once (trigger: interval[0:00:10], next run at: 2026-09-03 03:18:37 CEST)\" executed successfully"}
{"timestamp": "2026-09-03T03:18:27", "level": "INFO", "component": "cv112_poller", "message": "Feed descargado: 35 incidentes activos", "correlation_id": "bb5cada6"}
{"timestamp": "2026-09-03T03:18:27", "level": "INFO", "component": "apscheduler.executors.default", "message": "Job \"_start_scheduler.<locals>.<lambda> (trigger: interval[0:00:45], next run at: 2026-09-03 03:19:12 CEST)\" executed successfully"}
{"timestamp": "2026-09-03T03:18:37", "level": "INFO", "component": "apscheduler.executors.default", "message": "Running job \"poll_once (trigger: interval[0:00:10], next run at: 2026-09-03 03:18:47 CEST)\" (scheduled at 2026-09-03 03:18:37.305960+02:00)"}
{"timestamp": "2026-09-03T03:18:37", "level": "INFO", "component": "apscheduler.executors.default", "message": "Job \"poll_once (trigger: interval[0:00:10], next run at: 2026-09-03 03:18:47 CEST)\" executed successfully"}
{"timestamp": "2026-09-03T03:18:47", "level": "INFO", "component": "apscheduler.executors.default", "message": "Running job \"poll_once (trigger: interval[0:00:10], next run at: 2026-09-03 03:18:57 CEST)\" (scheduled at 2026-09-03 03:18:47.305960+02:00)"}
{"timestamp": "2026-09-03T03:18:47", "level": "INFO", "component": "apscheduler.executors.default", "message": "Job \"poll_once (trigger: interval[0:00:10], next run at: 2026-09-03 03:18:57 CEST)\" executed successfully"}
{"timestamp": "2026-09-03T03:18:57", "level": "INFO", "component": "apscheduler.executors.default", "message": "Running job \"poll_once (trigger: interval[0:00:10], next run at: 2026-09-03 03:19:07 CEST)\" (scheduled at 2026-09-03 03:18:57.305960+02:00)"}
{"timestamp": "2026-09-03T03:18:57", "level": "INFO", "component": "apscheduler.executors.default", "message": "Job \"poll_once (trigger: interval[0:00:10], next run at: 2026-09-03 03:19:07 CEST)\" executed successfully"}
{"timestamp": "2026-09-03T03:19:07", "level": "INFO", "component": "apscheduler.executors.default", "message": "Running job \"poll_once (trigger: interval[0:00:10], next run at: 2026-09-03 03:19:17 CEST)\" (scheduled at 2026-09-03 03:19:07.305960+02:00)"}
{"timestamp": "2026-09-03T03:19:07", "level": "INFO", "component": "apscheduler.executors.default", "message": "Job \"poll_once (trigger: interval[0:00:10], next run at: 2026-09-03 03:19:17 CEST)\" executed successfully"}
{"timestamp": "2026-09-03T03:19:12", "level": "INFO", "component": "apscheduler.executors.default", "message": "Running job \"_start_scheduler.<locals>.<lambda> (trigger: interval[0:00:45], next run at: 2026-09-03 03:19:57 CEST)\" (scheduled at 2026-09-03 03:19:12.306433+02:00)"}
{"timestamp": "2026-09-03T03:19:12", "level": "INFO", "component": "cv112_poller", "message": "Feed descargado: 33 incidentes activos", "correlation_id": "c9c94f54"}
{"timestamp": "2026-09-03T03:19:12", "level": "INFO", "component": "cv112_poller", "message": "Taxonomía: nuevo municipio detectado en el feed: 'Villena'", "correlation_id": "c9c94f54"}
{"timestamp": "2026-09-03T03:19:12", "level": "INFO", "component": "cv112_poller", "message": "Incidente 40511972 visto pero alertas automáticas pausadas (killswitch)", "correlation_id": "c9c94f54"}
{"timestamp": "2026-09-03T03:19:12", "level": "INFO", "component": "cv112_poller", "message": "Taxonomía: nueva categoría detectada en el feed: 'Salvamento > Rescate > Atrapado'", "correlation_id": "c9c94f54"}
{"timestamp": "2026-09-03T03:19:12", "level": "INFO", "component": "cv112_poller", "message": "Incidente 40511998 visto pero alertas automáticas pausadas (killswitch)", "correlation_id": "c9c94f54"}
{"timestamp": "2026-09-03T03:19:12", "level": "INFO", "component": "cv112_poller", "message": "Incidente 40511926 visto pero alertas automáticas pausadas (killswitch)", "correlation_id": "c9c94f54"}
{"timestamp": "2026-09-03T03:19:12", "level": "INFO", "component": "apscheduler.executors.default", "message": "Job \"_start_scheduler.<locals>.<lambda> (trigger: interval[0:00:45], next run at: 2026-09-03 03:19:57 CEST)\" executed successfully"}
{"timestamp": "2026-09-03T03:19:17", "level": "INFO", "component": "apscheduler.executors.default", "message": "Running job \"poll_once (trigger: interval[0:00:10], next run at: 2026-09-03 03:19:27 CEST)\" (scheduled at 2026-09-03 03:19:17.305960+02:00)"}
{"timestamp": "2026-09-03T03:19:17", "level": "INFO", "component": "apscheduler.executors.default", "message": "Job \"poll_once (trigger: interval[0:00:10], next run at: 2026-09-03 03:19:27 CEST)\" executed successfully"}
{"timestamp": "2026-09-03T03:19:27", "level": "INFO", "component": "apscheduler.executors.default", "message": "Running job \"poll_once (trigger: interval[0:00:10], next run at: 2026-09-03 03:19:37 CEST)\" (scheduled at 2026-09-03 03:19:27.305960+02:00)"}
{"timestamp": "2026-09-03T03:19:27", "level": "INFO", "component": "apscheduler.executors.default", "message": "Job \"poll_once (trigger: interval[0:00:10], next run at: 2026-09-03 03:19:37 CEST)\" executed successfully"}
{"timestamp": "2026-09-03T03:19:37", "level": "INFO", "component": "apscheduler.executors.default", "message": "Running job \"poll_once (trigger: interval[0:00:10], next run at: 2026-09-03 03:19:47 CEST)\" (scheduled at 2026-09-03 03:19:37.305960+02:00)"}
{"timestamp": "2026-09-03T03:19:37", "level": "INFO", "component": "apscheduler.executors.default", "message": "Job \"poll_once (trigger: interval[0:00:10], next run at: 2026-09-03 03:19:47 CEST)\" executed successfully"}
{"timestamp": "2026-09-03T03:19:47", "level": "INFO", "component": "apscheduler.executors.default", "message": "Running job \"poll_once (trigger: interval[0:00:10], next run at: 2026-09-03 03:19:57 CEST)\" (scheduled at 2026-09-03 03:19:47.305960+02:00)"}
{"timestamp": "2026-09-03T03:19:47", "level": "INFO", "component": "apscheduler.executors.default", "message": "Job \"poll_once (trigger: interval[0:00:10], next run at: 2026-09-03 03:19:57 CEST)\" executed successfully"}
{"timestamp": "2026-09-03T03:19:57", "level": "INFO", "component": "apscheduler.executors.default", "message": "Running job \"poll_once (trigger: interval[0:00:10], next run at: 2026-09-03 03:20:07 CEST)\" (scheduled at 2026-09-03 03:19:57.305960+02:00)"}
{"timestamp": "2026-09-03T03:19:57", "level": "INFO", "component": "apscheduler.executors.default", "message": "Running job \"_start_scheduler.<locals>.<lambda> (trigger: interval[0:00:45], next run at: 2026-09-03 03:20:42 CEST)\" (scheduled at 2026-09-03 03:19:57.306433+02:00)"}
{"timestamp": "2026-09-03T03:19:57", "level": "INFO", "component": "apscheduler.executors.default", "message": "Job \"poll_once (trigger: interval[0:00:10], next run at: 2026-09-03 03:20:07 CEST)\" executed successfully"}
{"timestamp": "2026-09-03T03:19:57", "level": "INFO", "component": "cv112_poller", "message": "Feed descargado: 33 incidentes activos", "correlation_id": "5882d0eb"}
{"timestamp": "2026-09-03T03:19:57", "level": "INFO", "component": "apscheduler.executors.default", "message": "Job \"_start_scheduler.<locals>.<lambda> (trigger: interval[0:00:45], next run at: 2026-09-03 03:20:42 CEST)\" executed successfully"}
{"timestamp": "2026-09-03T03:20:07", "level": "INFO", "component": "apscheduler.executors.default", "message": "Running job \"poll_once (trigger: interval[0:00:10], next run at: 2026-09-03 03:20:17 CEST)\" (scheduled at 2026-09-03 03:20:07.305960+02:00)"}
{"timestamp": "2026-09-03T03:20:07", "level": "INFO", "component": "apscheduler.executors.default", "message": "Job \"poll_once (trigger: interval[0:00:10], next run at: 2026-09-03 03:20:17 CEST)\" executed successfully"}
{"timestamp": "2026-09-03T03:20:17", "level": "INFO", "component": "apscheduler.executors.default", "message": "Running job \"poll_once (trigger: interval[0:00:10], next run at: 2026-09-03 03:20:27 CEST)\" (scheduled at 2026-09-03 03:20:17.305960+02:00)"}
{"timestamp": "2026-09-03T03:20:17", "level": "INFO", "component": "apscheduler.executors.default", "message": "Job \"poll_once (trigger: interval[0:00:10], next run at: 2026-09-03 03:20:27 CEST)\" executed successfully"}
{"timestamp": "2026-09-03T03:20:27", "level": "INFO", "component": "apscheduler.executors.default", "message": "Running job \"poll_once (trigger: interval[0:00:10], next run at: 2026-09-03 03:20:37 CEST)\" (scheduled at 2026-09-03 03:20:27.305960+02:00)"}
{"timestamp": "2026-09-03T03:20:27", "level": "INFO", "component": "apscheduler.executors.default", "message": "Job \"poll_once (trigger: interval[0:00:10], next run at: 2026-09-03 03:20:37 CEST)\" executed successfully"}
{"timestamp": "2026-09-03T03:20:37", "level": "INFO", "component": "apscheduler.executors.default", "message": "Running job \"poll_once (trigger: interval[0:00:10], next run at: 2026-09-03 03:20:47 CEST)\" (scheduled at 2026-09-03 03:20:37.305960+02:00)"}
{"timestamp": "2026-09-03T03:20:37", "level": "INFO", "component": "apscheduler.executors.default", "message": "Job \"poll_once (trigger: interval[0:00:10], next run at: 2026-09-03 03:20:47 CEST)\" executed successfully"}
{"timestamp": "2026-09-03T03:20:42", "level": "INFO", "component": "apscheduler.executors.default", "message": "Running job \"_start_scheduler.<locals>.<lambda> (trigger: interval[0:00:45], next run at: 2026-09-03 03:21:27 CEST)\" (scheduled at 2026-09-03 03:20:42.306433+02:00)"}
{"timestamp": "2026-09-03T03:20:42", "level": "INFO", "component": "cv112_poller", "message": "Feed descargado: 33 incidentes activos", "correlation_id": "0ac26448"}
{"timestamp": "2026-09-03T03:20:42", "level": "INFO", "component": "apscheduler.executors.default", "message": "Job \"_start_scheduler.<locals>.<lambda> (trigger: interval[0:00:45], next run at: 2026-09-03 03:21:27 CEST)\" executed successfully"}
{"timestamp": "2026-09-03T03:20:47", "level": "INFO", "component": "apscheduler.executors.default", "message": "Running job \"poll_once (trigger: interval[0:00:10], next run at: 2026-09-03 03:20:57 CEST)\" (scheduled at 2026-09-03 03:20:47.305960+02:00)"}
{"timestamp": "2026-09-03T03:20:47", "level": "INFO", "component": "apscheduler.executors.default", "message": "Job \"poll_once (trigger: interval[0:00:10], next run at: 2026-09-03 03:20:57 CEST)\" executed successfully"}
{"timestamp": "2026-09-03T03:20:57", "level": "INFO", "component": "apscheduler.executors.default", "message": "Running job \"poll_once (trigger: interval[0:00:10], next run at: 2026-09-03 03:21:07 CEST)\" (scheduled at 2026-09-03 03:20:57.305960+02:00)"}
{"timestamp": "2026-09-03T03:20:57", "level": "INFO", "component": "apscheduler.executors.default", "message": "Job \"poll_once (trigger: interval[0:00:10], next run at: 2026-09-03 03:21:07 CEST)\" executed successfully"}
{"timestamp": "2026-09-03T03:21:07", "level": "INFO", "component": "apscheduler.executors.default", "message": "Running job \"poll_once (trigger: interval[0:00:10], next run at: 2026-09-03 03:21:17 CEST)\" (scheduled at 2026-09-03 03:21:07.305960+02:00)"}
{"timestamp": "2026-09-03T03:21:07", "level": "INFO", "component": "apscheduler.executors.default", "message": "Job \"poll_once (trigger: interval[0:00:10], next run at: 2026-09-03 03:21:17 CEST)\" executed successfully"}
{"timestamp": "2026-09-03T03:21:17", "level": "INFO", "component": "apscheduler.executors.default", "message": "Running job \"poll_once (trigger: interval[0:00:10], next run at: 2026-09-03 03:21:27 CEST)\" (scheduled at 2026-09-03 03:21:17.305960+02:00)"}
{"timestamp": "2026-09-03T03:21:17", "level": "INFO", "component": "apscheduler.executors.default", "message": "Job \"poll_once (trigger: interval[0:00:10], next run at: 2026-09-03 03:21:27 CEST)\" executed successfully"}
{"timestamp": "2026-09-03T03:21:27", "level": "INFO", "component": "apscheduler.executors.default", "message": "Running job \"poll_once (trigger: interval[0:00:10], next run at: 2026-09-03 03:21:37 CEST)\" (scheduled at 2026-09-03 03:21:27.305960+02:00)"}
{"timestamp": "2026-09-03T03:21:27", "level": "INFO", "component": "apscheduler.executors.default", "message": "Running job \"_start_scheduler.<locals>.<lambda> (trigger: interval[0:00:45], next run at: 2026-09-03 03:22:12 CEST)\" (scheduled at 2026-09-03 03:21:27.306433+02:00)"}
{"timestamp": "2026-09-03T03:21:27", "level": "INFO", "component": "apscheduler.executors.default", "message": "Job \"poll_once (trigger: interval[0:00:10], next run at: 2026-09-03 03:21:37 CEST)\" executed successfully"}
{"timestamp": "2026-09-03T03:21:27", "level": "INFO", "component": "cv112_poller", "message": "Feed descargado: 33 incidentes activos", "correlation_id": "e5337d92"}
{"timestamp": "2026-09-03T03:21:27", "level": "INFO", "component": "apscheduler.executors.default", "message": "Job \"_start_scheduler.<locals>.<lambda> (trigger: interval[0:00:45], next run at: 2026-09-03 03:22:12 CEST)\" executed successfully"}
{"timestamp": "2026-09-03T03:21:37", "level": "INFO", "component": "apscheduler.executors.default", "message": "Running job \"poll_once (trigger: interval[0:00:10], next run at: 2026-09-03 03:21:47 CEST)\" (scheduled at 2026-09-03 03:21:37.305960+02:00)"}
{"timestamp": "2026-09-03T03:21:37", "level": "INFO", "component": "apscheduler.executors.default", "message": "Job \"poll_once (trigger: interval[0:00:10], next run at: 2026-09-03 03:21:47 CEST)\" executed successfully"}
{"timestamp": "2026-09-03T03:21:47", "level": "INFO", "component": "apscheduler.executors.default", "message": "Running job \"poll_once (trigger: interval[0:00:10], next run at: 2026-09-03 03:21:57 CEST)\" (scheduled at 2026-09-03 03:21:47.305960+02:00)"}
{"timestamp": "2026-09-03T03:21:47", "level": "INFO", "component": "apscheduler.executors.default", "message": "Job \"poll_once (trigger: interval[0:00:10], next run at: 2026-09-03 03:21:57 CEST)\" executed successfully"}
{"timestamp": "2026-09-03T03:21:57", "level": "INFO", "component": "apscheduler.executors.default", "message": "Running job \"poll_once (trigger: interval[0:00:10], next run at: 2026-09-03 03:22:07 CEST)\" (scheduled at 2026-09-03 03:21:57.305960+02:00)"}
{"timestamp": "2026-09-03T03:21:57", "level": "INFO", "component": "apscheduler.executors.default", "message": "Job \"poll_once (trigger: interval[0:00:10], next run at: 2026-09-03 03:22:07 CEST)\" executed successfully"}
{"timestamp": "2026-09-03T03:22:07", "level": "INFO", "component": "apscheduler.executors.default", "message": "Running job \"poll_once (trigger: interval[0:00:10], next run at: 2026-09-03 03:22:17 CEST)\" (scheduled at 2026-09-03 03:22:07.305960+02:00)"}
{"timestamp": "2026-09-03T03:22:07", "level": "INFO", "component": "apscheduler.executors.default", "message": "Job \"poll_once (trigger: interval[0:00:10], next run at: 2026-09-03 03:22:17 CEST)\" executed successfully"}
{"timestamp": "2026-09-03T03:22:12", "level": "INFO", "component": "apscheduler.executors.default", "message": "Running job \"_start_scheduler.<locals>.<lambda> (trigger: interval[0:00:45], next run at: 2026-09-03 03:22:57 CEST)\" (scheduled at 2026-09-03 03:22:12.306433+02:00)"}
{"timestamp": "2026-09-03T03:22:12", "level": "INFO", "component": "cv112_poller", "message": "Feed descargado: 33 incidentes activos", "correlation_id": "985bbedf"}
{"timestamp": "2026-09-03T03:22:12", "level": "INFO", "component": "apscheduler.executors.default", "message": "Job \"_start_scheduler.<locals>.<lambda> (trigger: interval[0:00:45], next run at: 2026-09-03 03:22:57 CEST)\" executed successfully"}
{"timestamp": "2026-09-03T03:22:17", "level": "INFO", "component": "apscheduler.executors.default", "message": "Running job \"poll_once (trigger: interval[0:00:10], next run at: 2026-09-03 03:22:27 CEST)\" (scheduled at 2026-09-03 03:22:17.305960+02:00)"}
{"timestamp": "2026-09-03T03:22:17", "level": "INFO", "component": "apscheduler.executors.default", "message": "Job \"poll_once (trigger: interval[0:00:10], next run at: 2026-09-03 03:22:27 CEST)\" executed successfully"}
{"timestamp": "2026-09-03T03:22:27", "level": "INFO", "component": "apscheduler.executors.default", "message": "Running job \"poll_once (trigger: interval[0:00:10], next run at: 2026-09-03 03:22:37 CEST)\" (scheduled at 2026-09-03 03:22:27.305960+02:00)"}
{"timestamp": "2026-09-03T03:22:27", "level": "INFO", "component": "apscheduler.executors.default", "message": "Job \"poll_once (trigger: interval[0:00:10], next run at: 2026-09-03 03:22:37 CEST)\" executed successfully"}
{"timestamp": "2026-09-03T03:22:37", "level": "INFO", "component": "apscheduler.executors.default", "message": "Running job \"poll_once (trigger: interval[0:00:10], next run at: 2026-09-03 03:22:47 CEST)\" (scheduled at 2026-09-03 03:22:37.305960+02:00)"}
{"timestamp": "2026-09-03T03:22:37", "level": "INFO", "component": "apscheduler.executors.default", "message": "Job \"poll_once (trigger: interval[0:00:10], next run at: 2026-09-03 03:22:47 CEST)\" executed successfully"}
{"timestamp": "2026-09-03T03:22:47", "level": "INFO", "component": "apscheduler.executors.default", "message": "Running job \"poll_once (trigger: interval[0:00:10], next run at: 2026-09-03 03:22:57 CEST)\" (scheduled at 2026-09-03 03:22:47.305960+02:00)"}
{"timestamp": "2026-09-03T03:22:47", "level": "INFO", "component": "apscheduler.executors.default", "message": "Job \"poll_once (trigger: interval[0:00:10], next run at: 2026-09-03 03:22:57 CEST)\" executed successfully"}
{"timestamp": "2026-09-03T03:22:57", "level": "INFO", "component": "apscheduler.executors.default", "message": "Running job \"poll_once (trigger: interval[0:00:10], next run at: 2026-09-03 03:23:07 CEST)\" (scheduled at 2026-09-03 03:22:57.305960+02:00)"}
{"timestamp": "2026-09-03T03:22:57", "level": "INFO", "component": "apscheduler.executors.default", "message": "Running job \"_start_scheduler.<locals>.<lambda> (trigger: interval[0:00:45], next run at: 2026-09-03 03:23:42 CEST)\" (scheduled at 2026-09-03 03:22:57.306433+02:00)"}
{"timestamp": "2026-09-03T03:22:57", "level": "INFO", "component": "apscheduler.executors.default", "message": "Job \"poll_once (trigger: interval[0:00:10], next run at: 2026-09-03 03:23:07 CEST)\" executed successfully"}
{"timestamp": "2026-09-03T03:22:57", "level": "INFO", "component": "cv112_poller", "message": "Feed descargado: 33 incidentes activos", "correlation_id": "af161b11"}
{"timestamp": "2026-09-03T03:22:57", "level": "INFO", "component": "apscheduler.executors.default", "message": "Job \"_start_scheduler.<locals>.<lambda> (trigger: interval[0:00:45], next run at: 2026-09-03 03:23:42 CEST)\" executed successfully"}
{"timestamp": "2026-09-03T03:23:07", "level": "INFO", "component": "apscheduler.executors.default", "message": "Running job \"poll_once (trigger: interval[0:00:10], next run at: 2026-09-03 03:23:17 CEST)\" (scheduled at 2026-09-03 03:23:07.305960+02:00)"}
{"timestamp": "2026-09-03T03:23:07", "level": "INFO", "component": "apscheduler.executors.default", "message": "Job \"poll_once (trigger: interval[0:00:10], next run at: 2026-09-03 03:23:17 CEST)\" executed successfully"}
{"timestamp": "2026-09-03T03:23:17", "level": "INFO", "component": "apscheduler.executors.default", "message": "Running job \"poll_once (trigger: interval[0:00:10], next run at: 2026-09-03 03:23:27 CEST)\" (scheduled at 2026-09-03 03:23:17.305960+02:00)"}
{"timestamp": "2026-09-03T03:23:17", "level": "INFO", "component": "apscheduler.executors.default", "message": "Job \"poll_once (trigger: interval[0:00:10], next run at: 2026-09-03 03:23:27 CEST)\" executed successfully"}
{"timestamp": "2026-09-03T03:23:27", "level": "INFO", "component": "apscheduler.executors.default", "message": "Running job \"poll_once (trigger: interval[0:00:10], next run at: 2026-09-03 03:23:37 CEST)\" (scheduled at 2026-09-03 03:23:27.305960+02:00)"}
{"timestamp": "2026-09-03T03:23:27", "level": "INFO", "component": "apscheduler.executors.default", "message": "Job \"poll_once (trigger: interval[0:00:10], next run at: 2026-09-03 03:23:37 CEST)\" executed successfully"}
{"timestamp": "2026-09-03T03:23:37", "level": "INFO", "component": "apscheduler.executors.default", "message": "Running job \"poll_once (trigger: interval[0:00:10], next run at: 2026-09-03 03:23:47 CEST)\" (scheduled at 2026-09-03 03:23:37.305960+02:00)"}
{"timestamp": "2026-09-03T03:23:37", "level": "INFO", "component": "apscheduler.executors.default", "message": "Job \"poll_once (trigger: interval[0:00:10], next run at: 2026-09-03 03:23:47 CEST)\" executed successfully"}
{"timestamp": "2026-09-03T03:23:42", "level": "INFO", "component": "apscheduler.executors.default", "message": "Running job \"_start_scheduler.<locals>.<lambda> (trigger: interval[0:00:45], next run at: 2026-09-03 03:24:27 CEST)\" (scheduled at 2026-09-03 03:23:42.306433+02:00)"}
{"timestamp": "2026-09-03T03:23:42", "level": "INFO", "component": "cv112_poller", "message": "Feed descargado: 33 incidentes activos", "correlation_id": "8153ec58"}
{"timestamp": "2026-09-03T03:23:42", "level": "INFO", "component": "apscheduler.executors.default", "message": "Job \"_start_scheduler.<locals>.<lambda> (trigger: interval[0:00:45], next run at: 2026-09-03 03:24:27 CEST)\" executed successfully"}
{"timestamp": "2026-09-03T03:23:47", "level": "INFO", "component": "apscheduler.executors.default", "message": "Running job \"poll_once (trigger: interval[0:00:10], next run at: 2026-09-03 03:23:57 CEST)\" (scheduled at 2026-09-03 03:23:47.305960+02:00)"}
{"timestamp": "2026-09-03T03:23:47", "level": "INFO", "component": "apscheduler.executors.default", "message": "Job \"poll_once (trigger: interval[0:00:10], next run at: 2026-09-03 03:23:57 CEST)\" executed successfully"}
{"timestamp": "2026-09-03T03:23:57", "level": "INFO", "component": "apscheduler.executors.default", "message": "Running job \"poll_once (trigger: interval[0:00:10], next run at: 2026-09-03 03:24:07 CEST)\" (scheduled at 2026-09-03 03:23:57.305960+02:00)"}
{"timestamp": "2026-09-03T03:23:57", "level": "INFO", "component": "apscheduler.executors.default", "message": "Job \"poll_once (trigger: interval[0:00:10], next run at: 2026-09-03 03:24:07 CEST)\" executed successfully"}
{"timestamp": "2026-09-03T03:24:07", "level": "INFO", "component": "apscheduler.executors.default", "message": "Running job \"poll_once (trigger: interval[0:00:10], next run at: 2026-09-03 03:24:17 CEST)\" (scheduled at 2026-09-03 03:24:07.305960+02:00)"}
{"timestamp": "2026-09-03T03:24:07", "level": "INFO", "component": "apscheduler.executors.default", "message": "Job \"poll_once (trigger: interval[0:00:10], next run at: 2026-09-03 03:24:17 CEST)\" executed successfully"}
{"timestamp": "2026-09-03T03:24:17", "level": "INFO", "component": "apscheduler.executors.default", "message": "Running job \"poll_once (trigger: interval[0:00:10], next run at: 2026-09-03 03:24:27 CEST)\" (scheduled at 2026-09-03 03:24:17.305960+02:00)"}
{"timestamp": "2026-09-03T03:24:17", "level": "INFO", "component": "apscheduler.executors.default", "message": "Job \"poll_once (trigger: interval[0:00:10], next run at: 2026-09-03 03:24:27 CEST)\" executed successfully"}
{"timestamp": "2026-09-03T03:24:27", "level": "INFO", "component": "apscheduler.executors.default", "message": "Running job \"poll_once (trigger: interval[0:00:10], next run at: 2026-09-03 03:24:37 CEST)\" (scheduled at 2026-09-03 03:24:27.305960+02:00)"}
{"timestamp": "2026-09-03T03:24:27", "level": "INFO", "component": "apscheduler.executors.default", "message": "Running job \"_start_scheduler.<locals>.<lambda> (trigger: interval[0:00:45], next run at: 2026-09-03 03:25:12 CEST)\" (scheduled at 2026-09-03 03:24:27.306433+02:00)"}
{"timestamp": "2026-09-03T03:24:27", "level": "INFO", "component": "apscheduler.executors.default", "message": "Job \"poll_once (trigger: interval[0:00:10], next run at: 2026-09-03 03:24:37 CEST)\" executed successfully"}
{"timestamp": "2026-09-03T03:24:27", "level": "INFO", "component": "cv112_poller", "message": "Feed descargado: 34 incidentes activos", "correlation_id": "5e076c62"}
{"timestamp": "2026-09-03T03:24:27", "level": "INFO", "component": "cv112_poller", "message": "Incidente 40512008 visto pero alertas automáticas pausadas (killswitch)", "correlation_id": "5e076c62"}
{"timestamp": "2026-09-03T03:24:27", "level": "INFO", "component": "apscheduler.executors.default", "message": "Job \"_start_scheduler.<locals>.<lambda> (trigger: interval[0:00:45], next run at: 2026-09-03 03:25:12 CEST)\" executed successfully"}
{"timestamp": "2026-09-03T03:24:37", "level": "INFO", "component": "apscheduler.executors.default", "message": "Running job \"poll_once (trigger: interval[0:00:10], next run at: 2026-09-03 03:24:47 CEST)\" (scheduled at 2026-09-03 03:24:37.305960+02:00)"}
{"timestamp": "2026-09-03T03:24:37", "level": "INFO", "component": "apscheduler.executors.default", "message": "Job \"poll_once (trigger: interval[0:00:10], next run at: 2026-09-03 03:24:47 CEST)\" executed successfully"}
{"timestamp": "2026-09-03T03:24:47", "level": "INFO", "component": "apscheduler.executors.default", "message": "Running job \"poll_once (trigger: interval[0:00:10], next run at: 2026-09-03 03:24:57 CEST)\" (scheduled at 2026-09-03 03:24:47.305960+02:00)"}
{"timestamp": "2026-09-03T03:24:47", "level": "INFO", "component": "apscheduler.executors.default", "message": "Job \"poll_once (trigger: interval[0:00:10], next run at: 2026-09-03 03:24:57 CEST)\" executed successfully"}
{"timestamp": "2026-09-03T03:24:57", "level": "INFO", "component": "apscheduler.executors.default", "message": "Running job \"poll_once (trigger: interval[0:00:10], next run at: 2026-09-03 03:25:07 CEST)\" (scheduled at 2026-09-03 03:24:57.305960+02:00)"}
{"timestamp": "2026-09-03T03:24:57", "level": "INFO", "component": "apscheduler.executors.default", "message": "Job \"poll_once (trigger: interval[0:00:10], next run at: 2026-09-03 03:25:07 CEST)\" executed successfully"}
{"timestamp": "2026-09-03T03:25:07", "level": "INFO", "component": "apscheduler.executors.default", "message": "Running job \"poll_once (trigger: interval[0:00:10], next run at: 2026-09-03 03:25:17 CEST)\" (scheduled at 2026-09-03 03:25:07.305960+02:00)"}
{"timestamp": "2026-09-03T03:25:07", "level": "INFO", "component": "apscheduler.executors.default", "message": "Job \"poll_once (trigger: interval[0:00:10], next run at: 2026-09-03 03:25:17 CEST)\" executed successfully"}
{"timestamp": "2026-09-03T03:25:12", "level": "INFO", "component": "apscheduler.executors.default", "message": "Running job \"_start_scheduler.<locals>.<lambda> (trigger: interval[0:00:45], next run at: 2026-09-03 03:25:57 CEST)\" (scheduled at 2026-09-03 03:25:12.306433+02:00)"}
{"timestamp": "2026-09-03T03:25:12", "level": "INFO", "component": "cv112_poller", "message": "Feed descargado: 34 incidentes activos", "correlation_id": "a4d6f9bf"}
{"timestamp": "2026-09-03T03:25:12", "level": "INFO", "component": "apscheduler.executors.default", "message": "Job \"_start_scheduler.<locals>.<lambda> (trigger: interval[0:00:45], next run at: 2026-09-03 03:25:57 CEST)\" executed successfully"}
{"timestamp": "2026-09-03T03:25:17", "level": "INFO", "component": "apscheduler.executors.default", "message": "Running job \"poll_once (trigger: interval[0:00:10], next run at: 2026-09-03 03:25:27 CEST)\" (scheduled at 2026-09-03 03:25:17.305960+02:00)"}
{"timestamp": "2026-09-03T03:25:17", "level": "INFO", "component": "apscheduler.executors.default", "message": "Job \"poll_once (trigger: interval[0:00:10], next run at: 2026-09-03 03:25:27 CEST)\" executed successfully"}
{"timestamp": "2026-09-03T03:25:27", "level": "INFO", "component": "apscheduler.executors.default", "message": "Running job \"poll_once (trigger: interval[0:00:10], next run at: 2026-09-03 03:25:37 CEST)\" (scheduled at 2026-09-03 03:25:27.305960+02:00)"}
{"timestamp": "2026-09-03T03:25:27", "level": "INFO", "component": "apscheduler.executors.default", "message": "Job \"poll_once (trigger: interval[0:00:10], next run at: 2026-09-03 03:25:37 CEST)\" executed successfully"}
{"timestamp": "2026-09-03T03:25:37", "level": "INFO", "component": "apscheduler.executors.default", "message": "Running job \"poll_once (trigger: interval[0:00:10], next run at: 2026-09-03 03:25:47 CEST)\" (scheduled at 2026-09-03 03:25:37.305960+02:00)"}
{"timestamp": "2026-09-03T03:25:37", "level": "INFO", "component": "apscheduler.executors.default", "message": "Job \"poll_once (trigger: interval[0:00:10], next run at: 2026-09-03 03:25:47 CEST)\" executed successfully"}
{"timestamp": "2026-09-03T03:25:47", "level": "INFO", "component": "apscheduler.executors.default", "message": "Running job \"poll_once (trigger: interval[0:00:10], next run at: 2026-09-03 03:25:57 CEST)\" (scheduled at 2026-09-03 03:25:47.305960+02:00)"}
{"timestamp": "2026-09-03T03:25:47", "level": "INFO", "component": "apscheduler.executors.default", "message": "Job \"poll_once (trigger: interval[0:00:10], next run at: 2026-09-03 03:25:57 CEST)\" executed successfully"}
{"timestamp": "2026-09-03T03:25:57", "level": "INFO", "component": "apscheduler.executors.default", "message": "Running job \"poll_once (trigger: interval[0:00:10], next run at: 2026-09-03 03:26:07 CEST)\" (scheduled at 2026-09-03 03:25:57.305960+02:00)"}
{"timestamp": "2026-09-03T03:25:57", "level": "INFO", "component": "apscheduler.executors.default", "message": "Running job \"_start_scheduler.<locals>.<lambda> (trigger: interval[0:00:45], next run at: 2026-09-03 03:26:42 CEST)\" (scheduled at 2026-09-03 03:25:57.306433+02:00)"}
{"timestamp": "2026-09-03T03:25:57", "level": "INFO", "component": "apscheduler.executors.default", "message": "Job \"poll_once (trigger: interval[0:00:10], next run at: 2026-09-03 03:26:07 CEST)\" executed successfully"}
{"timestamp": "2026-09-03T03:25:57", "level": "INFO", "component": "cv112_poller", "message": "Feed descargado: 34 incidentes activos", "correlation_id": "71a42a43"}
{"timestamp": "2026-09-03T03:25:57", "level": "INFO", "component": "apscheduler.executors.default", "message": "Job \"_start_scheduler.<locals>.<lambda> (trigger: interval[0:00:45], next run at: 2026-09-03 03:26:42 CEST)\" executed successfully"}
{"timestamp": "2026-09-03T03:26:07", "level": "INFO", "component": "apscheduler.executors.default", "message": "Running job \"poll_once (trigger: interval[0:00:10], next run at: 2026-09-03 03:26:17 CEST)\" (scheduled at 2026-09-03 03:26:07.305960+02:00)"}
{"timestamp": "2026-09-03T03:26:07", "level": "INFO", "component": "apscheduler.executors.default", "message": "Job \"poll_once (trigger: interval[0:00:10], next run at: 2026-09-03 03:26:17 CEST)\" executed successfully"}
{"timestamp": "2026-09-03T03:26:17", "level": "INFO", "component": "apscheduler.executors.default", "message": "Running job \"poll_once (trigger: interval[0:00:10], next run at: 2026-09-03 03:26:27 CEST)\" (scheduled at 2026-09-03 03:26:17.305960+02:00)"}
{"timestamp": "2026-09-03T03:26:17", "level": "INFO", "component": "apscheduler.executors.default", "message": "Job \"poll_once (trigger: interval[0:00:10], next run at: 2026-09-03 03:26:27 CEST)\" executed successfully"}
{"timestamp": "2026-09-03T03:26:27", "level": "INFO", "component": "apscheduler.executors.default", "message": "Running job \"poll_once (trigger: interval[0:00:10], next run at: 2026-09-03 03:26:37 CEST)\" (scheduled at 2026-09-03 03:26:27.305960+02:00)"}
{"timestamp": "2026-09-03T03:26:27", "level": "INFO", "component": "apscheduler.executors.default", "message": "Job \"poll_once (trigger: interval[0:00:10], next run at: 2026-09-03 03:26:37 CEST)\" executed successfully"}
{"timestamp": "2026-09-03T03:26:37", "level": "INFO", "component": "apscheduler.executors.default", "message": "Running job \"poll_once (trigger: interval[0:00:10], next run at: 2026-09-03 03:26:47 CEST)\" (scheduled at 2026-09-03 03:26:37.305960+02:00)"}
{"timestamp": "2026-09-03T03:26:37", "level": "INFO", "component": "apscheduler.executors.default", "message": "Job \"poll_once (trigger: interval[0:00:10], next run at: 2026-09-03 03:26:47 CEST)\" executed successfully"}
{"timestamp": "2026-09-03T03:26:42", "level": "INFO", "component": "apscheduler.executors.default", "message": "Running job \"_start_scheduler.<locals>.<lambda> (trigger: interval[0:00:45], next run at: 2026-09-03 03:27:27 CEST)\" (scheduled at 2026-09-03 03:26:42.306433+02:00)"}
{"timestamp": "2026-09-03T03:26:42", "level": "INFO", "component": "cv112_poller", "message": "Feed descargado: 34 incidentes activos", "correlation_id": "5f9e02e3"}
{"timestamp": "2026-09-03T03:26:42", "level": "INFO", "component": "apscheduler.executors.default", "message": "Job \"_start_scheduler.<locals>.<lambda> (trigger: interval[0:00:45], next run at: 2026-09-03 03:27:27 CEST)\" executed successfully"}
{"timestamp": "2026-09-03T03:26:47", "level": "INFO", "component": "apscheduler.executors.default", "message": "Running job \"poll_once (trigger: interval[0:00:10], next run at: 2026-09-03 03:26:57 CEST)\" (scheduled at 2026-09-03 03:26:47.305960+02:00)"}
{"timestamp": "2026-09-03T03:26:47", "level": "INFO", "component": "apscheduler.executors.default", "message": "Job \"poll_once (trigger: interval[0:00:10], next run at: 2026-09-03 03:26:57 CEST)\" executed successfully"}
{"timestamp": "2026-09-03T03:26:57", "level": "INFO", "component": "apscheduler.executors.default", "message": "Running job \"poll_once (trigger: interval[0:00:10], next run at: 2026-09-03 03:27:07 CEST)\" (scheduled at 2026-09-03 03:26:57.305960+02:00)"}
{"timestamp": "2026-09-03T03:26:57", "level": "INFO", "component": "apscheduler.executors.default", "message": "Job \"poll_once (trigger: interval[0:00:10], next run at: 2026-09-03 03:27:07 CEST)\" executed successfully"}
{"timestamp": "2026-09-03T03:27:07", "level": "INFO", "component": "apscheduler.executors.default", "message": "Running job \"poll_once (trigger: interval[0:00:10], next run at: 2026-09-03 03:27:17 CEST)\" (scheduled at 2026-09-03 03:27:07.305960+02:00)"}
{"timestamp": "2026-09-03T03:27:07", "level": "INFO", "component": "apscheduler.executors.default", "message": "Job \"poll_once (trigger: interval[0:00:10], next run at: 2026-09-03 03:27:17 CEST)\" executed successfully"}
{"timestamp": "2026-09-03T03:27:17", "level": "INFO", "component": "apscheduler.executors.default", "message": "Running job \"poll_once (trigger: interval[0:00:10], next run at: 2026-09-03 03:27:27 CEST)\" (scheduled at 2026-09-03 03:27:17.305960+02:00)"}
{"timestamp": "2026-09-03T03:27:17", "level": "INFO", "component": "apscheduler.executors.default", "message": "Job \"poll_once (trigger: interval[0:00:10], next run at: 2026-09-03 03:27:27 CEST)\" executed successfully"}
{"timestamp": "2026-09-03T03:27:27", "level": "INFO", "component": "apscheduler.executors.default", "message": "Running job \"poll_once (trigger: interval[0:00:10], next run at: 2026-09-03 03:27:37 CEST)\" (scheduled at 2026-09-03 03:27:27.305960+02:00)"}
{"timestamp": "2026-09-03T03:27:27", "level": "INFO", "component": "apscheduler.executors.default", "message": "Running job \"_start_scheduler.<locals>.<lambda> (trigger: interval[0:00:45], next run at: 2026-09-03 03:28:12 CEST)\" (scheduled at 2026-09-03 03:27:27.306433+02:00)"}
{"timestamp": "2026-09-03T03:27:27", "level": "INFO", "component": "apscheduler.executors.default", "message": "Job \"poll_once (trigger: interval[0:00:10], next run at: 2026-09-03 03:27:37 CEST)\" executed successfully"}
{"timestamp": "2026-09-03T03:27:27", "level": "INFO", "component": "cv112_poller", "message": "Feed descargado: 34 incidentes activos", "correlation_id": "29f55fbe"}
{"timestamp": "2026-09-03T03:27:27", "level": "INFO", "component": "apscheduler.executors.default", "message": "Job \"_start_scheduler.<locals>.<lambda> (trigger: interval[0:00:45], next run at: 2026-09-03 03:28:12 CEST)\" executed successfully"}
{"timestamp": "2026-09-03T03:27:37", "level": "INFO", "component": "apscheduler.executors.default", "message": "Running job \"poll_once (trigger: interval[0:00:10], next run at: 2026-09-03 03:27:47 CEST)\" (scheduled at 2026-09-03 03:27:37.305960+02:00)"}
{"timestamp": "2026-09-03T03:27:37", "level": "INFO", "component": "apscheduler.executors.default", "message": "Job \"poll_once (trigger: interval[0:00:10], next run at: 2026-09-03 03:27:47 CEST)\" executed successfully"}
{"timestamp": "2026-09-03T03:27:47", "level": "INFO", "component": "apscheduler.executors.default", "message": "Running job \"poll_once (trigger: interval[0:00:10], next run at: 2026-09-03 03:27:57 CEST)\" (scheduled at 2026-09-03 03:27:47.305960+02:00)"}
{"timestamp": "2026-09-03T03:27:47", "level": "INFO", "component": "apscheduler.executors.default", "message": "Job \"poll_once (trigger: interval[0:00:10], next run at: 2026-09-03 03:27:57 CEST)\" executed successfully"}
{"timestamp": "2026-09-03T03:27:57", "level": "INFO", "component": "apscheduler.executors.default", "message": "Running job \"poll_once (trigger: interval[0:00:10], next run at: 2026-09-03 03:28:07 CEST)\" (scheduled at 2026-09-03 03:27:57.305960+02:00)"}
{"timestamp": "2026-09-03T03:27:57", "level": "INFO", "component": "apscheduler.executors.default", "message": "Job \"poll_once (trigger: interval[0:00:10], next run at: 2026-09-03 03:28:07 CEST)\" executed successfully"}
{"timestamp": "2026-09-03T03:28:07", "level": "INFO", "component": "apscheduler.executors.default", "message": "Running job \"poll_once (trigger: interval[0:00:10], next run at: 2026-09-03 03:28:17 CEST)\" (scheduled at 2026-09-03 03:28:07.305960+02:00)"}
{"timestamp": "2026-09-03T03:28:07", "level": "INFO", "component": "apscheduler.executors.default", "message": "Job \"poll_once (trigger: interval[0:00:10], next run at: 2026-09-03 03:28:17 CEST)\" executed successfully"}
{"timestamp": "2026-09-03T03:28:12", "level": "INFO", "component": "apscheduler.executors.default", "message": "Running job \"_start_scheduler.<locals>.<lambda> (trigger: interval[0:00:45], next run at: 2026-09-03 03:28:57 CEST)\" (scheduled at 2026-09-03 03:28:12.306433+02:00)"}
{"timestamp": "2026-09-03T03:28:12", "level": "INFO", "component": "cv112_poller", "message": "Feed descargado: 34 incidentes activos", "correlation_id": "dc0a3519"}
{"timestamp": "2026-09-03T03:28:12", "level": "INFO", "component": "apscheduler.executors.default", "message": "Job \"_start_scheduler.<locals>.<lambda> (trigger: interval[0:00:45], next run at: 2026-09-03 03:28:57 CEST)\" executed successfully"}
{"timestamp": "2026-09-03T03:28:17", "level": "INFO", "component": "apscheduler.executors.default", "message": "Running job \"poll_once (trigger: interval[0:00:10], next run at: 2026-09-03 03:28:27 CEST)\" (scheduled at 2026-09-03 03:28:17.305960+02:00)"}
{"timestamp": "2026-09-03T03:28:17", "level": "INFO", "component": "apscheduler.executors.default", "message": "Job \"poll_once (trigger: interval[0:00:10], next run at: 2026-09-03 03:28:27 CEST)\" executed successfully"}
{"timestamp": "2026-09-03T03:28:27", "level": "INFO", "component": "apscheduler.executors.default", "message": "Running job \"poll_once (trigger: interval[0:00:10], next run at: 2026-09-03 03:28:37 CEST)\" (scheduled at 2026-09-03 03:28:27.305960+02:00)"}
{"timestamp": "2026-09-03T03:28:27", "level": "INFO", "component": "apscheduler.executors.default", "message": "Job \"poll_once (trigger: interval[0:00:10], next run at: 2026-09-03 03:28:37 CEST)\" executed successfully"}
{"timestamp": "2026-09-03T03:28:37", "level": "INFO", "component": "apscheduler.executors.default", "message": "Running job \"poll_once (trigger: interval[0:00:10], next run at: 2026-09-03 03:28:47 CEST)\" (scheduled at 2026-09-03 03:28:37.305960+02:00)"}
{"timestamp": "2026-09-03T03:28:37", "level": "INFO", "component": "apscheduler.executors.default", "message": "Job \"poll_once (trigger: interval[0:00:10], next run at: 2026-09-03 03:28:47 CEST)\" executed successfully"}
{"timestamp": "2026-09-03T03:28:47", "level": "INFO", "component": "apscheduler.executors.default", "message": "Running job \"poll_once (trigger: interval[0:00:10], next run at: 2026-09-03 03:28:57 CEST)\" (scheduled at 2026-09-03 03:28:47.305960+02:00)"}
{"timestamp": "2026-09-03T03:28:47", "level": "INFO", "component": "apscheduler.executors.default", "message": "Job \"poll_once (trigger: interval[0:00:10], next run at: 2026-09-03 03:28:57 CEST)\" executed successfully"}
{"timestamp": "2026-09-03T03:28:57", "level": "INFO", "component": "apscheduler.executors.default", "message": "Running job \"poll_once (trigger: interval[0:00:10], next run at: 2026-09-03 03:29:07 CEST)\" (scheduled at 2026-09-03 03:28:57.305960+02:00)"}
{"timestamp": "2026-09-03T03:28:57", "level": "INFO", "component": "apscheduler.executors.default", "message": "Running job \"_start_scheduler.<locals>.<lambda> (trigger: interval[0:00:45], next run at: 2026-09-03 03:29:42 CEST)\" (scheduled at 2026-09-03 03:28:57.306433+02:00)"}
{"timestamp": "2026-09-03T03:28:57", "level": "INFO", "component": "apscheduler.executors.default", "message": "Job \"poll_once (trigger: interval[0:00:10], next run at: 2026-09-03 03:29:07 CEST)\" executed successfully"}
{"timestamp": "2026-09-03T03:28:57", "level": "INFO", "component": "cv112_poller", "message": "Feed descargado: 34 incidentes activos", "correlation_id": "c173eea2"}
{"timestamp": "2026-09-03T03:28:57", "level": "INFO", "component": "apscheduler.executors.default", "message": "Job \"_start_scheduler.<locals>.<lambda> (trigger: interval[0:00:45], next run at: 2026-09-03 03:29:42 CEST)\" executed successfully"}
{"timestamp": "2026-09-03T03:29:07", "level": "INFO", "component": "apscheduler.executors.default", "message": "Running job \"poll_once (trigger: interval[0:00:10], next run at: 2026-09-03 03:29:17 CEST)\" (scheduled at 2026-09-03 03:29:07.305960+02:00)"}
{"timestamp": "2026-09-03T03:29:07", "level": "INFO", "component": "apscheduler.executors.default", "message": "Job \"poll_once (trigger: interval[0:00:10], next run at: 2026-09-03 03:29:17 CEST)\" executed successfully"}
{"timestamp": "2026-09-03T03:29:17", "level": "INFO", "component": "apscheduler.executors.default", "message": "Running job \"poll_once (trigger: interval[0:00:10], next run at: 2026-09-03 03:29:27 CEST)\" (scheduled at 2026-09-03 03:29:17.305960+02:00)"}
{"timestamp": "2026-09-03T03:29:17", "level": "INFO", "component": "apscheduler.executors.default", "message": "Job \"poll_once (trigger: interval[0:00:10], next run at: 2026-09-03 03:29:27 CEST)\" executed successfully"}
{"timestamp": "2026-09-03T03:29:27", "level": "INFO", "component": "apscheduler.executors.default", "message": "Running job \"poll_once (trigger: interval[0:00:10], next run at: 2026-09-03 03:29:37 CEST)\" (scheduled at 2026-09-03 03:29:27.305960+02:00)"}
{"timestamp": "2026-09-03T03:29:27", "level": "INFO", "component": "apscheduler.executors.default", "message": "Job \"poll_once (trigger: interval[0:00:10], next run at: 2026-09-03 03:29:37 CEST)\" executed successfully"}
{"timestamp": "2026-09-03T03:29:37", "level": "INFO", "component": "apscheduler.executors.default", "message": "Running job \"poll_once (trigger: interval[0:00:10], next run at: 2026-09-03 03:29:47 CEST)\" (scheduled at 2026-09-03 03:29:37.305960+02:00)"}
{"timestamp": "2026-09-03T03:29:37", "level": "INFO", "component": "apscheduler.executors.default", "message": "Job \"poll_once (trigger: interval[0:00:10], next run at: 2026-09-03 03:29:47 CEST)\" executed successfully"}
{"timestamp": "2026-09-03T03:29:42", "level": "INFO", "component": "apscheduler.executors.default", "message": "Running job \"_start_scheduler.<locals>.<lambda> (trigger: interval[0:00:45], next run at: 2026-09-03 03:30:27 CEST)\" (scheduled at 2026-09-03 03:29:42.306433+02:00)"}
{"timestamp": "2026-09-03T03:29:42", "level": "INFO", "component": "cv112_poller", "message": "Feed descargado: 34 incidentes activos", "correlation_id": "6a0899aa"}
{"timestamp": "2026-09-03T03:29:42", "level": "INFO", "component": "apscheduler.executors.default", "message": "Job \"_start_scheduler.<locals>.<lambda> (trigger: interval[0:00:45], next run at: 2026-09-03 03:30:27 CEST)\" executed successfully"}
{"timestamp": "2026-09-03T03:29:47", "level": "INFO", "component": "apscheduler.executors.default", "message": "Running job \"poll_once (trigger: interval[0:00:10], next run at: 2026-09-03 03:29:57 CEST)\" (scheduled at 2026-09-03 03:29:47.305960+02:00)"}
{"timestamp": "2026-09-03T03:29:47", "level": "INFO", "component": "apscheduler.executors.default", "message": "Job \"poll_once (trigger: interval[0:00:10], next run at: 2026-09-03 03:29:57 CEST)\" executed successfully"}
{"timestamp": "2026-09-03T03:29:57", "level": "INFO", "component": "apscheduler.executors.default", "message": "Running job \"poll_once (trigger: interval[0:00:10], next run at: 2026-09-03 03:30:07 CEST)\" (scheduled at 2026-09-03 03:29:57.305960+02:00)"}
{"timestamp": "2026-09-03T03:29:57", "level": "INFO", "component": "apscheduler.executors.default", "message": "Job \"poll_once (trigger: interval[0:00:10], next run at: 2026-09-03 03:30:07 CEST)\" executed successfully"}
{"timestamp": "2026-09-03T03:30:07", "level": "INFO", "component": "apscheduler.executors.default", "message": "Running job \"poll_once (trigger: interval[0:00:10], next run at: 2026-09-03 03:30:17 CEST)\" (scheduled at 2026-09-03 03:30:07.305960+02:00)"}
{"timestamp": "2026-09-03T03:30:07", "level": "INFO", "component": "apscheduler.executors.default", "message": "Job \"poll_once (trigger: interval[0:00:10], next run at: 2026-09-03 03:30:17 CEST)\" executed successfully"}
{"timestamp": "2026-09-03T03:30:17", "level": "INFO", "component": "apscheduler.executors.default", "message": "Running job \"poll_once (trigger: interval[0:00:10], next run at: 2026-09-03 03:30:27 CEST)\" (scheduled at 2026-09-03 03:30:17.305960+02:00)"}
{"timestamp": "2026-09-03T03:30:17", "level": "INFO", "component": "apscheduler.executors.default", "message": "Job \"poll_once (trigger: interval[0:00:10], next run at: 2026-09-03 03:30:27 CEST)\" executed successfully"}
{"timestamp": "2026-09-03T03:30:27", "level": "INFO", "component": "apscheduler.executors.default", "message": "Running job \"poll_once (trigger: interval[0:00:10], next run at: 2026-09-03 03:30:37 CEST)\" (scheduled at 2026-09-03 03:30:27.305960+02:00)"}
{"timestamp": "2026-09-03T03:30:27", "level": "INFO", "component": "apscheduler.executors.default", "message": "Running job \"_start_scheduler.<locals>.<lambda> (trigger: interval[0:00:45], next run at: 2026-09-03 03:31:12 CEST)\" (scheduled at 2026-09-03 03:30:27.306433+02:00)"}
{"timestamp": "2026-09-03T03:30:27", "level": "INFO", "component": "apscheduler.executors.default", "message": "Job \"poll_once (trigger: interval[0:00:10], next run at: 2026-09-03 03:30:37 CEST)\" executed successfully"}
{"timestamp": "2026-09-03T03:30:27", "level": "INFO", "component": "cv112_poller", "message": "Feed descargado: 34 incidentes activos", "correlation_id": "344e6f8a"}
{"timestamp": "2026-09-03T03:30:27", "level": "INFO", "component": "apscheduler.executors.default", "message": "Job \"_start_scheduler.<locals>.<lambda> (trigger: interval[0:00:45], next run at: 2026-09-03 03:31:12 CEST)\" executed successfully"}
{"timestamp": "2026-09-03T03:30:37", "level": "INFO", "component": "apscheduler.executors.default", "message": "Running job \"poll_once (trigger: interval[0:00:10], next run at: 2026-09-03 03:30:47 CEST)\" (scheduled at 2026-09-03 03:30:37.305960+02:00)"}
{"timestamp": "2026-09-03T03:30:37", "level": "INFO", "component": "apscheduler.executors.default", "message": "Job \"poll_once (trigger: interval[0:00:10], next run at: 2026-09-03 03:30:47 CEST)\" executed successfully"}
{"timestamp": "2026-09-03T03:30:47", "level": "INFO", "component": "apscheduler.executors.default", "message": "Running job \"poll_once (trigger: interval[0:00:10], next run at: 2026-09-03 03:30:57 CEST)\" (scheduled at 2026-09-03 03:30:47.305960+02:00)"}
{"timestamp": "2026-09-03T03:30:47", "level": "INFO", "component": "apscheduler.executors.default", "message": "Job \"poll_once (trigger: interval[0:00:10], next run at: 2026-09-03 03:30:57 CEST)\" executed successfully"}
{"timestamp": "2026-09-03T03:30:57", "level": "INFO", "component": "apscheduler.executors.default", "message": "Running job \"poll_once (trigger: interval[0:00:10], next run at: 2026-09-03 03:31:07 CEST)\" (scheduled at 2026-09-03 03:30:57.305960+02:00)"}
{"timestamp": "2026-09-03T03:30:57", "level": "INFO", "component": "apscheduler.executors.default", "message": "Job \"poll_once (trigger: interval[0:00:10], next run at: 2026-09-03 03:31:07 CEST)\" executed successfully"}
{"timestamp": "2026-09-03T03:31:07", "level": "INFO", "component": "apscheduler.executors.default", "message": "Running job \"poll_once (trigger: interval[0:00:10], next run at: 2026-09-03 03:31:17 CEST)\" (scheduled at 2026-09-03 03:31:07.305960+02:00)"}
{"timestamp": "2026-09-03T03:31:07", "level": "INFO", "component": "apscheduler.executors.default", "message": "Job \"poll_once (trigger: interval[0:00:10], next run at: 2026-09-03 03:31:17 CEST)\" executed successfully"}
{"timestamp": "2026-09-03T03:31:12", "level": "INFO", "component": "apscheduler.executors.default", "message": "Running job \"_start_scheduler.<locals>.<lambda> (trigger: interval[0:00:45], next run at: 2026-09-03 03:31:57 CEST)\" (scheduled at 2026-09-03 03:31:12.306433+02:00)"}
{"timestamp": "2026-09-03T03:31:12", "level": "INFO", "component": "cv112_poller", "message": "Feed descargado: 34 incidentes activos", "correlation_id": "720314e6"}
{"timestamp": "2026-09-03T03:31:12", "level": "INFO", "component": "apscheduler.executors.default", "message": "Job \"_start_scheduler.<locals>.<lambda> (trigger: interval[0:00:45], next run at: 2026-09-03 03:31:57 CEST)\" executed successfully"}
{"timestamp": "2026-09-03T03:31:17", "level": "INFO", "component": "apscheduler.executors.default", "message": "Running job \"poll_once (trigger: interval[0:00:10], next run at: 2026-09-03 03:31:27 CEST)\" (scheduled at 2026-09-03 03:31:17.305960+02:00)"}
{"timestamp": "2026-09-03T03:31:17", "level": "INFO", "component": "apscheduler.executors.default", "message": "Job \"poll_once (trigger: interval[0:00:10], next run at: 2026-09-03 03:31:27 CEST)\" executed successfully"}
{"timestamp": "2026-09-03T03:31:27", "level": "INFO", "component": "apscheduler.executors.default", "message": "Running job \"poll_once (trigger: interval[0:00:10], next run at: 2026-09-03 03:31:37 CEST)\" (scheduled at 2026-09-03 03:31:27.305960+02:00)"}
{"timestamp": "2026-09-03T03:31:27", "level": "INFO", "component": "apscheduler.executors.default", "message": "Job \"poll_once (trigger: interval[0:00:10], next run at: 2026-09-03 03:31:37 CEST)\" executed successfully"}
{"timestamp": "2026-09-03T03:31:37", "level": "INFO", "component": "apscheduler.executors.default", "message": "Running job \"poll_once (trigger: interval[0:00:10], next run at: 2026-09-03 03:31:47 CEST)\" (scheduled at 2026-09-03 03:31:37.305960+02:00)"}
{"timestamp": "2026-09-03T03:31:37", "level": "INFO", "component": "apscheduler.executors.default", "message": "Job \"poll_once (trigger: interval[0:00:10], next run at: 2026-09-03 03:31:47 CEST)\" executed successfully"}
{"timestamp": "2026-09-03T03:31:47", "level": "INFO", "component": "apscheduler.executors.default", "message": "Running job \"poll_once (trigger: interval[0:00:10], next run at: 2026-09-03 03:31:57 CEST)\" (scheduled at 2026-09-03 03:31:47.305960+02:00)"}
{"timestamp": "2026-09-03T03:31:47", "level": "INFO", "component": "apscheduler.executors.default", "message": "Job \"poll_once (trigger: interval[0:00:10], next run at: 2026-09-03 03:31:57 CEST)\" executed successfully"}
{"timestamp": "2026-09-03T03:31:57", "level": "INFO", "component": "apscheduler.executors.default", "message": "Running job \"poll_once (trigger: interval[0:00:10], next run at: 2026-09-03 03:32:07 CEST)\" (scheduled at 2026-09-03 03:31:57.305960+02:00)"}
{"timestamp": "2026-09-03T03:31:57", "level": "INFO", "component": "apscheduler.executors.default", "message": "Running job \"_start_scheduler.<locals>.<lambda> (trigger: interval[0:00:45], next run at: 2026-09-03 03:32:42 CEST)\" (scheduled at 2026-09-03 03:31:57.306433+02:00)"}
{"timestamp": "2026-09-03T03:31:57", "level": "INFO", "component": "apscheduler.executors.default", "message": "Job \"poll_once (trigger: interval[0:00:10], next run at: 2026-09-03 03:32:07 CEST)\" executed successfully"}
{"timestamp": "2026-09-03T03:31:57", "level": "INFO", "component": "cv112_poller", "message": "Feed descargado: 34 incidentes activos", "correlation_id": "40ed0c73"}
{"timestamp": "2026-09-03T03:31:57", "level": "INFO", "component": "apscheduler.executors.default", "message": "Job \"_start_scheduler.<locals>.<lambda> (trigger: interval[0:00:45], next run at: 2026-09-03 03:32:42 CEST)\" executed successfully"}
{"timestamp": "2026-09-03T03:32:07", "level": "INFO", "component": "apscheduler.executors.default", "message": "Running job \"poll_once (trigger: interval[0:00:10], next run at: 2026-09-03 03:32:17 CEST)\" (scheduled at 2026-09-03 03:32:07.305960+02:00)"}
{"timestamp": "2026-09-03T03:32:07", "level": "INFO", "component": "apscheduler.executors.default", "message": "Job \"poll_once (trigger: interval[0:00:10], next run at: 2026-09-03 03:32:17 CEST)\" executed successfully"}
{"timestamp": "2026-09-03T03:32:17", "level": "INFO", "component": "apscheduler.executors.default", "message": "Running job \"poll_once (trigger: interval[0:00:10], next run at: 2026-09-03 03:32:27 CEST)\" (scheduled at 2026-09-03 03:32:17.305960+02:00)"}
{"timestamp": "2026-09-03T03:32:17", "level": "INFO", "component": "apscheduler.executors.default", "message": "Job \"poll_once (trigger: interval[0:00:10], next run at: 2026-09-03 03:32:27 CEST)\" executed successfully"}
{"timestamp": "2026-09-03T03:32:27", "level": "INFO", "component": "apscheduler.executors.default", "message": "Running job \"poll_once (trigger: interval[0:00:10], next run at: 2026-09-03 03:32:37 CEST)\" (scheduled at 2026-09-03 03:32:27.305960+02:00)"}
{"timestamp": "2026-09-03T03:32:27", "level": "INFO", "component": "apscheduler.executors.default", "message": "Job \"poll_once (trigger: interval[0:00:10], next run at: 2026-09-03 03:32:37 CEST)\" executed successfully"}
{"timestamp": "2026-09-03T03:32:37", "level": "INFO", "component": "apscheduler.executors.default", "message": "Running job \"poll_once (trigger: interval[0:00:10], next run at: 2026-09-03 03:32:47 CEST)\" (scheduled at 2026-09-03 03:32:37.305960+02:00)"}
{"timestamp": "2026-09-03T03:32:37", "level": "INFO", "component": "apscheduler.executors.default", "message": "Job \"poll_once (trigger: interval[0:00:10], next run at: 2026-09-03 03:32:47 CEST)\" executed successfully"}
{"timestamp": "2026-09-03T03:32:42", "level": "INFO", "component": "apscheduler.executors.default", "message": "Running job \"_start_scheduler.<locals>.<lambda> (trigger: interval[0:00:45], next run at: 2026-09-03 03:33:27 CEST)\" (scheduled at 2026-09-03 03:32:42.306433+02:00)"}
{"timestamp": "2026-09-03T03:32:42", "level": "INFO", "component": "cv112_poller", "message": "Feed descargado: 34 incidentes activos", "correlation_id": "eb638dec"}
{"timestamp": "2026-09-03T03:32:42", "level": "INFO", "component": "apscheduler.executors.default", "message": "Job \"_start_scheduler.<locals>.<lambda> (trigger: interval[0:00:45], next run at: 2026-09-03 03:33:27 CEST)\" executed successfully"}
{"timestamp": "2026-09-03T03:32:47", "level": "INFO", "component": "apscheduler.executors.default", "message": "Running job \"poll_once (trigger: interval[0:00:10], next run at: 2026-09-03 03:32:57 CEST)\" (scheduled at 2026-09-03 03:32:47.305960+02:00)"}
{"timestamp": "2026-09-03T03:32:47", "level": "INFO", "component": "apscheduler.executors.default", "message": "Job \"poll_once (trigger: interval[0:00:10], next run at: 2026-09-03 03:32:57 CEST)\" executed successfully"}
{"timestamp": "2026-09-03T03:32:57", "level": "INFO", "component": "apscheduler.executors.default", "message": "Running job \"poll_once (trigger: interval[0:00:10], next run at: 2026-09-03 03:33:07 CEST)\" (scheduled at 2026-09-03 03:32:57.305960+02:00)"}
{"timestamp": "2026-09-03T03:32:57", "level": "INFO", "component": "apscheduler.executors.default", "message": "Job \"poll_once (trigger: interval[0:00:10], next run at: 2026-09-03 03:33:07 CEST)\" executed successfully"}
{"timestamp": "2026-09-03T03:33:07", "level": "INFO", "component": "apscheduler.executors.default", "message": "Running job \"poll_once (trigger: interval[0:00:10], next run at: 2026-09-03 03:33:17 CEST)\" (scheduled at 2026-09-03 03:33:07.305960+02:00)"}
{"timestamp": "2026-09-03T03:33:07", "level": "INFO", "component": "apscheduler.executors.default", "message": "Job \"poll_once (trigger: interval[0:00:10], next run at: 2026-09-03 03:33:17 CEST)\" executed successfully"}
{"timestamp": "2026-09-03T03:33:17", "level": "INFO", "component": "apscheduler.executors.default", "message": "Running job \"poll_once (trigger: interval[0:00:10], next run at: 2026-09-03 03:33:27 CEST)\" (scheduled at 2026-09-03 03:33:17.305960+02:00)"}
{"timestamp": "2026-09-03T03:33:17", "level": "INFO", "component": "apscheduler.executors.default", "message": "Job \"poll_once (trigger: interval[0:00:10], next run at: 2026-09-03 03:33:27 CEST)\" executed successfully"}
{"timestamp": "2026-09-03T03:33:27", "level": "INFO", "component": "apscheduler.executors.default", "message": "Running job \"poll_once (trigger: interval[0:00:10], next run at: 2026-09-03 03:33:37 CEST)\" (scheduled at 2026-09-03 03:33:27.305960+02:00)"}
{"timestamp": "2026-09-03T03:33:27", "level": "INFO", "component": "apscheduler.executors.default", "message": "Running job \"_start_scheduler.<locals>.<lambda> (trigger: interval[0:00:45], next run at: 2026-09-03 03:34:12 CEST)\" (scheduled at 2026-09-03 03:33:27.306433+02:00)"}
{"timestamp": "2026-09-03T03:33:27", "level": "INFO", "component": "apscheduler.executors.default", "message": "Job \"poll_once (trigger: interval[0:00:10], next run at: 2026-09-03 03:33:37 CEST)\" executed successfully"}
{"timestamp": "2026-09-03T03:33:27", "level": "INFO", "component": "cv112_poller", "message": "Feed descargado: 34 incidentes activos", "correlation_id": "c98f7f80"}
{"timestamp": "2026-09-03T03:33:27", "level": "INFO", "component": "apscheduler.executors.default", "message": "Job \"_start_scheduler.<locals>.<lambda> (trigger: interval[0:00:45], next run at: 2026-09-03 03:34:12 CEST)\" executed successfully"}
{"timestamp": "2026-09-03T03:33:37", "level": "INFO", "component": "apscheduler.executors.default", "message": "Running job \"poll_once (trigger: interval[0:00:10], next run at: 2026-09-03 03:33:47 CEST)\" (scheduled at 2026-09-03 03:33:37.305960+02:00)"}
{"timestamp": "2026-09-03T03:33:37", "level": "INFO", "component": "apscheduler.executors.default", "message": "Job \"poll_once (trigger: interval[0:00:10], next run at: 2026-09-03 03:33:47 CEST)\" executed successfully"}
{"timestamp": "2026-09-03T03:33:47", "level": "INFO", "component": "apscheduler.executors.default", "message": "Running job \"poll_once (trigger: interval[0:00:10], next run at: 2026-09-03 03:33:57 CEST)\" (scheduled at 2026-09-03 03:33:47.305960+02:00)"}
{"timestamp": "2026-09-03T03:33:47", "level": "INFO", "component": "apscheduler.executors.default", "message": "Job \"poll_once (trigger: interval[0:00:10], next run at: 2026-09-03 03:33:57 CEST)\" executed successfully"}
{"timestamp": "2026-09-03T03:33:57", "level": "INFO", "component": "apscheduler.executors.default", "message": "Running job \"poll_once (trigger: interval[0:00:10], next run at: 2026-09-03 03:34:07 CEST)\" (scheduled at 2026-09-03 03:33:57.305960+02:00)"}
{"timestamp": "2026-09-03T03:33:57", "level": "INFO", "component": "apscheduler.executors.default", "message": "Job \"poll_once (trigger: interval[0:00:10], next run at: 2026-09-03 03:34:07 CEST)\" executed successfully"}
{"timestamp": "2026-09-03T03:34:07", "level": "INFO", "component": "apscheduler.executors.default", "message": "Running job \"poll_once (trigger: interval[0:00:10], next run at: 2026-09-03 03:34:17 CEST)\" (scheduled at 2026-09-03 03:34:07.305960+02:00)"}
{"timestamp": "2026-09-03T03:34:07", "level": "INFO", "component": "apscheduler.executors.default", "message": "Job \"poll_once (trigger: interval[0:00:10], next run at: 2026-09-03 03:34:17 CEST)\" executed successfully"}
{"timestamp": "2026-09-03T03:34:12", "level": "INFO", "component": "apscheduler.executors.default", "message": "Running job \"_start_scheduler.<locals>.<lambda> (trigger: interval[0:00:45], next run at: 2026-09-03 03:34:57 CEST)\" (scheduled at 2026-09-03 03:34:12.306433+02:00)"}
{"timestamp": "2026-09-03T03:34:12", "level": "INFO", "component": "cv112_poller", "message": "Feed descargado: 34 incidentes activos", "correlation_id": "e5534398"}
{"timestamp": "2026-09-03T03:34:12", "level": "INFO", "component": "apscheduler.executors.default", "message": "Job \"_start_scheduler.<locals>.<lambda> (trigger: interval[0:00:45], next run at: 2026-09-03 03:34:57 CEST)\" executed successfully"}
{"timestamp": "2026-09-03T03:34:17", "level": "INFO", "component": "apscheduler.executors.default", "message": "Running job \"poll_once (trigger: interval[0:00:10], next run at: 2026-09-03 03:34:27 CEST)\" (scheduled at 2026-09-03 03:34:17.305960+02:00)"}
{"timestamp": "2026-09-03T03:34:17", "level": "INFO", "component": "apscheduler.executors.default", "message": "Job \"poll_once (trigger: interval[0:00:10], next run at: 2026-09-03 03:34:27 CEST)\" executed successfully"}
{"timestamp": "2026-09-03T03:34:27", "level": "INFO", "component": "apscheduler.executors.default", "message": "Running job \"poll_once (trigger: interval[0:00:10], next run at: 2026-09-03 03:34:37 CEST)\" (scheduled at 2026-09-03 03:34:27.305960+02:00)"}
{"timestamp": "2026-09-03T03:34:27", "level": "INFO", "component": "apscheduler.executors.default", "message": "Job \"poll_once (trigger: interval[0:00:10], next run at: 2026-09-03 03:34:37 CEST)\" executed successfully"}
{"timestamp": "2026-09-03T03:34:37", "level": "INFO", "component": "apscheduler.executors.default", "message": "Running job \"poll_once (trigger: interval[0:00:10], next run at: 2026-09-03 03:34:47 CEST)\" (scheduled at 2026-09-03 03:34:37.305960+02:00)"}
{"timestamp": "2026-09-03T03:34:37", "level": "INFO", "component": "apscheduler.executors.default", "message": "Job \"poll_once (trigger: interval[0:00:10], next run at: 2026-09-03 03:34:47 CEST)\" executed successfully"}
{"timestamp": "2026-09-03T03:34:47", "level": "INFO", "component": "apscheduler.executors.default", "message": "Running job \"poll_once (trigger: interval[0:00:10], next run at: 2026-09-03 03:34:57 CEST)\" (scheduled at 2026-09-03 03:34:47.305960+02:00)"}
{"timestamp": "2026-09-03T03:34:47", "level": "INFO", "component": "apscheduler.executors.default", "message": "Job \"poll_once (trigger: interval[0:00:10], next run at: 2026-09-03 03:34:57 CEST)\" executed successfully"}
{"timestamp": "2026-09-03T03:34:57", "level": "INFO", "component": "apscheduler.executors.default", "message": "Running job \"poll_once (trigger: interval[0:00:10], next run at: 2026-09-03 03:35:07 CEST)\" (scheduled at 2026-09-03 03:34:57.305960+02:00)"}
{"timestamp": "2026-09-03T03:34:57", "level": "INFO", "component": "apscheduler.executors.default", "message": "Running job \"_start_scheduler.<locals>.<lambda> (trigger: interval[0:00:45], next run at: 2026-09-03 03:35:42 CEST)\" (scheduled at 2026-09-03 03:34:57.306433+02:00)"}
{"timestamp": "2026-09-03T03:34:57", "level": "INFO", "component": "apscheduler.executors.default", "message": "Job \"poll_once (trigger: interval[0:00:10], next run at: 2026-09-03 03:35:07 CEST)\" executed successfully"}
{"timestamp": "2026-09-03T03:34:57", "level": "INFO", "component": "cv112_poller", "message": "Feed descargado: 34 incidentes activos", "correlation_id": "fbd84158"}
{"timestamp": "2026-09-03T03:34:57", "level": "INFO", "component": "apscheduler.executors.default", "message": "Job \"_start_scheduler.<locals>.<lambda> (trigger: interval[0:00:45], next run at: 2026-09-03 03:35:42 CEST)\" executed successfully"}
{"timestamp": "2026-09-03T03:35:07", "level": "INFO", "component": "apscheduler.executors.default", "message": "Running job \"poll_once (trigger: interval[0:00:10], next run at: 2026-09-03 03:35:17 CEST)\" (scheduled at 2026-09-03 03:35:07.305960+02:00)"}
{"timestamp": "2026-09-03T03:35:07", "level": "INFO", "component": "apscheduler.executors.default", "message": "Job \"poll_once (trigger: interval[0:00:10], next run at: 2026-09-03 03:35:17 CEST)\" executed successfully"}
{"timestamp": "2026-09-03T03:35:17", "level": "INFO", "component": "apscheduler.executors.default", "message": "Running job \"poll_once (trigger: interval[0:00:10], next run at: 2026-09-03 03:35:27 CEST)\" (scheduled at 2026-09-03 03:35:17.305960+02:00)"}
{"timestamp": "2026-09-03T03:35:17", "level": "INFO", "component": "apscheduler.executors.default", "message": "Job \"poll_once (trigger: interval[0:00:10], next run at: 2026-09-03 03:35:27 CEST)\" executed successfully"}
{"timestamp": "2026-09-03T03:35:27", "level": "INFO", "component": "apscheduler.executors.default", "message": "Running job \"poll_once (trigger: interval[0:00:10], next run at: 2026-09-03 03:35:37 CEST)\" (scheduled at 2026-09-03 03:35:27.305960+02:00)"}
{"timestamp": "2026-09-03T03:35:27", "level": "INFO", "component": "apscheduler.executors.default", "message": "Job \"poll_once (trigger: interval[0:00:10], next run at: 2026-09-03 03:35:37 CEST)\" executed successfully"}
{"timestamp": "2026-09-03T03:35:37", "level": "INFO", "component": "apscheduler.executors.default", "message": "Running job \"poll_once (trigger: interval[0:00:10], next run at: 2026-09-03 03:35:47 CEST)\" (scheduled at 2026-09-03 03:35:37.305960+02:00)"}
{"timestamp": "2026-09-03T03:35:37", "level": "INFO", "component": "apscheduler.executors.default", "message": "Job \"poll_once (trigger: interval[0:00:10], next run at: 2026-09-03 03:35:47 CEST)\" executed successfully"}
{"timestamp": "2026-09-03T03:35:42", "level": "INFO", "component": "apscheduler.executors.default", "message": "Running job \"_start_scheduler.<locals>.<lambda> (trigger: interval[0:00:45], next run at: 2026-09-03 03:36:27 CEST)\" (scheduled at 2026-09-03 03:35:42.306433+02:00)"}
{"timestamp": "2026-09-03T03:35:42", "level": "INFO", "component": "cv112_poller", "message": "Feed descargado: 34 incidentes activos", "correlation_id": "6d00031e"}
{"timestamp": "2026-09-03T03:35:42", "level": "INFO", "component": "apscheduler.executors.default", "message": "Job \"_start_scheduler.<locals>.<lambda> (trigger: interval[0:00:45], next run at: 2026-09-03 03:36:27 CEST)\" executed successfully"}
{"timestamp": "2026-09-03T03:35:47", "level": "INFO", "component": "apscheduler.executors.default", "message": "Running job \"poll_once (trigger: interval[0:00:10], next run at: 2026-09-03 03:35:57 CEST)\" (scheduled at 2026-09-03 03:35:47.305960+02:00)"}
{"timestamp": "2026-09-03T03:35:47", "level": "INFO", "component": "apscheduler.executors.default", "message": "Job \"poll_once (trigger: interval[0:00:10], next run at: 2026-09-03 03:35:57 CEST)\" executed successfully"}
{"timestamp": "2026-09-03T03:35:57", "level": "INFO", "component": "apscheduler.executors.default", "message": "Running job \"poll_once (trigger: interval[0:00:10], next run at: 2026-09-03 03:36:07 CEST)\" (scheduled at 2026-09-03 03:35:57.305960+02:00)"}
{"timestamp": "2026-09-03T03:35:57", "level": "INFO", "component": "apscheduler.executors.default", "message": "Job \"poll_once (trigger: interval[0:00:10], next run at: 2026-09-03 03:36:07 CEST)\" executed successfully"}
{"timestamp": "2026-09-03T03:36:07", "level": "INFO", "component": "apscheduler.executors.default", "message": "Running job \"poll_once (trigger: interval[0:00:10], next run at: 2026-09-03 03:36:17 CEST)\" (scheduled at 2026-09-03 03:36:07.305960+02:00)"}
{"timestamp": "2026-09-03T03:36:07", "level": "INFO", "component": "apscheduler.executors.default", "message": "Job \"poll_once (trigger: interval[0:00:10], next run at: 2026-09-03 03:36:17 CEST)\" executed successfully"}
{"timestamp": "2026-09-03T03:36:17", "level": "INFO", "component": "apscheduler.executors.default", "message": "Running job \"poll_once (trigger: interval[0:00:10], next run at: 2026-09-03 03:36:27 CEST)\" (scheduled at 2026-09-03 03:36:17.305960+02:00)"}
{"timestamp": "2026-09-03T03:36:17", "level": "INFO", "component": "apscheduler.executors.default", "message": "Job \"poll_once (trigger: interval[0:00:10], next run at: 2026-09-03 03:36:27 CEST)\" executed successfully"}
{"timestamp": "2026-09-03T03:36:27", "level": "INFO", "component": "apscheduler.executors.default", "message": "Running job \"poll_once (trigger: interval[0:00:10], next run at: 2026-09-03 03:36:37 CEST)\" (scheduled at 2026-09-03 03:36:27.305960+02:00)"}
{"timestamp": "2026-09-03T03:36:27", "level": "INFO", "component": "apscheduler.executors.default", "message": "Running job \"_start_scheduler.<locals>.<lambda> (trigger: interval[0:00:45], next run at: 2026-09-03 03:37:12 CEST)\" (scheduled at 2026-09-03 03:36:27.306433+02:00)"}
{"timestamp": "2026-09-03T03:36:27", "level": "INFO", "component": "apscheduler.executors.default", "message": "Job \"poll_once (trigger: interval[0:00:10], next run at: 2026-09-03 03:36:37 CEST)\" executed successfully"}
{"timestamp": "2026-09-03T03:36:27", "level": "INFO", "component": "cv112_poller", "message": "Feed descargado: 34 incidentes activos", "correlation_id": "6b10f779"}
{"timestamp": "2026-09-03T03:36:27", "level": "INFO", "component": "apscheduler.executors.default", "message": "Job \"_start_scheduler.<locals>.<lambda> (trigger: interval[0:00:45], next run at: 2026-09-03 03:37:12 CEST)\" executed successfully"}
{"timestamp": "2026-09-03T03:36:37", "level": "INFO", "component": "apscheduler.executors.default", "message": "Running job \"poll_once (trigger: interval[0:00:10], next run at: 2026-09-03 03:36:47 CEST)\" (scheduled at 2026-09-03 03:36:37.305960+02:00)"}
{"timestamp": "2026-09-03T03:36:37", "level": "INFO", "component": "apscheduler.executors.default", "message": "Job \"poll_once (trigger: interval[0:00:10], next run at: 2026-09-03 03:36:47 CEST)\" executed successfully"}
{"timestamp": "2026-09-03T03:36:47", "level": "INFO", "component": "apscheduler.executors.default", "message": "Running job \"poll_once (trigger: interval[0:00:10], next run at: 2026-09-03 03:36:57 CEST)\" (scheduled at 2026-09-03 03:36:47.305960+02:00)"}
{"timestamp": "2026-09-03T03:36:47", "level": "INFO", "component": "apscheduler.executors.default", "message": "Job \"poll_once (trigger: interval[0:00:10], next run at: 2026-09-03 03:36:57 CEST)\" executed successfully"}
{"timestamp": "2026-09-03T03:36:57", "level": "INFO", "component": "apscheduler.executors.default", "message": "Running job \"poll_once (trigger: interval[0:00:10], next run at: 2026-09-03 03:37:07 CEST)\" (scheduled at 2026-09-03 03:36:57.305960+02:00)"}
{"timestamp": "2026-09-03T03:36:57", "level": "INFO", "component": "apscheduler.executors.default", "message": "Job \"poll_once (trigger: interval[0:00:10], next run at: 2026-09-03 03:37:07 CEST)\" executed successfully"}
{"timestamp": "2026-09-03T03:37:07", "level": "INFO", "component": "apscheduler.executors.default", "message": "Running job \"poll_once (trigger: interval[0:00:10], next run at: 2026-09-03 03:37:17 CEST)\" (scheduled at 2026-09-03 03:37:07.305960+02:00)"}
{"timestamp": "2026-09-03T03:37:07", "level": "INFO", "component": "apscheduler.executors.default", "message": "Job \"poll_once (trigger: interval[0:00:10], next run at: 2026-09-03 03:37:17 CEST)\" executed successfully"}
{"timestamp": "2026-09-03T03:37:12", "level": "INFO", "component": "apscheduler.executors.default", "message": "Running job \"_start_scheduler.<locals>.<lambda> (trigger: interval[0:00:45], next run at: 2026-09-03 03:37:57 CEST)\" (scheduled at 2026-09-03 03:37:12.306433+02:00)"}
{"timestamp": "2026-09-03T03:37:12", "level": "INFO", "component": "cv112_poller", "message": "Feed descargado: 34 incidentes activos", "correlation_id": "df3ffb35"}
{"timestamp": "2026-09-03T03:37:12", "level": "INFO", "component": "apscheduler.executors.default", "message": "Job \"_start_scheduler.<locals>.<lambda> (trigger: interval[0:00:45], next run at: 2026-09-03 03:37:57 CEST)\" executed successfully"}
{"timestamp": "2026-09-03T03:37:17", "level": "INFO", "component": "apscheduler.executors.default", "message": "Running job \"poll_once (trigger: interval[0:00:10], next run at: 2026-09-03 03:37:27 CEST)\" (scheduled at 2026-09-03 03:37:17.305960+02:00)"}
{"timestamp": "2026-09-03T03:37:17", "level": "INFO", "component": "apscheduler.executors.default", "message": "Job \"poll_once (trigger: interval[0:00:10], next run at: 2026-09-03 03:37:27 CEST)\" executed successfully"}
{"timestamp": "2026-09-03T03:37:27", "level": "INFO", "component": "apscheduler.executors.default", "message": "Running job \"poll_once (trigger: interval[0:00:10], next run at: 2026-09-03 03:37:37 CEST)\" (scheduled at 2026-09-03 03:37:27.305960+02:00)"}
{"timestamp": "2026-09-03T03:37:27", "level": "INFO", "component": "apscheduler.executors.default", "message": "Job \"poll_once (trigger: interval[0:00:10], next run at: 2026-09-03 03:37:37 CEST)\" executed successfully"}
{"timestamp": "2026-09-03T03:37:37", "level": "INFO", "component": "apscheduler.executors.default", "message": "Running job \"poll_once (trigger: interval[0:00:10], next run at: 2026-09-03 03:37:47 CEST)\" (scheduled at 2026-09-03 03:37:37.305960+02:00)"}
{"timestamp": "2026-09-03T03:37:37", "level": "INFO", "component": "apscheduler.executors.default", "message": "Job \"poll_once (trigger: interval[0:00:10], next run at: 2026-09-03 03:37:47 CEST)\" executed successfully"}
{"timestamp": "2026-09-03T03:37:47", "level": "INFO", "component": "apscheduler.executors.default", "message": "Running job \"poll_once (trigger: interval[0:00:10], next run at: 2026-09-03 03:37:57 CEST)\" (scheduled at 2026-09-03 03:37:47.305960+02:00)"}
{"timestamp": "2026-09-03T03:37:47", "level": "INFO", "component": "apscheduler.executors.default", "message": "Job \"poll_once (trigger: interval[0:00:10], next run at: 2026-09-03 03:37:57 CEST)\" executed successfully"}
{"timestamp": "2026-09-03T03:37:57", "level": "INFO", "component": "apscheduler.executors.default", "message": "Running job \"poll_once (trigger: interval[0:00:10], next run at: 2026-09-03 03:38:07 CEST)\" (scheduled at 2026-09-03 03:37:57.305960+02:00)"}
{"timestamp": "2026-09-03T03:37:57", "level": "INFO", "component": "apscheduler.executors.default", "message": "Running job \"_start_scheduler.<locals>.<lambda> (trigger: interval[0:00:45], next run at: 2026-09-03 03:38:42 CEST)\" (scheduled at 2026-09-03 03:37:57.306433+02:00)"}
{"timestamp": "2026-09-03T03:37:57", "level": "INFO", "component": "apscheduler.executors.default", "message": "Job \"poll_once (trigger: interval[0:00:10], next run at: 2026-09-03 03:38:07 CEST)\" executed successfully"}
{"timestamp": "2026-09-03T03:37:57", "level": "INFO", "component": "cv112_poller", "message": "Feed descargado: 34 incidentes activos", "correlation_id": "7dc3b0cc"}
{"timestamp": "2026-09-03T03:37:57", "level": "INFO", "component": "apscheduler.executors.default", "message": "Job \"_start_scheduler.<locals>.<lambda> (trigger: interval[0:00:45], next run at: 2026-09-03 03:38:42 CEST)\" executed successfully"}
{"timestamp": "2026-09-03T03:38:07", "level": "INFO", "component": "apscheduler.executors.default", "message": "Running job \"poll_once (trigger: interval[0:00:10], next run at: 2026-09-03 03:38:17 CEST)\" (scheduled at 2026-09-03 03:38:07.305960+02:00)"}
{"timestamp": "2026-09-03T03:38:07", "level": "INFO", "component": "apscheduler.executors.default", "message": "Job \"poll_once (trigger: interval[0:00:10], next run at: 2026-09-03 03:38:17 CEST)\" executed successfully"}
{"timestamp": "2026-09-03T03:38:17", "level": "INFO", "component": "apscheduler.executors.default", "message": "Running job \"poll_once (trigger: interval[0:00:10], next run at: 2026-09-03 03:38:27 CEST)\" (scheduled at 2026-09-03 03:38:17.305960+02:00)"}
{"timestamp": "2026-09-03T03:38:17", "level": "INFO", "component": "apscheduler.executors.default", "message": "Job \"poll_once (trigger: interval[0:00:10], next run at: 2026-09-03 03:38:27 CEST)\" executed successfully"}
{"timestamp": "2026-09-03T03:38:27", "level": "INFO", "component": "apscheduler.executors.default", "message": "Running job \"poll_once (trigger: interval[0:00:10], next run at: 2026-09-03 03:38:37 CEST)\" (scheduled at 2026-09-03 03:38:27.305960+02:00)"}
{"timestamp": "2026-09-03T03:38:27", "level": "INFO", "component": "apscheduler.executors.default", "message": "Job \"poll_once (trigger: interval[0:00:10], next run at: 2026-09-03 03:38:37 CEST)\" executed successfully"}
{"timestamp": "2026-09-03T03:38:37", "level": "INFO", "component": "apscheduler.executors.default", "message": "Running job \"poll_once (trigger: interval[0:00:10], next run at: 2026-09-03 03:38:47 CEST)\" (scheduled at 2026-09-03 03:38:37.305960+02:00)"}
{"timestamp": "2026-09-03T03:38:37", "level": "INFO", "component": "apscheduler.executors.default", "message": "Job \"poll_once (trigger: interval[0:00:10], next run at: 2026-09-03 03:38:47 CEST)\" executed successfully"}
{"timestamp": "2026-09-03T03:38:42", "level": "INFO", "component": "apscheduler.executors.default", "message": "Running job \"_start_scheduler.<locals>.<lambda> (trigger: interval[0:00:45], next run at: 2026-09-03 03:39:27 CEST)\" (scheduled at 2026-09-03 03:38:42.306433+02:00)"}
{"timestamp": "2026-09-03T03:38:42", "level": "INFO", "component": "cv112_poller", "message": "Feed descargado: 34 incidentes activos", "correlation_id": "c2333aa7"}
{"timestamp": "2026-09-03T03:38:42", "level": "INFO", "component": "apscheduler.executors.default", "message": "Job \"_start_scheduler.<locals>.<lambda> (trigger: interval[0:00:45], next run at: 2026-09-03 03:39:27 CEST)\" executed successfully"}
{"timestamp": "2026-09-03T03:38:47", "level": "INFO", "component": "apscheduler.executors.default", "message": "Running job \"poll_once (trigger: interval[0:00:10], next run at: 2026-09-03 03:38:57 CEST)\" (scheduled at 2026-09-03 03:38:47.305960+02:00)"}
{"timestamp": "2026-09-03T03:38:47", "level": "INFO", "component": "apscheduler.executors.default", "message": "Job \"poll_once (trigger: interval[0:00:10], next run at: 2026-09-03 03:38:57 CEST)\" executed successfully"}
{"timestamp": "2026-09-03T03:38:57", "level": "INFO", "component": "apscheduler.executors.default", "message": "Running job \"poll_once (trigger: interval[0:00:10], next run at: 2026-09-03 03:39:07 CEST)\" (scheduled at 2026-09-03 03:38:57.305960+02:00)"}
{"timestamp": "2026-09-03T03:38:57", "level": "INFO", "component": "apscheduler.executors.default", "message": "Job \"poll_once (trigger: interval[0:00:10], next run at: 2026-09-03 03:39:07 CEST)\" executed successfully"}
{"timestamp": "2026-09-03T03:39:07", "level": "INFO", "component": "apscheduler.executors.default", "message": "Running job \"poll_once (trigger: interval[0:00:10], next run at: 2026-09-03 03:39:17 CEST)\" (scheduled at 2026-09-03 03:39:07.305960+02:00)"}
{"timestamp": "2026-09-03T03:39:07", "level": "INFO", "component": "apscheduler.executors.default", "message": "Job \"poll_once (trigger: interval[0:00:10], next run at: 2026-09-03 03:39:17 CEST)\" executed successfully"}
{"timestamp": "2026-09-03T03:39:17", "level": "INFO", "component": "apscheduler.executors.default", "message": "Running job \"poll_once (trigger: interval[0:00:10], next run at: 2026-09-03 03:39:27 CEST)\" (scheduled at 2026-09-03 03:39:17.305960+02:00)"}
{"timestamp": "2026-09-03T03:39:17", "level": "INFO", "component": "apscheduler.executors.default", "message": "Job \"poll_once (trigger: interval[0:00:10], next run at: 2026-09-03 03:39:27 CEST)\" executed successfully"}
{"timestamp": "2026-09-03T03:39:27", "level": "INFO", "component": "apscheduler.executors.default", "message": "Running job \"poll_once (trigger: interval[0:00:10], next run at: 2026-09-03 03:39:37 CEST)\" (scheduled at 2026-09-03 03:39:27.305960+02:00)"}
{"timestamp": "2026-09-03T03:39:27", "level": "INFO", "component": "apscheduler.executors.default", "message": "Running job \"_start_scheduler.<locals>.<lambda> (trigger: interval[0:00:45], next run at: 2026-09-03 03:40:12 CEST)\" (scheduled at 2026-09-03 03:39:27.306433+02:00)"}
{"timestamp": "2026-09-03T03:39:27", "level": "INFO", "component": "apscheduler.executors.default", "message": "Job \"poll_once (trigger: interval[0:00:10], next run at: 2026-09-03 03:39:37 CEST)\" executed successfully"}
{"timestamp": "2026-09-03T03:39:27", "level": "INFO", "component": "cv112_poller", "message": "Feed descargado: 29 incidentes activos", "correlation_id": "a52b084e"}
{"timestamp": "2026-09-03T03:39:27", "level": "INFO", "component": "apscheduler.executors.default", "message": "Job \"_start_scheduler.<locals>.<lambda> (trigger: interval[0:00:45], next run at: 2026-09-03 03:40:12 CEST)\" executed successfully"}
{"timestamp": "2026-09-03T03:39:37", "level": "INFO", "component": "apscheduler.executors.default", "message": "Running job \"poll_once (trigger: interval[0:00:10], next run at: 2026-09-03 03:39:47 CEST)\" (scheduled at 2026-09-03 03:39:37.305960+02:00)"}
{"timestamp": "2026-09-03T03:39:37", "level": "INFO", "component": "apscheduler.executors.default", "message": "Job \"poll_once (trigger: interval[0:00:10], next run at: 2026-09-03 03:39:47 CEST)\" executed successfully"}
{"timestamp": "2026-09-03T03:39:47", "level": "INFO", "component": "apscheduler.executors.default", "message": "Running job \"poll_once (trigger: interval[0:00:10], next run at: 2026-09-03 03:39:57 CEST)\" (scheduled at 2026-09-03 03:39:47.305960+02:00)"}
{"timestamp": "2026-09-03T03:39:47", "level": "INFO", "component": "apscheduler.executors.default", "message": "Job \"poll_once (trigger: interval[0:00:10], next run at: 2026-09-03 03:39:57 CEST)\" executed successfully"}
{"timestamp": "2026-09-03T03:39:57", "level": "INFO", "component": "apscheduler.executors.default", "message": "Running job \"poll_once (trigger: interval[0:00:10], next run at: 2026-09-03 03:40:07 CEST)\" (scheduled at 2026-09-03 03:39:57.305960+02:00)"}
{"timestamp": "2026-09-03T03:39:57", "level": "INFO", "component": "apscheduler.executors.default", "message": "Job \"poll_once (trigger: interval[0:00:10], next run at: 2026-09-03 03:40:07 CEST)\" executed successfully"}
{"timestamp": "2026-09-03T03:40:07", "level": "INFO", "component": "apscheduler.executors.default", "message": "Running job \"poll_once (trigger: interval[0:00:10], next run at: 2026-09-03 03:40:17 CEST)\" (scheduled at 2026-09-03 03:40:07.305960+02:00)"}
{"timestamp": "2026-09-03T03:40:07", "level": "INFO", "component": "apscheduler.executors.default", "message": "Job \"poll_once (trigger: interval[0:00:10], next run at: 2026-09-03 03:40:17 CEST)\" executed successfully"}
{"timestamp": "2026-09-03T03:40:12", "level": "INFO", "component": "apscheduler.executors.default", "message": "Running job \"_start_scheduler.<locals>.<lambda> (trigger: interval[0:00:45], next run at: 2026-09-03 03:40:57 CEST)\" (scheduled at 2026-09-03 03:40:12.306433+02:00)"}
{"timestamp": "2026-09-03T03:40:12", "level": "INFO", "component": "cv112_poller", "message": "Feed descargado: 29 incidentes activos", "correlation_id": "b0e8a5cd"}
{"timestamp": "2026-09-03T03:40:12", "level": "INFO", "component": "apscheduler.executors.default", "message": "Job \"_start_scheduler.<locals>.<lambda> (trigger: interval[0:00:45], next run at: 2026-09-03 03:40:57 CEST)\" executed successfully"}
{"timestamp": "2026-09-03T03:40:17", "level": "INFO", "component": "apscheduler.executors.default", "message": "Running job \"poll_once (trigger: interval[0:00:10], next run at: 2026-09-03 03:40:27 CEST)\" (scheduled at 2026-09-03 03:40:17.305960+02:00)"}
{"timestamp": "2026-09-03T03:40:17", "level": "INFO", "component": "apscheduler.executors.default", "message": "Job \"poll_once (trigger: interval[0:00:10], next run at: 2026-09-03 03:40:27 CEST)\" executed successfully"}
{"timestamp": "2026-09-03T03:40:27", "level": "INFO", "component": "apscheduler.executors.default", "message": "Running job \"poll_once (trigger: interval[0:00:10], next run at: 2026-09-03 03:40:37 CEST)\" (scheduled at 2026-09-03 03:40:27.305960+02:00)"}
{"timestamp": "2026-09-03T03:40:27", "level": "INFO", "component": "apscheduler.executors.default", "message": "Job \"poll_once (trigger: interval[0:00:10], next run at: 2026-09-03 03:40:37 CEST)\" executed successfully"}
{"timestamp": "2026-09-03T03:40:37", "level": "INFO", "component": "apscheduler.executors.default", "message": "Running job \"poll_once (trigger: interval[0:00:10], next run at: 2026-09-03 03:40:47 CEST)\" (scheduled at 2026-09-03 03:40:37.305960+02:00)"}
{"timestamp": "2026-09-03T03:40:37", "level": "INFO", "component": "apscheduler.executors.default", "message": "Job \"poll_once (trigger: interval[0:00:10], next run at: 2026-09-03 03:40:47 CEST)\" executed successfully"}
{"timestamp": "2026-09-03T03:40:47", "level": "INFO", "component": "apscheduler.executors.default", "message": "Running job \"poll_once (trigger: interval[0:00:10], next run at: 2026-09-03 03:40:57 CEST)\" (scheduled at 2026-09-03 03:40:47.305960+02:00)"}
{"timestamp": "2026-09-03T03:40:47", "level": "INFO", "component": "apscheduler.executors.default", "message": "Job \"poll_once (trigger: interval[0:00:10], next run at: 2026-09-03 03:40:57 CEST)\" executed successfully"}
{"timestamp": "2026-09-03T03:40:57", "level": "INFO", "component": "apscheduler.executors.default", "message": "Running job \"poll_once (trigger: interval[0:00:10], next run at: 2026-09-03 03:41:07 CEST)\" (scheduled at 2026-09-03 03:40:57.305960+02:00)"}
{"timestamp": "2026-09-03T03:40:57", "level": "INFO", "component": "apscheduler.executors.default", "message": "Running job \"_start_scheduler.<locals>.<lambda> (trigger: interval[0:00:45], next run at: 2026-09-03 03:41:42 CEST)\" (scheduled at 2026-09-03 03:40:57.306433+02:00)"}
{"timestamp": "2026-09-03T03:40:57", "level": "INFO", "component": "apscheduler.executors.default", "message": "Job \"poll_once (trigger: interval[0:00:10], next run at: 2026-09-03 03:41:07 CEST)\" executed successfully"}
{"timestamp": "2026-09-03T03:40:57", "level": "INFO", "component": "cv112_poller", "message": "Feed descargado: 29 incidentes activos", "correlation_id": "9f6931ef"}
{"timestamp": "2026-09-03T03:40:57", "level": "INFO", "component": "apscheduler.executors.default", "message": "Job \"_start_scheduler.<locals>.<lambda> (trigger: interval[0:00:45], next run at: 2026-09-03 03:41:42 CEST)\" executed successfully"}
{"timestamp": "2026-09-03T03:41:07", "level": "INFO", "component": "apscheduler.executors.default", "message": "Running job \"poll_once (trigger: interval[0:00:10], next run at: 2026-09-03 03:41:17 CEST)\" (scheduled at 2026-09-03 03:41:07.305960+02:00)"}
{"timestamp": "2026-09-03T03:41:07", "level": "INFO", "component": "apscheduler.executors.default", "message": "Job \"poll_once (trigger: interval[0:00:10], next run at: 2026-09-03 03:41:17 CEST)\" executed successfully"}
{"timestamp": "2026-09-03T03:41:17", "level": "INFO", "component": "apscheduler.executors.default", "message": "Running job \"poll_once (trigger: interval[0:00:10], next run at: 2026-09-03 03:41:27 CEST)\" (scheduled at 2026-09-03 03:41:17.305960+02:00)"}
{"timestamp": "2026-09-03T03:41:17", "level": "INFO", "component": "apscheduler.executors.default", "message": "Job \"poll_once (trigger: interval[0:00:10], next run at: 2026-09-03 03:41:27 CEST)\" executed successfully"}
{"timestamp": "2026-09-03T03:41:27", "level": "INFO", "component": "apscheduler.executors.default", "message": "Running job \"poll_once (trigger: interval[0:00:10], next run at: 2026-09-03 03:41:37 CEST)\" (scheduled at 2026-09-03 03:41:27.305960+02:00)"}
{"timestamp": "2026-09-03T03:41:27", "level": "INFO", "component": "apscheduler.executors.default", "message": "Job \"poll_once (trigger: interval[0:00:10], next run at: 2026-09-03 03:41:37 CEST)\" executed successfully"}
{"timestamp": "2026-09-03T03:41:37", "level": "INFO", "component": "apscheduler.executors.default", "message": "Running job \"poll_once (trigger: interval[0:00:10], next run at: 2026-09-03 03:41:47 CEST)\" (scheduled at 2026-09-03 03:41:37.305960+02:00)"}
{"timestamp": "2026-09-03T03:41:37", "level": "INFO", "component": "apscheduler.executors.default", "message": "Job \"poll_once (trigger: interval[0:00:10], next run at: 2026-09-03 03:41:47 CEST)\" executed successfully"}
{"timestamp": "2026-09-03T03:41:42", "level": "INFO", "component": "apscheduler.executors.default", "message": "Running job \"_start_scheduler.<locals>.<lambda> (trigger: interval[0:00:45], next run at: 2026-09-03 03:42:27 CEST)\" (scheduled at 2026-09-03 03:41:42.306433+02:00)"}
{"timestamp": "2026-09-03T03:41:42", "level": "INFO", "component": "cv112_poller", "message": "Feed descargado: 29 incidentes activos", "correlation_id": "0de5e5be"}
{"timestamp": "2026-09-03T03:41:42", "level": "INFO", "component": "apscheduler.executors.default", "message": "Job \"_start_scheduler.<locals>.<lambda> (trigger: interval[0:00:45], next run at: 2026-09-03 03:42:27 CEST)\" executed successfully"}
{"timestamp": "2026-09-03T03:41:47", "level": "INFO", "component": "apscheduler.executors.default", "message": "Running job \"poll_once (trigger: interval[0:00:10], next run at: 2026-09-03 03:41:57 CEST)\" (scheduled at 2026-09-03 03:41:47.305960+02:00)"}
{"timestamp": "2026-09-03T03:41:47", "level": "INFO", "component": "apscheduler.executors.default", "message": "Job \"poll_once (trigger: interval[0:00:10], next run at: 2026-09-03 03:41:57 CEST)\" executed successfully"}
{"timestamp": "2026-09-03T03:41:57", "level": "INFO", "component": "apscheduler.executors.default", "message": "Running job \"poll_once (trigger: interval[0:00:10], next run at: 2026-09-03 03:42:07 CEST)\" (scheduled at 2026-09-03 03:41:57.305960+02:00)"}
{"timestamp": "2026-09-03T03:41:57", "level": "INFO", "component": "apscheduler.executors.default", "message": "Job \"poll_once (trigger: interval[0:00:10], next run at: 2026-09-03 03:42:07 CEST)\" executed successfully"}
{"timestamp": "2026-09-03T03:42:07", "level": "INFO", "component": "apscheduler.executors.default", "message": "Running job \"poll_once (trigger: interval[0:00:10], next run at: 2026-09-03 03:42:17 CEST)\" (scheduled at 2026-09-03 03:42:07.305960+02:00)"}
{"timestamp": "2026-09-03T03:42:07", "level": "INFO", "component": "apscheduler.executors.default", "message": "Job \"poll_once (trigger: interval[0:00:10], next run at: 2026-09-03 03:42:17 CEST)\" executed successfully"}
{"timestamp": "2026-09-03T03:42:17", "level": "INFO", "component": "apscheduler.executors.default", "message": "Running job \"poll_once (trigger: interval[0:00:10], next run at: 2026-09-03 03:42:27 CEST)\" (scheduled at 2026-09-03 03:42:17.305960+02:00)"}
{"timestamp": "2026-09-03T03:42:17", "level": "INFO", "component": "apscheduler.executors.default", "message": "Job \"poll_once (trigger: interval[0:00:10], next run at: 2026-09-03 03:42:27 CEST)\" executed successfully"}
{"timestamp": "2026-09-03T03:42:27", "level": "INFO", "component": "apscheduler.executors.default", "message": "Running job \"poll_once (trigger: interval[0:00:10], next run at: 2026-09-03 03:42:37 CEST)\" (scheduled at 2026-09-03 03:42:27.305960+02:00)"}
{"timestamp": "2026-09-03T03:42:27", "level": "INFO", "component": "apscheduler.executors.default", "message": "Running job \"_start_scheduler.<locals>.<lambda> (trigger: interval[0:00:45], next run at: 2026-09-03 03:43:12 CEST)\" (scheduled at 2026-09-03 03:42:27.306433+02:00)"}
{"timestamp": "2026-09-03T03:42:27", "level": "INFO", "component": "apscheduler.executors.default", "message": "Job \"poll_once (trigger: interval[0:00:10], next run at: 2026-09-03 03:42:37 CEST)\" executed successfully"}
{"timestamp": "2026-09-03T03:42:27", "level": "INFO", "component": "cv112_poller", "message": "Feed descargado: 29 incidentes activos", "correlation_id": "35ee22ab"}
{"timestamp": "2026-09-03T03:42:27", "level": "INFO", "component": "apscheduler.executors.default", "message": "Job \"_start_scheduler.<locals>.<lambda> (trigger: interval[0:00:45], next run at: 2026-09-03 03:43:12 CEST)\" executed successfully"}
{"timestamp": "2026-09-03T03:42:37", "level": "INFO", "component": "apscheduler.executors.default", "message": "Running job \"poll_once (trigger: interval[0:00:10], next run at: 2026-09-03 03:42:47 CEST)\" (scheduled at 2026-09-03 03:42:37.305960+02:00)"}
{"timestamp": "2026-09-03T03:42:37", "level": "INFO", "component": "apscheduler.executors.default", "message": "Job \"poll_once (trigger: interval[0:00:10], next run at: 2026-09-03 03:42:47 CEST)\" executed successfully"}
{"timestamp": "2026-09-03T03:42:47", "level": "INFO", "component": "apscheduler.executors.default", "message": "Running job \"poll_once (trigger: interval[0:00:10], next run at: 2026-09-03 03:42:57 CEST)\" (scheduled at 2026-09-03 03:42:47.305960+02:00)"}
{"timestamp": "2026-09-03T03:42:47", "level": "INFO", "component": "apscheduler.executors.default", "message": "Job \"poll_once (trigger: interval[0:00:10], next run at: 2026-09-03 03:42:57 CEST)\" executed successfully"}
{"timestamp": "2026-09-03T03:42:57", "level": "INFO", "component": "apscheduler.executors.default", "message": "Running job \"poll_once (trigger: interval[0:00:10], next run at: 2026-09-03 03:43:07 CEST)\" (scheduled at 2026-09-03 03:42:57.305960+02:00)"}
{"timestamp": "2026-09-03T03:42:57", "level": "INFO", "component": "apscheduler.executors.default", "message": "Job \"poll_once (trigger: interval[0:00:10], next run at: 2026-09-03 03:43:07 CEST)\" executed successfully"}
{"timestamp": "2026-09-03T03:43:07", "level": "INFO", "component": "apscheduler.executors.default", "message": "Running job \"poll_once (trigger: interval[0:00:10], next run at: 2026-09-03 03:43:17 CEST)\" (scheduled at 2026-09-03 03:43:07.305960+02:00)"}
{"timestamp": "2026-09-03T03:43:07", "level": "INFO", "component": "apscheduler.executors.default", "message": "Job \"poll_once (trigger: interval[0:00:10], next run at: 2026-09-03 03:43:17 CEST)\" executed successfully"}
{"timestamp": "2026-09-03T03:43:12", "level": "INFO", "component": "apscheduler.executors.default", "message": "Running job \"_start_scheduler.<locals>.<lambda> (trigger: interval[0:00:45], next run at: 2026-09-03 03:43:57 CEST)\" (scheduled at 2026-09-03 03:43:12.306433+02:00)"}
{"timestamp": "2026-09-03T03:43:12", "level": "INFO", "component": "cv112_poller", "message": "Feed descargado: 29 incidentes activos", "correlation_id": "5b50eaba"}
{"timestamp": "2026-09-03T03:43:12", "level": "INFO", "component": "apscheduler.executors.default", "message": "Job \"_start_scheduler.<locals>.<lambda> (trigger: interval[0:00:45], next run at: 2026-09-03 03:43:57 CEST)\" executed successfully"}
{"timestamp": "2026-09-03T03:43:17", "level": "INFO", "component": "apscheduler.executors.default", "message": "Running job \"poll_once (trigger: interval[0:00:10], next run at: 2026-09-03 03:43:27 CEST)\" (scheduled at 2026-09-03 03:43:17.305960+02:00)"}
{"timestamp": "2026-09-03T03:43:17", "level": "INFO", "component": "apscheduler.executors.default", "message": "Job \"poll_once (trigger: interval[0:00:10], next run at: 2026-09-03 03:43:27 CEST)\" executed successfully"}
{"timestamp": "2026-09-03T03:43:27", "level": "INFO", "component": "apscheduler.executors.default", "message": "Running job \"poll_once (trigger: interval[0:00:10], next run at: 2026-09-03 03:43:37 CEST)\" (scheduled at 2026-09-03 03:43:27.305960+02:00)"}
{"timestamp": "2026-09-03T03:43:27", "level": "INFO", "component": "apscheduler.executors.default", "message": "Job \"poll_once (trigger: interval[0:00:10], next run at: 2026-09-03 03:43:37 CEST)\" executed successfully"}
{"timestamp": "2026-09-03T03:43:37", "level": "INFO", "component": "apscheduler.executors.default", "message": "Running job \"poll_once (trigger: interval[0:00:10], next run at: 2026-09-03 03:43:47 CEST)\" (scheduled at 2026-09-03 03:43:37.305960+02:00)"}
{"timestamp": "2026-09-03T03:43:37", "level": "INFO", "component": "apscheduler.executors.default", "message": "Job \"poll_once (trigger: interval[0:00:10], next run at: 2026-09-03 03:43:47 CEST)\" executed successfully"}
{"timestamp": "2026-09-03T03:43:47", "level": "INFO", "component": "apscheduler.executors.default", "message": "Running job \"poll_once (trigger: interval[0:00:10], next run at: 2026-09-03 03:43:57 CEST)\" (scheduled at 2026-09-03 03:43:47.305960+02:00)"}
{"timestamp": "2026-09-03T03:43:47", "level": "INFO", "component": "apscheduler.executors.default", "message": "Job \"poll_once (trigger: interval[0:00:10], next run at: 2026-09-03 03:43:57 CEST)\" executed successfully"}
{"timestamp": "2026-09-03T03:43:57", "level": "INFO", "component": "apscheduler.executors.default", "message": "Running job \"poll_once (trigger: interval[0:00:10], next run at: 2026-09-03 03:44:07 CEST)\" (scheduled at 2026-09-03 03:43:57.305960+02:00)"}
{"timestamp": "2026-09-03T03:43:57", "level": "INFO", "component": "apscheduler.executors.default", "message": "Running job \"_start_scheduler.<locals>.<lambda> (trigger: interval[0:00:45], next run at: 2026-09-03 03:44:42 CEST)\" (scheduled at 2026-09-03 03:43:57.306433+02:00)"}
{"timestamp": "2026-09-03T03:43:57", "level": "INFO", "component": "apscheduler.executors.default", "message": "Job \"poll_once (trigger: interval[0:00:10], next run at: 2026-09-03 03:44:07 CEST)\" executed successfully"}
{"timestamp": "2026-09-03T03:43:57", "level": "INFO", "component": "cv112_poller", "message": "Feed descargado: 29 incidentes activos", "correlation_id": "cafab8df"}
{"timestamp": "2026-09-03T03:43:57", "level": "INFO", "component": "apscheduler.executors.default", "message": "Job \"_start_scheduler.<locals>.<lambda> (trigger: interval[0:00:45], next run at: 2026-09-03 03:44:42 CEST)\" executed successfully"}
{"timestamp": "2026-09-03T03:44:07", "level": "INFO", "component": "apscheduler.executors.default", "message": "Running job \"poll_once (trigger: interval[0:00:10], next run at: 2026-09-03 03:44:17 CEST)\" (scheduled at 2026-09-03 03:44:07.305960+02:00)"}
{"timestamp": "2026-09-03T03:44:07", "level": "INFO", "component": "apscheduler.executors.default", "message": "Job \"poll_once (trigger: interval[0:00:10], next run at: 2026-09-03 03:44:17 CEST)\" executed successfully"}
{"timestamp": "2026-09-03T03:44:17", "level": "INFO", "component": "apscheduler.executors.default", "message": "Running job \"poll_once (trigger: interval[0:00:10], next run at: 2026-09-03 03:44:27 CEST)\" (scheduled at 2026-09-03 03:44:17.305960+02:00)"}
{"timestamp": "2026-09-03T03:44:17", "level": "INFO", "component": "apscheduler.executors.default", "message": "Job \"poll_once (trigger: interval[0:00:10], next run at: 2026-09-03 03:44:27 CEST)\" executed successfully"}
{"timestamp": "2026-09-03T03:44:27", "level": "INFO", "component": "apscheduler.executors.default", "message": "Running job \"poll_once (trigger: interval[0:00:10], next run at: 2026-09-03 03:44:37 CEST)\" (scheduled at 2026-09-03 03:44:27.305960+02:00)"}
{"timestamp": "2026-09-03T03:44:27", "level": "INFO", "component": "apscheduler.executors.default", "message": "Job \"poll_once (trigger: interval[0:00:10], next run at: 2026-09-03 03:44:37 CEST)\" executed successfully"}
{"timestamp": "2026-09-03T03:44:37", "level": "INFO", "component": "apscheduler.executors.default", "message": "Running job \"poll_once (trigger: interval[0:00:10], next run at: 2026-09-03 03:44:47 CEST)\" (scheduled at 2026-09-03 03:44:37.305960+02:00)"}
{"timestamp": "2026-09-03T03:44:37", "level": "INFO", "component": "apscheduler.executors.default", "message": "Job \"poll_once (trigger: interval[0:00:10], next run at: 2026-09-03 03:44:47 CEST)\" executed successfully"}
{"timestamp": "2026-09-03T03:44:42", "level": "INFO", "component": "apscheduler.executors.default", "message": "Running job \"_start_scheduler.<locals>.<lambda> (trigger: interval[0:00:45], next run at: 2026-09-03 03:45:27 CEST)\" (scheduled at 2026-09-03 03:44:42.306433+02:00)"}
{"timestamp": "2026-09-03T03:44:42", "level": "INFO", "component": "cv112_poller", "message": "Feed descargado: 22 incidentes activos", "correlation_id": "4f94dac5"}
{"timestamp": "2026-09-03T03:44:42", "level": "INFO", "component": "apscheduler.executors.default", "message": "Job \"_start_scheduler.<locals>.<lambda> (trigger: interval[0:00:45], next run at: 2026-09-03 03:45:27 CEST)\" executed successfully"}
{"timestamp": "2026-09-03T03:44:47", "level": "INFO", "component": "apscheduler.executors.default", "message": "Running job \"poll_once (trigger: interval[0:00:10], next run at: 2026-09-03 03:44:57 CEST)\" (scheduled at 2026-09-03 03:44:47.305960+02:00)"}
{"timestamp": "2026-09-03T03:44:47", "level": "INFO", "component": "apscheduler.executors.default", "message": "Job \"poll_once (trigger: interval[0:00:10], next run at: 2026-09-03 03:44:57 CEST)\" executed successfully"}
{"timestamp": "2026-09-03T03:44:57", "level": "INFO", "component": "apscheduler.executors.default", "message": "Running job \"poll_once (trigger: interval[0:00:10], next run at: 2026-09-03 03:45:07 CEST)\" (scheduled at 2026-09-03 03:44:57.305960+02:00)"}
{"timestamp": "2026-09-03T03:44:57", "level": "INFO", "component": "apscheduler.executors.default", "message": "Job \"poll_once (trigger: interval[0:00:10], next run at: 2026-09-03 03:45:07 CEST)\" executed successfully"}
{"timestamp": "2026-09-03T03:45:07", "level": "INFO", "component": "apscheduler.executors.default", "message": "Running job \"poll_once (trigger: interval[0:00:10], next run at: 2026-09-03 03:45:17 CEST)\" (scheduled at 2026-09-03 03:45:07.305960+02:00)"}
{"timestamp": "2026-09-03T03:45:07", "level": "INFO", "component": "apscheduler.executors.default", "message": "Job \"poll_once (trigger: interval[0:00:10], next run at: 2026-09-03 03:45:17 CEST)\" executed successfully"}
{"timestamp": "2026-09-03T03:45:17", "level": "INFO", "component": "apscheduler.executors.default", "message": "Running job \"poll_once (trigger: interval[0:00:10], next run at: 2026-09-03 03:45:27 CEST)\" (scheduled at 2026-09-03 03:45:17.305960+02:00)"}
{"timestamp": "2026-09-03T03:45:17", "level": "INFO", "component": "apscheduler.executors.default", "message": "Job \"poll_once (trigger: interval[0:00:10], next run at: 2026-09-03 03:45:27 CEST)\" executed successfully"}
{"timestamp": "2026-09-03T03:45:27", "level": "INFO", "component": "apscheduler.executors.default", "message": "Running job \"poll_once (trigger: interval[0:00:10], next run at: 2026-09-03 03:45:37 CEST)\" (scheduled at 2026-09-03 03:45:27.305960+02:00)"}
{"timestamp": "2026-09-03T03:45:27", "level": "INFO", "component": "apscheduler.executors.default", "message": "Running job \"_start_scheduler.<locals>.<lambda> (trigger: interval[0:00:45], next run at: 2026-09-03 03:46:12 CEST)\" (scheduled at 2026-09-03 03:45:27.306433+02:00)"}
{"timestamp": "2026-09-03T03:45:27", "level": "INFO", "component": "apscheduler.executors.default", "message": "Job \"poll_once (trigger: interval[0:00:10], next run at: 2026-09-03 03:45:37 CEST)\" executed successfully"}
{"timestamp": "2026-09-03T03:45:27", "level": "INFO", "component": "cv112_poller", "message": "Feed descargado: 22 incidentes activos", "correlation_id": "5c7032c0"}
{"timestamp": "2026-09-03T03:45:27", "level": "INFO", "component": "apscheduler.executors.default", "message": "Job \"_start_scheduler.<locals>.<lambda> (trigger: interval[0:00:45], next run at: 2026-09-03 03:46:12 CEST)\" executed successfully"}
{"timestamp": "2026-09-03T03:45:37", "level": "INFO", "component": "apscheduler.executors.default", "message": "Running job \"poll_once (trigger: interval[0:00:10], next run at: 2026-09-03 03:45:47 CEST)\" (scheduled at 2026-09-03 03:45:37.305960+02:00)"}
{"timestamp": "2026-09-03T03:45:37", "level": "INFO", "component": "apscheduler.executors.default", "message": "Job \"poll_once (trigger: interval[0:00:10], next run at: 2026-09-03 03:45:47 CEST)\" executed successfully"}
{"timestamp": "2026-09-03T03:45:47", "level": "INFO", "component": "apscheduler.executors.default", "message": "Running job \"poll_once (trigger: interval[0:00:10], next run at: 2026-09-03 03:45:57 CEST)\" (scheduled at 2026-09-03 03:45:47.305960+02:00)"}
{"timestamp": "2026-09-03T03:45:47", "level": "INFO", "component": "apscheduler.executors.default", "message": "Job \"poll_once (trigger: interval[0:00:10], next run at: 2026-09-03 03:45:57 CEST)\" executed successfully"}
{"timestamp": "2026-09-03T03:45:57", "level": "INFO", "component": "apscheduler.executors.default", "message": "Running job \"poll_once (trigger: interval[0:00:10], next run at: 2026-09-03 03:46:07 CEST)\" (scheduled at 2026-09-03 03:45:57.305960+02:00)"}
{"timestamp": "2026-09-03T03:45:57", "level": "INFO", "component": "apscheduler.executors.default", "message": "Job \"poll_once (trigger: interval[0:00:10], next run at: 2026-09-03 03:46:07 CEST)\" executed successfully"}
{"timestamp": "2026-09-03T03:46:07", "level": "INFO", "component": "apscheduler.executors.default", "message": "Running job \"poll_once (trigger: interval[0:00:10], next run at: 2026-09-03 03:46:17 CEST)\" (scheduled at 2026-09-03 03:46:07.305960+02:00)"}
{"timestamp": "2026-09-03T03:46:07", "level": "INFO", "component": "apscheduler.executors.default", "message": "Job \"poll_once (trigger: interval[0:00:10], next run at: 2026-09-03 03:46:17 CEST)\" executed successfully"}
{"timestamp": "2026-09-03T03:46:12", "level": "INFO", "component": "apscheduler.executors.default", "message": "Running job \"_start_scheduler.<locals>.<lambda> (trigger: interval[0:00:45], next run at: 2026-09-03 03:46:57 CEST)\" (scheduled at 2026-09-03 03:46:12.306433+02:00)"}
{"timestamp": "2026-09-03T03:46:12", "level": "INFO", "component": "cv112_poller", "message": "Feed descargado: 22 incidentes activos", "correlation_id": "c88b8a64"}
{"timestamp": "2026-09-03T03:46:12", "level": "INFO", "component": "apscheduler.executors.default", "message": "Job \"_start_scheduler.<locals>.<lambda> (trigger: interval[0:00:45], next run at: 2026-09-03 03:46:57 CEST)\" executed successfully"}
{"timestamp": "2026-09-03T03:46:17", "level": "INFO", "component": "apscheduler.executors.default", "message": "Running job \"poll_once (trigger: interval[0:00:10], next run at: 2026-09-03 03:46:27 CEST)\" (scheduled at 2026-09-03 03:46:17.305960+02:00)"}
{"timestamp": "2026-09-03T03:46:17", "level": "INFO", "component": "apscheduler.executors.default", "message": "Job \"poll_once (trigger: interval[0:00:10], next run at: 2026-09-03 03:46:27 CEST)\" executed successfully"}
{"timestamp": "2026-09-03T03:46:27", "level": "INFO", "component": "apscheduler.executors.default", "message": "Running job \"poll_once (trigger: interval[0:00:10], next run at: 2026-09-03 03:46:37 CEST)\" (scheduled at 2026-09-03 03:46:27.305960+02:00)"}
{"timestamp": "2026-09-03T03:46:27", "level": "INFO", "component": "apscheduler.executors.default", "message": "Job \"poll_once (trigger: interval[0:00:10], next run at: 2026-09-03 03:46:37 CEST)\" executed successfully"}
{"timestamp": "2026-09-03T03:46:37", "level": "INFO", "component": "apscheduler.executors.default", "message": "Running job \"poll_once (trigger: interval[0:00:10], next run at: 2026-09-03 03:46:47 CEST)\" (scheduled at 2026-09-03 03:46:37.305960+02:00)"}
{"timestamp": "2026-09-03T03:46:37", "level": "INFO", "component": "apscheduler.executors.default", "message": "Job \"poll_once (trigger: interval[0:00:10], next run at: 2026-09-03 03:46:47 CEST)\" executed successfully"}
{"timestamp": "2026-09-03T03:46:47", "level": "INFO", "component": "apscheduler.executors.default", "message": "Running job \"poll_once (trigger: interval[0:00:10], next run at: 2026-09-03 03:46:57 CEST)\" (scheduled at 2026-09-03 03:46:47.305960+02:00)"}
{"timestamp": "2026-09-03T03:46:47", "level": "INFO", "component": "apscheduler.executors.default", "message": "Job \"poll_once (trigger: interval[0:00:10], next run at: 2026-09-03 03:46:57 CEST)\" executed successfully"}
{"timestamp": "2026-09-03T03:46:57", "level": "INFO", "component": "apscheduler.executors.default", "message": "Running job \"poll_once (trigger: interval[0:00:10], next run at: 2026-09-03 03:47:07 CEST)\" (scheduled at 2026-09-03 03:46:57.305960+02:00)"}
{"timestamp": "2026-09-03T03:46:57", "level": "INFO", "component": "apscheduler.executors.default", "message": "Running job \"_start_scheduler.<locals>.<lambda> (trigger: interval[0:00:45], next run at: 2026-09-03 03:47:42 CEST)\" (scheduled at 2026-09-03 03:46:57.306433+02:00)"}
{"timestamp": "2026-09-03T03:46:57", "level": "INFO", "component": "apscheduler.executors.default", "message": "Job \"poll_once (trigger: interval[0:00:10], next run at: 2026-09-03 03:47:07 CEST)\" executed successfully"}
{"timestamp": "2026-09-03T03:46:57", "level": "INFO", "component": "cv112_poller", "message": "Feed descargado: 22 incidentes activos", "correlation_id": "fb94f9e0"}
{"timestamp": "2026-09-03T03:46:57", "level": "INFO", "component": "apscheduler.executors.default", "message": "Job \"_start_scheduler.<locals>.<lambda> (trigger: interval[0:00:45], next run at: 2026-09-03 03:47:42 CEST)\" executed successfully"}
{"timestamp": "2026-09-03T03:47:07", "level": "INFO", "component": "apscheduler.executors.default", "message": "Running job \"poll_once (trigger: interval[0:00:10], next run at: 2026-09-03 03:47:17 CEST)\" (scheduled at 2026-09-03 03:47:07.305960+02:00)"}
{"timestamp": "2026-09-03T03:47:07", "level": "INFO", "component": "apscheduler.executors.default", "message": "Job \"poll_once (trigger: interval[0:00:10], next run at: 2026-09-03 03:47:17 CEST)\" executed successfully"}
{"timestamp": "2026-09-03T03:47:17", "level": "INFO", "component": "apscheduler.executors.default", "message": "Running job \"poll_once (trigger: interval[0:00:10], next run at: 2026-09-03 03:47:27 CEST)\" (scheduled at 2026-09-03 03:47:17.305960+02:00)"}
{"timestamp": "2026-09-03T03:47:17", "level": "INFO", "component": "apscheduler.executors.default", "message": "Job \"poll_once (trigger: interval[0:00:10], next run at: 2026-09-03 03:47:27 CEST)\" executed successfully"}
{"timestamp": "2026-09-03T03:47:27", "level": "INFO", "component": "apscheduler.executors.default", "message": "Running job \"poll_once (trigger: interval[0:00:10], next run at: 2026-09-03 03:47:37 CEST)\" (scheduled at 2026-09-03 03:47:27.305960+02:00)"}
{"timestamp": "2026-09-03T03:47:27", "level": "INFO", "component": "apscheduler.executors.default", "message": "Job \"poll_once (trigger: interval[0:00:10], next run at: 2026-09-03 03:47:37 CEST)\" executed successfully"}
{"timestamp": "2026-09-03T03:47:37", "level": "INFO", "component": "apscheduler.executors.default", "message": "Running job \"poll_once (trigger: interval[0:00:10], next run at: 2026-09-03 03:47:47 CEST)\" (scheduled at 2026-09-03 03:47:37.305960+02:00)"}
{"timestamp": "2026-09-03T03:47:37", "level": "INFO", "component": "apscheduler.executors.default", "message": "Job \"poll_once (trigger: interval[0:00:10], next run at: 2026-09-03 03:47:47 CEST)\" executed successfully"}
{"timestamp": "2026-09-03T03:47:42", "level": "INFO", "component": "apscheduler.executors.default", "message": "Running job \"_start_scheduler.<locals>.<lambda> (trigger: interval[0:00:45], next run at: 2026-09-03 03:48:27 CEST)\" (scheduled at 2026-09-03 03:47:42.306433+02:00)"}
{"timestamp": "2026-09-03T03:47:42", "level": "INFO", "component": "cv112_poller", "message": "Feed descargado: 22 incidentes activos", "correlation_id": "26804758"}
{"timestamp": "2026-09-03T03:47:42", "level": "INFO", "component": "apscheduler.executors.default", "message": "Job \"_start_scheduler.<locals>.<lambda> (trigger: interval[0:00:45], next run at: 2026-09-03 03:48:27 CEST)\" executed successfully"}
{"timestamp": "2026-09-03T03:47:47", "level": "INFO", "component": "apscheduler.executors.default", "message": "Running job \"poll_once (trigger: interval[0:00:10], next run at: 2026-09-03 03:47:57 CEST)\" (scheduled at 2026-09-03 03:47:47.305960+02:00)"}
{"timestamp": "2026-09-03T03:47:47", "level": "INFO", "component": "apscheduler.executors.default", "message": "Job \"poll_once (trigger: interval[0:00:10], next run at: 2026-09-03 03:47:57 CEST)\" executed successfully"}
{"timestamp": "2026-09-03T03:47:57", "level": "INFO", "component": "apscheduler.executors.default", "message": "Running job \"poll_once (trigger: interval[0:00:10], next run at: 2026-09-03 03:48:07 CEST)\" (scheduled at 2026-09-03 03:47:57.305960+02:00)"}
{"timestamp": "2026-09-03T03:47:57", "level": "INFO", "component": "apscheduler.executors.default", "message": "Job \"poll_once (trigger: interval[0:00:10], next run at: 2026-09-03 03:48:07 CEST)\" executed successfully"}
{"timestamp": "2026-09-03T03:48:07", "level": "INFO", "component": "apscheduler.executors.default", "message": "Running job \"poll_once (trigger: interval[0:00:10], next run at: 2026-09-03 03:48:17 CEST)\" (scheduled at 2026-09-03 03:48:07.305960+02:00)"}
{"timestamp": "2026-09-03T03:48:07", "level": "INFO", "component": "apscheduler.executors.default", "message": "Job \"poll_once (trigger: interval[0:00:10], next run at: 2026-09-03 03:48:17 CEST)\" executed successfully"}
{"timestamp": "2026-09-03T03:48:17", "level": "INFO", "component": "apscheduler.executors.default", "message": "Running job \"poll_once (trigger: interval[0:00:10], next run at: 2026-09-03 03:48:27 CEST)\" (scheduled at 2026-09-03 03:48:17.305960+02:00)"}
{"timestamp": "2026-09-03T03:48:17", "level": "INFO", "component": "apscheduler.executors.default", "message": "Job \"poll_once (trigger: interval[0:00:10], next run at: 2026-09-03 03:48:27 CEST)\" executed successfully"}
{"timestamp": "2026-09-03T03:48:27", "level": "INFO", "component": "apscheduler.executors.default", "message": "Running job \"poll_once (trigger: interval[0:00:10], next run at: 2026-09-03 03:48:37 CEST)\" (scheduled at 2026-09-03 03:48:27.305960+02:00)"}
{"timestamp": "2026-09-03T03:48:27", "level": "INFO", "component": "apscheduler.executors.default", "message": "Running job \"_start_scheduler.<locals>.<lambda> (trigger: interval[0:00:45], next run at: 2026-09-03 03:49:12 CEST)\" (scheduled at 2026-09-03 03:48:27.306433+02:00)"}
{"timestamp": "2026-09-03T03:48:27", "level": "INFO", "component": "apscheduler.executors.default", "message": "Job \"poll_once (trigger: interval[0:00:10], next run at: 2026-09-03 03:48:37 CEST)\" executed successfully"}
{"timestamp": "2026-09-03T03:48:27", "level": "INFO", "component": "cv112_poller", "message": "Feed descargado: 22 incidentes activos", "correlation_id": "2c60c8b9"}
{"timestamp": "2026-09-03T03:48:27", "level": "INFO", "component": "apscheduler.executors.default", "message": "Job \"_start_scheduler.<locals>.<lambda> (trigger: interval[0:00:45], next run at: 2026-09-03 03:49:12 CEST)\" executed successfully"}
{"timestamp": "2026-09-03T03:48:37", "level": "INFO", "component": "apscheduler.executors.default", "message": "Running job \"poll_once (trigger: interval[0:00:10], next run at: 2026-09-03 03:48:47 CEST)\" (scheduled at 2026-09-03 03:48:37.305960+02:00)"}
{"timestamp": "2026-09-03T03:48:37", "level": "INFO", "component": "apscheduler.executors.default", "message": "Job \"poll_once (trigger: interval[0:00:10], next run at: 2026-09-03 03:48:47 CEST)\" executed successfully"}
{"timestamp": "2026-09-03T03:48:47", "level": "INFO", "component": "apscheduler.executors.default", "message": "Running job \"poll_once (trigger: interval[0:00:10], next run at: 2026-09-03 03:48:57 CEST)\" (scheduled at 2026-09-03 03:48:47.305960+02:00)"}
{"timestamp": "2026-09-03T03:48:47", "level": "INFO", "component": "apscheduler.executors.default", "message": "Job \"poll_once (trigger: interval[0:00:10], next run at: 2026-09-03 03:48:57 CEST)\" executed successfully"}
{"timestamp": "2026-09-03T03:48:57", "level": "INFO", "component": "apscheduler.executors.default", "message": "Running job \"poll_once (trigger: interval[0:00:10], next run at: 2026-09-03 03:49:07 CEST)\" (scheduled at 2026-09-03 03:48:57.305960+02:00)"}
{"timestamp": "2026-09-03T03:48:57", "level": "INFO", "component": "apscheduler.executors.default", "message": "Job \"poll_once (trigger: interval[0:00:10], next run at: 2026-09-03 03:49:07 CEST)\" executed successfully"}
{"timestamp": "2026-09-03T03:49:07", "level": "INFO", "component": "apscheduler.executors.default", "message": "Running job \"poll_once (trigger: interval[0:00:10], next run at: 2026-09-03 03:49:17 CEST)\" (scheduled at 2026-09-03 03:49:07.305960+02:00)"}
{"timestamp": "2026-09-03T03:49:07", "level": "INFO", "component": "apscheduler.executors.default", "message": "Job \"poll_once (trigger: interval[0:00:10], next run at: 2026-09-03 03:49:17 CEST)\" executed successfully"}
{"timestamp": "2026-09-03T03:49:12", "level": "INFO", "component": "apscheduler.executors.default", "message": "Running job \"_start_scheduler.<locals>.<lambda> (trigger: interval[0:00:45], next run at: 2026-09-03 03:49:57 CEST)\" (scheduled at 2026-09-03 03:49:12.306433+02:00)"}
{"timestamp": "2026-09-03T03:49:12", "level": "INFO", "component": "cv112_poller", "message": "Feed descargado: 21 incidentes activos", "correlation_id": "ac4578d4"}
{"timestamp": "2026-09-03T03:49:12", "level": "INFO", "component": "apscheduler.executors.default", "message": "Job \"_start_scheduler.<locals>.<lambda> (trigger: interval[0:00:45], next run at: 2026-09-03 03:49:57 CEST)\" executed successfully"}
{"timestamp": "2026-09-03T03:49:17", "level": "INFO", "component": "apscheduler.executors.default", "message": "Running job \"poll_once (trigger: interval[0:00:10], next run at: 2026-09-03 03:49:27 CEST)\" (scheduled at 2026-09-03 03:49:17.305960+02:00)"}
{"timestamp": "2026-09-03T03:49:17", "level": "INFO", "component": "apscheduler.executors.default", "message": "Job \"poll_once (trigger: interval[0:00:10], next run at: 2026-09-03 03:49:27 CEST)\" executed successfully"}
{"timestamp": "2026-09-03T03:49:27", "level": "INFO", "component": "apscheduler.executors.default", "message": "Running job \"poll_once (trigger: interval[0:00:10], next run at: 2026-09-03 03:49:37 CEST)\" (scheduled at 2026-09-03 03:49:27.305960+02:00)"}
{"timestamp": "2026-09-03T03:49:27", "level": "INFO", "component": "apscheduler.executors.default", "message": "Job \"poll_once (trigger: interval[0:00:10], next run at: 2026-09-03 03:49:37 CEST)\" executed successfully"}
{"timestamp": "2026-09-03T03:49:37", "level": "INFO", "component": "apscheduler.executors.default", "message": "Running job \"poll_once (trigger: interval[0:00:10], next run at: 2026-09-03 03:49:47 CEST)\" (scheduled at 2026-09-03 03:49:37.305960+02:00)"}
{"timestamp": "2026-09-03T03:49:37", "level": "INFO", "component": "apscheduler.executors.default", "message": "Job \"poll_once (trigger: interval[0:00:10], next run at: 2026-09-03 03:49:47 CEST)\" executed successfully"}
{"timestamp": "2026-09-03T03:49:47", "level": "INFO", "component": "apscheduler.executors.default", "message": "Running job \"poll_once (trigger: interval[0:00:10], next run at: 2026-09-03 03:49:57 CEST)\" (scheduled at 2026-09-03 03:49:47.305960+02:00)"}
{"timestamp": "2026-09-03T03:49:47", "level": "INFO", "component": "apscheduler.executors.default", "message": "Job \"poll_once (trigger: interval[0:00:10], next run at: 2026-09-03 03:49:57 CEST)\" executed successfully"}
{"timestamp": "2026-09-03T03:49:57", "level": "INFO", "component": "apscheduler.executors.default", "message": "Running job \"poll_once (trigger: interval[0:00:10], next run at: 2026-09-03 03:50:07 CEST)\" (scheduled at 2026-09-03 03:49:57.305960+02:00)"}
{"timestamp": "2026-09-03T03:49:57", "level": "INFO", "component": "apscheduler.executors.default", "message": "Running job \"_start_scheduler.<locals>.<lambda> (trigger: interval[0:00:45], next run at: 2026-09-03 03:50:42 CEST)\" (scheduled at 2026-09-03 03:49:57.306433+02:00)"}
{"timestamp": "2026-09-03T03:49:57", "level": "INFO", "component": "apscheduler.executors.default", "message": "Job \"poll_once (trigger: interval[0:00:10], next run at: 2026-09-03 03:50:07 CEST)\" executed successfully"}
{"timestamp": "2026-09-03T03:49:57", "level": "INFO", "component": "cv112_poller", "message": "Feed descargado: 21 incidentes activos", "correlation_id": "2b38d8f5"}
{"timestamp": "2026-09-03T03:49:57", "level": "INFO", "component": "apscheduler.executors.default", "message": "Job \"_start_scheduler.<locals>.<lambda> (trigger: interval[0:00:45], next run at: 2026-09-03 03:50:42 CEST)\" executed successfully"}
{"timestamp": "2026-09-03T03:50:07", "level": "INFO", "component": "apscheduler.executors.default", "message": "Running job \"poll_once (trigger: interval[0:00:10], next run at: 2026-09-03 03:50:17 CEST)\" (scheduled at 2026-09-03 03:50:07.305960+02:00)"}
{"timestamp": "2026-09-03T03:50:07", "level": "INFO", "component": "apscheduler.executors.default", "message": "Job \"poll_once (trigger: interval[0:00:10], next run at: 2026-09-03 03:50:17 CEST)\" executed successfully"}
{"timestamp": "2026-09-03T03:50:17", "level": "INFO", "component": "apscheduler.executors.default", "message": "Running job \"poll_once (trigger: interval[0:00:10], next run at: 2026-09-03 03:50:27 CEST)\" (scheduled at 2026-09-03 03:50:17.305960+02:00)"}
{"timestamp": "2026-09-03T03:50:17", "level": "INFO", "component": "apscheduler.executors.default", "message": "Job \"poll_once (trigger: interval[0:00:10], next run at: 2026-09-03 03:50:27 CEST)\" executed successfully"}
{"timestamp": "2026-09-03T03:50:27", "level": "INFO", "component": "apscheduler.executors.default", "message": "Running job \"poll_once (trigger: interval[0:00:10], next run at: 2026-09-03 03:50:37 CEST)\" (scheduled at 2026-09-03 03:50:27.305960+02:00)"}
{"timestamp": "2026-09-03T03:50:27", "level": "INFO", "component": "apscheduler.executors.default", "message": "Job \"poll_once (trigger: interval[0:00:10], next run at: 2026-09-03 03:50:37 CEST)\" executed successfully"}
{"timestamp": "2026-09-03T03:50:37", "level": "INFO", "component": "apscheduler.executors.default", "message": "Running job \"poll_once (trigger: interval[0:00:10], next run at: 2026-09-03 03:50:47 CEST)\" (scheduled at 2026-09-03 03:50:37.305960+02:00)"}
{"timestamp": "2026-09-03T03:50:37", "level": "INFO", "component": "apscheduler.executors.default", "message": "Job \"poll_once (trigger: interval[0:00:10], next run at: 2026-09-03 03:50:47 CEST)\" executed successfully"}
{"timestamp": "2026-09-03T03:50:42", "level": "INFO", "component": "apscheduler.executors.default", "message": "Running job \"_start_scheduler.<locals>.<lambda> (trigger: interval[0:00:45], next run at: 2026-09-03 03:51:27 CEST)\" (scheduled at 2026-09-03 03:50:42.306433+02:00)"}
{"timestamp": "2026-09-03T03:50:42", "level": "INFO", "component": "cv112_poller", "message": "Feed descargado: 21 incidentes activos", "correlation_id": "db4be0b0"}
{"timestamp": "2026-09-03T03:50:42", "level": "INFO", "component": "apscheduler.executors.default", "message": "Job \"_start_scheduler.<locals>.<lambda> (trigger: interval[0:00:45], next run at: 2026-09-03 03:51:27 CEST)\" executed successfully"}
{"timestamp": "2026-09-03T03:50:47", "level": "INFO", "component": "apscheduler.executors.default", "message": "Running job \"poll_once (trigger: interval[0:00:10], next run at: 2026-09-03 03:50:57 CEST)\" (scheduled at 2026-09-03 03:50:47.305960+02:00)"}
{"timestamp": "2026-09-03T03:50:47", "level": "INFO", "component": "apscheduler.executors.default", "message": "Job \"poll_once (trigger: interval[0:00:10], next run at: 2026-09-03 03:50:57 CEST)\" executed successfully"}
{"timestamp": "2026-09-03T03:50:57", "level": "INFO", "component": "apscheduler.executors.default", "message": "Running job \"poll_once (trigger: interval[0:00:10], next run at: 2026-09-03 03:51:07 CEST)\" (scheduled at 2026-09-03 03:50:57.305960+02:00)"}
{"timestamp": "2026-09-03T03:50:57", "level": "INFO", "component": "apscheduler.executors.default", "message": "Job \"poll_once (trigger: interval[0:00:10], next run at: 2026-09-03 03:51:07 CEST)\" executed successfully"}
{"timestamp": "2026-09-03T03:51:07", "level": "INFO", "component": "apscheduler.executors.default", "message": "Running job \"poll_once (trigger: interval[0:00:10], next run at: 2026-09-03 03:51:17 CEST)\" (scheduled at 2026-09-03 03:51:07.305960+02:00)"}
{"timestamp": "2026-09-03T03:51:07", "level": "INFO", "component": "apscheduler.executors.default", "message": "Job \"poll_once (trigger: interval[0:00:10], next run at: 2026-09-03 03:51:17 CEST)\" executed successfully"}
{"timestamp": "2026-09-03T03:51:17", "level": "INFO", "component": "apscheduler.executors.default", "message": "Running job \"poll_once (trigger: interval[0:00:10], next run at: 2026-09-03 03:51:27 CEST)\" (scheduled at 2026-09-03 03:51:17.305960+02:00)"}
{"timestamp": "2026-09-03T03:51:17", "level": "INFO", "component": "apscheduler.executors.default", "message": "Job \"poll_once (trigger: interval[0:00:10], next run at: 2026-09-03 03:51:27 CEST)\" executed successfully"}
{"timestamp": "2026-09-03T03:51:27", "level": "INFO", "component": "apscheduler.executors.default", "message": "Running job \"poll_once (trigger: interval[0:00:10], next run at: 2026-09-03 03:51:37 CEST)\" (scheduled at 2026-09-03 03:51:27.305960+02:00)"}
{"timestamp": "2026-09-03T03:51:27", "level": "INFO", "component": "apscheduler.executors.default", "message": "Running job \"_start_scheduler.<locals>.<lambda> (trigger: interval[0:00:45], next run at: 2026-09-03 03:52:12 CEST)\" (scheduled at 2026-09-03 03:51:27.306433+02:00)"}
{"timestamp": "2026-09-03T03:51:27", "level": "INFO", "component": "apscheduler.executors.default", "message": "Job \"poll_once (trigger: interval[0:00:10], next run at: 2026-09-03 03:51:37 CEST)\" executed successfully"}
{"timestamp": "2026-09-03T03:51:27", "level": "INFO", "component": "cv112_poller", "message": "Feed descargado: 21 incidentes activos", "correlation_id": "28edaee9"}
{"timestamp": "2026-09-03T03:51:27", "level": "INFO", "component": "apscheduler.executors.default", "message": "Job \"_start_scheduler.<locals>.<lambda> (trigger: interval[0:00:45], next run at: 2026-09-03 03:52:12 CEST)\" executed successfully"}
{"timestamp": "2026-09-03T03:51:37", "level": "INFO", "component": "apscheduler.executors.default", "message": "Running job \"poll_once (trigger: interval[0:00:10], next run at: 2026-09-03 03:51:47 CEST)\" (scheduled at 2026-09-03 03:51:37.305960+02:00)"}
{"timestamp": "2026-09-03T03:51:37", "level": "INFO", "component": "apscheduler.executors.default", "message": "Job \"poll_once (trigger: interval[0:00:10], next run at: 2026-09-03 03:51:47 CEST)\" executed successfully"}
{"timestamp": "2026-09-03T03:51:47", "level": "INFO", "component": "apscheduler.executors.default", "message": "Running job \"poll_once (trigger: interval[0:00:10], next run at: 2026-09-03 03:51:57 CEST)\" (scheduled at 2026-09-03 03:51:47.305960+02:00)"}
{"timestamp": "2026-09-03T03:51:47", "level": "INFO", "component": "apscheduler.executors.default", "message": "Job \"poll_once (trigger: interval[0:00:10], next run at: 2026-09-03 03:51:57 CEST)\" executed successfully"}
{"timestamp": "2026-09-03T03:51:57", "level": "INFO", "component": "apscheduler.executors.default", "message": "Running job \"poll_once (trigger: interval[0:00:10], next run at: 2026-09-03 03:52:07 CEST)\" (scheduled at 2026-09-03 03:51:57.305960+02:00)"}
{"timestamp": "2026-09-03T03:51:57", "level": "INFO", "component": "apscheduler.executors.default", "message": "Job \"poll_once (trigger: interval[0:00:10], next run at: 2026-09-03 03:52:07 CEST)\" executed successfully"}
{"timestamp": "2026-09-03T03:52:07", "level": "INFO", "component": "apscheduler.executors.default", "message": "Running job \"poll_once (trigger: interval[0:00:10], next run at: 2026-09-03 03:52:17 CEST)\" (scheduled at 2026-09-03 03:52:07.305960+02:00)"}
{"timestamp": "2026-09-03T03:52:07", "level": "INFO", "component": "apscheduler.executors.default", "message": "Job \"poll_once (trigger: interval[0:00:10], next run at: 2026-09-03 03:52:17 CEST)\" executed successfully"}
{"timestamp": "2026-09-03T03:52:12", "level": "INFO", "component": "apscheduler.executors.default", "message": "Running job \"_start_scheduler.<locals>.<lambda> (trigger: interval[0:00:45], next run at: 2026-09-03 03:52:57 CEST)\" (scheduled at 2026-09-03 03:52:12.306433+02:00)"}
{"timestamp": "2026-09-03T03:52:12", "level": "INFO", "component": "cv112_poller", "message": "Feed descargado: 21 incidentes activos", "correlation_id": "eabb4788"}
{"timestamp": "2026-09-03T03:52:12", "level": "INFO", "component": "apscheduler.executors.default", "message": "Job \"_start_scheduler.<locals>.<lambda> (trigger: interval[0:00:45], next run at: 2026-09-03 03:52:57 CEST)\" executed successfully"}
{"timestamp": "2026-09-03T03:52:17", "level": "INFO", "component": "apscheduler.executors.default", "message": "Running job \"poll_once (trigger: interval[0:00:10], next run at: 2026-09-03 03:52:27 CEST)\" (scheduled at 2026-09-03 03:52:17.305960+02:00)"}
{"timestamp": "2026-09-03T03:52:17", "level": "INFO", "component": "apscheduler.executors.default", "message": "Job \"poll_once (trigger: interval[0:00:10], next run at: 2026-09-03 03:52:27 CEST)\" executed successfully"}
{"timestamp": "2026-09-03T03:52:27", "level": "INFO", "component": "apscheduler.executors.default", "message": "Running job \"poll_once (trigger: interval[0:00:10], next run at: 2026-09-03 03:52:37 CEST)\" (scheduled at 2026-09-03 03:52:27.305960+02:00)"}
{"timestamp": "2026-09-03T03:52:27", "level": "INFO", "component": "apscheduler.executors.default", "message": "Job \"poll_once (trigger: interval[0:00:10], next run at: 2026-09-03 03:52:37 CEST)\" executed successfully"}
{"timestamp": "2026-09-03T03:52:37", "level": "INFO", "component": "apscheduler.executors.default", "message": "Running job \"poll_once (trigger: interval[0:00:10], next run at: 2026-09-03 03:52:47 CEST)\" (scheduled at 2026-09-03 03:52:37.305960+02:00)"}
{"timestamp": "2026-09-03T03:52:37", "level": "INFO", "component": "apscheduler.executors.default", "message": "Job \"poll_once (trigger: interval[0:00:10], next run at: 2026-09-03 03:52:47 CEST)\" executed successfully"}
{"timestamp": "2026-09-03T03:52:47", "level": "INFO", "component": "apscheduler.executors.default", "message": "Running job \"poll_once (trigger: interval[0:00:10], next run at: 2026-09-03 03:52:57 CEST)\" (scheduled at 2026-09-03 03:52:47.305960+02:00)"}
{"timestamp": "2026-09-03T03:52:47", "level": "INFO", "component": "apscheduler.executors.default", "message": "Job \"poll_once (trigger: interval[0:00:10], next run at: 2026-09-03 03:52:57 CEST)\" executed successfully"}
{"timestamp": "2026-09-03T03:52:57", "level": "INFO", "component": "apscheduler.executors.default", "message": "Running job \"poll_once (trigger: interval[0:00:10], next run at: 2026-09-03 03:53:07 CEST)\" (scheduled at 2026-09-03 03:52:57.305960+02:00)"}
{"timestamp": "2026-09-03T03:52:57", "level": "INFO", "component": "apscheduler.executors.default", "message": "Running job \"_start_scheduler.<locals>.<lambda> (trigger: interval[0:00:45], next run at: 2026-09-03 03:53:42 CEST)\" (scheduled at 2026-09-03 03:52:57.306433+02:00)"}
{"timestamp": "2026-09-03T03:52:57", "level": "INFO", "component": "apscheduler.executors.default", "message": "Job \"poll_once (trigger: interval[0:00:10], next run at: 2026-09-03 03:53:07 CEST)\" executed successfully"}
{"timestamp": "2026-09-03T03:52:57", "level": "INFO", "component": "cv112_poller", "message": "Feed descargado: 21 incidentes activos", "correlation_id": "6a7500c3"}
{"timestamp": "2026-09-03T03:52:57", "level": "INFO", "component": "apscheduler.executors.default", "message": "Job \"_start_scheduler.<locals>.<lambda> (trigger: interval[0:00:45], next run at: 2026-09-03 03:53:42 CEST)\" executed successfully"}
{"timestamp": "2026-09-03T03:53:07", "level": "INFO", "component": "apscheduler.executors.default", "message": "Running job \"poll_once (trigger: interval[0:00:10], next run at: 2026-09-03 03:53:17 CEST)\" (scheduled at 2026-09-03 03:53:07.305960+02:00)"}
{"timestamp": "2026-09-03T03:53:07", "level": "INFO", "component": "apscheduler.executors.default", "message": "Job \"poll_once (trigger: interval[0:00:10], next run at: 2026-09-03 03:53:17 CEST)\" executed successfully"}
{"timestamp": "2026-09-03T03:53:17", "level": "INFO", "component": "apscheduler.executors.default", "message": "Running job \"poll_once (trigger: interval[0:00:10], next run at: 2026-09-03 03:53:27 CEST)\" (scheduled at 2026-09-03 03:53:17.305960+02:00)"}
{"timestamp": "2026-09-03T03:53:17", "level": "INFO", "component": "apscheduler.executors.default", "message": "Job \"poll_once (trigger: interval[0:00:10], next run at: 2026-09-03 03:53:27 CEST)\" executed successfully"}
{"timestamp": "2026-09-03T03:53:27", "level": "INFO", "component": "apscheduler.executors.default", "message": "Running job \"poll_once (trigger: interval[0:00:10], next run at: 2026-09-03 03:53:37 CEST)\" (scheduled at 2026-09-03 03:53:27.305960+02:00)"}
{"timestamp": "2026-09-03T03:53:27", "level": "INFO", "component": "apscheduler.executors.default", "message": "Job \"poll_once (trigger: interval[0:00:10], next run at: 2026-09-03 03:53:37 CEST)\" executed successfully"}
{"timestamp": "2026-09-03T03:53:37", "level": "INFO", "component": "apscheduler.executors.default", "message": "Running job \"poll_once (trigger: interval[0:00:10], next run at: 2026-09-03 03:53:47 CEST)\" (scheduled at 2026-09-03 03:53:37.305960+02:00)"}
{"timestamp": "2026-09-03T03:53:37", "level": "INFO", "component": "apscheduler.executors.default", "message": "Job \"poll_once (trigger: interval[0:00:10], next run at: 2026-09-03 03:53:47 CEST)\" executed successfully"}
{"timestamp": "2026-09-03T03:53:42", "level": "INFO", "component": "apscheduler.executors.default", "message": "Running job \"_start_scheduler.<locals>.<lambda> (trigger: interval[0:00:45], next run at: 2026-09-03 03:54:27 CEST)\" (scheduled at 2026-09-03 03:53:42.306433+02:00)"}
{"timestamp": "2026-09-03T03:53:42", "level": "INFO", "component": "cv112_poller", "message": "Feed descargado: 21 incidentes activos", "correlation_id": "f279097f"}
{"timestamp": "2026-09-03T03:53:42", "level": "INFO", "component": "apscheduler.executors.default", "message": "Job \"_start_scheduler.<locals>.<lambda> (trigger: interval[0:00:45], next run at: 2026-09-03 03:54:27 CEST)\" executed successfully"}
{"timestamp": "2026-09-03T03:53:47", "level": "INFO", "component": "apscheduler.executors.default", "message": "Running job \"poll_once (trigger: interval[0:00:10], next run at: 2026-09-03 03:53:57 CEST)\" (scheduled at 2026-09-03 03:53:47.305960+02:00)"}
{"timestamp": "2026-09-03T03:53:47", "level": "INFO", "component": "apscheduler.executors.default", "message": "Job \"poll_once (trigger: interval[0:00:10], next run at: 2026-09-03 03:53:57 CEST)\" executed successfully"}
{"timestamp": "2026-09-03T03:53:57", "level": "INFO", "component": "apscheduler.executors.default", "message": "Running job \"poll_once (trigger: interval[0:00:10], next run at: 2026-09-03 03:54:07 CEST)\" (scheduled at 2026-09-03 03:53:57.305960+02:00)"}
{"timestamp": "2026-09-03T03:53:57", "level": "INFO", "component": "apscheduler.executors.default", "message": "Job \"poll_once (trigger: interval[0:00:10], next run at: 2026-09-03 03:54:07 CEST)\" executed successfully"}
{"timestamp": "2026-09-03T03:54:07", "level": "INFO", "component": "apscheduler.executors.default", "message": "Running job \"poll_once (trigger: interval[0:00:10], next run at: 2026-09-03 03:54:17 CEST)\" (scheduled at 2026-09-03 03:54:07.305960+02:00)"}
{"timestamp": "2026-09-03T03:54:07", "level": "INFO", "component": "apscheduler.executors.default", "message": "Job \"poll_once (trigger: interval[0:00:10], next run at: 2026-09-03 03:54:17 CEST)\" executed successfully"}
{"timestamp": "2026-09-03T03:54:17", "level": "INFO", "component": "apscheduler.executors.default", "message": "Running job \"poll_once (trigger: interval[0:00:10], next run at: 2026-09-03 03:54:27 CEST)\" (scheduled at 2026-09-03 03:54:17.305960+02:00)"}
{"timestamp": "2026-09-03T03:54:17", "level": "INFO", "component": "apscheduler.executors.default", "message": "Job \"poll_once (trigger: interval[0:00:10], next run at: 2026-09-03 03:54:27 CEST)\" executed successfully"}
{"timestamp": "2026-09-03T03:54:27", "level": "INFO", "component": "apscheduler.executors.default", "message": "Running job \"poll_once (trigger: interval[0:00:10], next run at: 2026-09-03 03:54:37 CEST)\" (scheduled at 2026-09-03 03:54:27.305960+02:00)"}
{"timestamp": "2026-09-03T03:54:27", "level": "INFO", "component": "apscheduler.executors.default", "message": "Running job \"_start_scheduler.<locals>.<lambda> (trigger: interval[0:00:45], next run at: 2026-09-03 03:55:12 CEST)\" (scheduled at 2026-09-03 03:54:27.306433+02:00)"}
{"timestamp": "2026-09-03T03:54:27", "level": "INFO", "component": "apscheduler.executors.default", "message": "Job \"poll_once (trigger: interval[0:00:10], next run at: 2026-09-03 03:54:37 CEST)\" executed successfully"}
{"timestamp": "2026-09-03T03:54:27", "level": "INFO", "component": "cv112_poller", "message": "Feed descargado: 17 incidentes activos", "correlation_id": "8ae324b5"}
{"timestamp": "2026-09-03T03:54:27", "level": "INFO", "component": "apscheduler.executors.default", "message": "Job \"_start_scheduler.<locals>.<lambda> (trigger: interval[0:00:45], next run at: 2026-09-03 03:55:12 CEST)\" executed successfully"}
{"timestamp": "2026-09-03T04:00:45", "level": "WARNING", "component": "apscheduler.executors.default", "message": "Run time of job \"poll_once (trigger: interval[0:00:10], next run at: 2026-09-03 04:00:47 CEST)\" was missed by 0:00:08.364397"}
{"timestamp": "2026-09-03T04:00:45", "level": "WARNING", "component": "apscheduler.executors.default", "message": "Run time of job \"_start_scheduler.<locals>.<lambda> (trigger: interval[0:00:45], next run at: 2026-09-03 04:01:12 CEST)\" was missed by 0:00:18.364344"}
{"timestamp": "2026-09-03T04:00:47", "level": "INFO", "component": "apscheduler.executors.default", "message": "Running job \"poll_once (trigger: interval[0:00:10], next run at: 2026-09-03 04:00:57 CEST)\" (scheduled at 2026-09-03 04:00:47.305960+02:00)"}
{"timestamp": "2026-09-03T04:00:47", "level": "INFO", "component": "apscheduler.executors.default", "message": "Job \"poll_once (trigger: interval[0:00:10], next run at: 2026-09-03 04:00:57 CEST)\" executed successfully"}
{"timestamp": "2026-09-03T04:00:57", "level": "INFO", "component": "apscheduler.executors.default", "message": "Running job \"poll_once (trigger: interval[0:00:10], next run at: 2026-09-03 04:01:07 CEST)\" (scheduled at 2026-09-03 04:00:57.305960+02:00)"}
{"timestamp": "2026-09-03T04:00:57", "level": "INFO", "component": "apscheduler.executors.default", "message": "Job \"poll_once (trigger: interval[0:00:10], next run at: 2026-09-03 04:01:07 CEST)\" executed successfully"}
{"timestamp": "2026-09-03T04:16:34", "level": "WARNING", "component": "apscheduler.executors.default", "message": "Run time of job \"poll_once (trigger: interval[0:00:10], next run at: 2026-09-03 04:16:37 CEST)\" was missed by 0:00:06.846443"}
{"timestamp": "2026-09-03T04:16:34", "level": "WARNING", "component": "apscheduler.executors.default", "message": "Run time of job \"_start_scheduler.<locals>.<lambda> (trigger: interval[0:00:45], next run at: 2026-09-03 04:16:57 CEST)\" was missed by 0:00:21.846469"}
{"timestamp": "2026-09-03T04:16:37", "level": "INFO", "component": "apscheduler.executors.default", "message": "Running job \"poll_once (trigger: interval[0:00:10], next run at: 2026-09-03 04:16:47 CEST)\" (scheduled at 2026-09-03 04:16:37.305960+02:00)"}
{"timestamp": "2026-09-03T04:16:37", "level": "INFO", "component": "apscheduler.executors.default", "message": "Job \"poll_once (trigger: interval[0:00:10], next run at: 2026-09-03 04:16:47 CEST)\" executed successfully"}
{"timestamp": "2026-09-03T04:16:47", "level": "INFO", "component": "apscheduler.executors.default", "message": "Running job \"poll_once (trigger: interval[0:00:10], next run at: 2026-09-03 04:16:57 CEST)\" (scheduled at 2026-09-03 04:16:47.305960+02:00)"}
{"timestamp": "2026-09-03T04:16:47", "level": "INFO", "component": "apscheduler.executors.default", "message": "Job \"poll_once (trigger: interval[0:00:10], next run at: 2026-09-03 04:16:57 CEST)\" executed successfully"}
{"timestamp": "2026-09-03T04:16:57", "level": "INFO", "component": "apscheduler.executors.default", "message": "Running job \"poll_once (trigger: interval[0:00:10], next run at: 2026-09-03 04:17:07 CEST)\" (scheduled at 2026-09-03 04:16:57.305960+02:00)"}
{"timestamp": "2026-09-03T04:16:57", "level": "INFO", "component": "apscheduler.executors.default", "message": "Running job \"_start_scheduler.<locals>.<lambda> (trigger: interval[0:00:45], next run at: 2026-09-03 04:17:42 CEST)\" (scheduled at 2026-09-03 04:16:57.306433+02:00)"}
{"timestamp": "2026-09-03T04:16:57", "level": "INFO", "component": "apscheduler.executors.default", "message": "Job \"poll_once (trigger: interval[0:00:10], next run at: 2026-09-03 04:17:07 CEST)\" executed successfully"}
{"timestamp": "2026-09-03T04:16:57", "level": "INFO", "component": "cv112_poller", "message": "Feed descargado: 17 incidentes activos", "correlation_id": "1eea8294"}
{"timestamp": "2026-09-03T04:16:57", "level": "INFO", "component": "cv112_poller", "message": "Taxonomía: nuevo municipio detectado en el feed: 'El Fondó de les Neus/Hondón de las Nieves'", "correlation_id": "1eea8294"}
{"timestamp": "2026-09-03T04:16:57", "level": "INFO", "component": "cv112_poller", "message": "Incidente 40512072 visto pero alertas automáticas pausadas (killswitch)", "correlation_id": "1eea8294"}
{"timestamp": "2026-09-03T04:16:57", "level": "INFO", "component": "cv112_poller", "message": "Taxonomía: nuevo municipio detectado en el feed: 'Alcoi/Alcoy'", "correlation_id": "1eea8294"}
{"timestamp": "2026-09-03T04:16:57", "level": "INFO", "component": "cv112_poller", "message": "Incidente 40512076 visto pero alertas automáticas pausadas (killswitch)", "correlation_id": "1eea8294"}
{"timestamp": "2026-09-03T04:16:57", "level": "INFO", "component": "apscheduler.executors.default", "message": "Job \"_start_scheduler.<locals>.<lambda> (trigger: interval[0:00:45], next run at: 2026-09-03 04:17:42 CEST)\" executed successfully"}
{"timestamp": "2026-09-03T04:17:07", "level": "INFO", "component": "apscheduler.executors.default", "message": "Running job \"poll_once (trigger: interval[0:00:10], next run at: 2026-09-03 04:17:17 CEST)\" (scheduled at 2026-09-03 04:17:07.305960+02:00)"}
{"timestamp": "2026-09-03T04:17:07", "level": "INFO", "component": "apscheduler.executors.default", "message": "Job \"poll_once (trigger: interval[0:00:10], next run at: 2026-09-03 04:17:17 CEST)\" executed successfully"}
{"timestamp": "2026-09-03T04:17:17", "level": "INFO", "component": "apscheduler.executors.default", "message": "Running job \"poll_once (trigger: interval[0:00:10], next run at: 2026-09-03 04:17:27 CEST)\" (scheduled at 2026-09-03 04:17:17.305960+02:00)"}
{"timestamp": "2026-09-03T04:17:17", "level": "INFO", "component": "apscheduler.executors.default", "message": "Job \"poll_once (trigger: interval[0:00:10], next run at: 2026-09-03 04:17:27 CEST)\" executed successfully"}
{"timestamp": "2026-09-03T04:17:27", "level": "INFO", "component": "apscheduler.executors.default", "message": "Running job \"poll_once (trigger: interval[0:00:10], next run at: 2026-09-03 04:17:37 CEST)\" (scheduled at 2026-09-03 04:17:27.305960+02:00)"}
{"timestamp": "2026-09-03T04:17:27", "level": "INFO", "component": "apscheduler.executors.default", "message": "Job \"poll_once (trigger: interval[0:00:10], next run at: 2026-09-03 04:17:37 CEST)\" executed successfully"}
{"timestamp": "2026-09-03T04:17:37", "level": "INFO", "component": "apscheduler.executors.default", "message": "Running job \"poll_once (trigger: interval[0:00:10], next run at: 2026-09-03 04:17:47 CEST)\" (scheduled at 2026-09-03 04:17:37.305960+02:00)"}
{"timestamp": "2026-09-03T04:17:37", "level": "INFO", "component": "apscheduler.executors.default", "message": "Job \"poll_once (trigger: interval[0:00:10], next run at: 2026-09-03 04:17:47 CEST)\" executed successfully"}
{"timestamp": "2026-09-03T04:17:42", "level": "INFO", "component": "apscheduler.executors.default", "message": "Running job \"_start_scheduler.<locals>.<lambda> (trigger: interval[0:00:45], next run at: 2026-09-03 04:18:27 CEST)\" (scheduled at 2026-09-03 04:17:42.306433+02:00)"}
{"timestamp": "2026-09-03T04:17:42", "level": "INFO", "component": "cv112_poller", "message": "Feed descargado: 17 incidentes activos", "correlation_id": "6f70507f"}
{"timestamp": "2026-09-03T04:17:42", "level": "INFO", "component": "apscheduler.executors.default", "message": "Job \"_start_scheduler.<locals>.<lambda> (trigger: interval[0:00:45], next run at: 2026-09-03 04:18:27 CEST)\" executed successfully"}
{"timestamp": "2026-09-03T04:17:47", "level": "INFO", "component": "apscheduler.executors.default", "message": "Running job \"poll_once (trigger: interval[0:00:10], next run at: 2026-09-03 04:17:57 CEST)\" (scheduled at 2026-09-03 04:17:47.305960+02:00)"}
{"timestamp": "2026-09-03T04:17:47", "level": "INFO", "component": "apscheduler.executors.default", "message": "Job \"poll_once (trigger: interval[0:00:10], next run at: 2026-09-03 04:17:57 CEST)\" executed successfully"}
{"timestamp": "2026-09-03T04:17:57", "level": "INFO", "component": "apscheduler.executors.default", "message": "Running job \"poll_once (trigger: interval[0:00:10], next run at: 2026-09-03 04:18:07 CEST)\" (scheduled at 2026-09-03 04:17:57.305960+02:00)"}
{"timestamp": "2026-09-03T04:17:57", "level": "INFO", "component": "apscheduler.executors.default", "message": "Job \"poll_once (trigger: interval[0:00:10], next run at: 2026-09-03 04:18:07 CEST)\" executed successfully"}
{"timestamp": "2026-09-03T04:18:07", "level": "INFO", "component": "apscheduler.executors.default", "message": "Running job \"poll_once (trigger: interval[0:00:10], next run at: 2026-09-03 04:18:17 CEST)\" (scheduled at 2026-09-03 04:18:07.305960+02:00)"}
{"timestamp": "2026-09-03T04:18:07", "level": "INFO", "component": "apscheduler.executors.default", "message": "Job \"poll_once (trigger: interval[0:00:10], next run at: 2026-09-03 04:18:17 CEST)\" executed successfully"}
{"timestamp": "2026-09-03T04:18:17", "level": "INFO", "component": "apscheduler.executors.default", "message": "Running job \"poll_once (trigger: interval[0:00:10], next run at: 2026-09-03 04:18:27 CEST)\" (scheduled at 2026-09-03 04:18:17.305960+02:00)"}
{"timestamp": "2026-09-03T04:18:17", "level": "INFO", "component": "apscheduler.executors.default", "message": "Job \"poll_once (trigger: interval[0:00:10], next run at: 2026-09-03 04:18:27 CEST)\" executed successfully"}
{"timestamp": "2026-09-03T04:18:27", "level": "INFO", "component": "apscheduler.executors.default", "message": "Running job \"poll_once (trigger: interval[0:00:10], next run at: 2026-09-03 04:18:37 CEST)\" (scheduled at 2026-09-03 04:18:27.305960+02:00)"}
{"timestamp": "2026-09-03T04:18:27", "level": "INFO", "component": "apscheduler.executors.default", "message": "Running job \"_start_scheduler.<locals>.<lambda> (trigger: interval[0:00:45], next run at: 2026-09-03 04:19:12 CEST)\" (scheduled at 2026-09-03 04:18:27.306433+02:00)"}
{"timestamp": "2026-09-03T04:18:27", "level": "INFO", "component": "apscheduler.executors.default", "message": "Job \"poll_once (trigger: interval[0:00:10], next run at: 2026-09-03 04:18:37 CEST)\" executed successfully"}
{"timestamp": "2026-09-03T04:18:27", "level": "INFO", "component": "cv112_poller", "message": "Feed descargado: 17 incidentes activos", "correlation_id": "73806d19"}
{"timestamp": "2026-09-03T04:18:27", "level": "INFO", "component": "apscheduler.executors.default", "message": "Job \"_start_scheduler.<locals>.<lambda> (trigger: interval[0:00:45], next run at: 2026-09-03 04:19:12 CEST)\" executed successfully"}
{"timestamp": "2026-09-03T04:18:37", "level": "INFO", "component": "apscheduler.executors.default", "message": "Running job \"poll_once (trigger: interval[0:00:10], next run at: 2026-09-03 04:18:47 CEST)\" (scheduled at 2026-09-03 04:18:37.305960+02:00)"}
{"timestamp": "2026-09-03T04:18:37", "level": "INFO", "component": "apscheduler.executors.default", "message": "Job \"poll_once (trigger: interval[0:00:10], next run at: 2026-09-03 04:18:47 CEST)\" executed successfully"}
{"timestamp": "2026-09-03T04:18:47", "level": "INFO", "component": "apscheduler.executors.default", "message": "Running job \"poll_once (trigger: interval[0:00:10], next run at: 2026-09-03 04:18:57 CEST)\" (scheduled at 2026-09-03 04:18:47.305960+02:00)"}
{"timestamp": "2026-09-03T04:18:47", "level": "INFO", "component": "apscheduler.executors.default", "message": "Job \"poll_once (trigger: interval[0:00:10], next run at: 2026-09-03 04:18:57 CEST)\" executed successfully"}
{"timestamp": "2026-09-03T04:18:57", "level": "INFO", "component": "apscheduler.executors.default", "message": "Running job \"poll_once (trigger: interval[0:00:10], next run at: 2026-09-03 04:19:07 CEST)\" (scheduled at 2026-09-03 04:18:57.305960+02:00)"}
{"timestamp": "2026-09-03T04:18:57", "level": "INFO", "component": "apscheduler.executors.default", "message": "Job \"poll_once (trigger: interval[0:00:10], next run at: 2026-09-03 04:19:07 CEST)\" executed successfully"}
{"timestamp": "2026-09-03T04:19:07", "level": "INFO", "component": "apscheduler.executors.default", "message": "Running job \"poll_once (trigger: interval[0:00:10], next run at: 2026-09-03 04:19:17 CEST)\" (scheduled at 2026-09-03 04:19:07.305960+02:00)"}
{"timestamp": "2026-09-03T04:19:07", "level": "INFO", "component": "apscheduler.executors.default", "message": "Job \"poll_once (trigger: interval[0:00:10], next run at: 2026-09-03 04:19:17 CEST)\" executed successfully"}
{"timestamp": "2026-09-03T04:19:12", "level": "INFO", "component": "apscheduler.executors.default", "message": "Running job \"_start_scheduler.<locals>.<lambda> (trigger: interval[0:00:45], next run at: 2026-09-03 04:19:57 CEST)\" (scheduled at 2026-09-03 04:19:12.306433+02:00)"}
{"timestamp": "2026-09-03T04:19:12", "level": "INFO", "component": "cv112_poller", "message": "Feed descargado: 17 incidentes activos", "correlation_id": "8c8fc5de"}
{"timestamp": "2026-09-03T04:19:12", "level": "INFO", "component": "apscheduler.executors.default", "message": "Job \"_start_scheduler.<locals>.<lambda> (trigger: interval[0:00:45], next run at: 2026-09-03 04:19:57 CEST)\" executed successfully"}
{"timestamp": "2026-09-03T04:19:17", "level": "INFO", "component": "apscheduler.executors.default", "message": "Running job \"poll_once (trigger: interval[0:00:10], next run at: 2026-09-03 04:19:27 CEST)\" (scheduled at 2026-09-03 04:19:17.305960+02:00)"}
{"timestamp": "2026-09-03T04:19:17", "level": "INFO", "component": "apscheduler.executors.default", "message": "Job \"poll_once (trigger: interval[0:00:10], next run at: 2026-09-03 04:19:27 CEST)\" executed successfully"}
{"timestamp": "2026-09-03T04:19:27", "level": "INFO", "component": "apscheduler.executors.default", "message": "Running job \"poll_once (trigger: interval[0:00:10], next run at: 2026-09-03 04:19:37 CEST)\" (scheduled at 2026-09-03 04:19:27.305960+02:00)"}
{"timestamp": "2026-09-03T04:19:27", "level": "INFO", "component": "apscheduler.executors.default", "message": "Job \"poll_once (trigger: interval[0:00:10], next run at: 2026-09-03 04:19:37 CEST)\" executed successfully"}
{"timestamp": "2026-09-03T04:19:37", "level": "INFO", "component": "apscheduler.executors.default", "message": "Running job \"poll_once (trigger: interval[0:00:10], next run at: 2026-09-03 04:19:47 CEST)\" (scheduled at 2026-09-03 04:19:37.305960+02:00)"}
{"timestamp": "2026-09-03T04:19:37", "level": "INFO", "component": "apscheduler.executors.default", "message": "Job \"poll_once (trigger: interval[0:00:10], next run at: 2026-09-03 04:19:47 CEST)\" executed successfully"}
{"timestamp": "2026-09-03T04:19:47", "level": "INFO", "component": "apscheduler.executors.default", "message": "Running job \"poll_once (trigger: interval[0:00:10], next run at: 2026-09-03 04:19:57 CEST)\" (scheduled at 2026-09-03 04:19:47.305960+02:00)"}
{"timestamp": "2026-09-03T04:19:47", "level": "INFO", "component": "apscheduler.executors.default", "message": "Job \"poll_once (trigger: interval[0:00:10], next run at: 2026-09-03 04:19:57 CEST)\" executed successfully"}
{"timestamp": "2026-09-03T04:19:57", "level": "INFO", "component": "apscheduler.executors.default", "message": "Running job \"poll_once (trigger: interval[0:00:10], next run at: 2026-09-03 04:20:07 CEST)\" (scheduled at 2026-09-03 04:19:57.305960+02:00)"}
{"timestamp": "2026-09-03T04:19:57", "level": "INFO", "component": "apscheduler.executors.default", "message": "Running job \"_start_scheduler.<locals>.<lambda> (trigger: interval[0:00:45], next run at: 2026-09-03 04:20:42 CEST)\" (scheduled at 2026-09-03 04:19:57.306433+02:00)"}
{"timestamp": "2026-09-03T04:19:57", "level": "INFO", "component": "apscheduler.executors.default", "message": "Job \"poll_once (trigger: interval[0:00:10], next run at: 2026-09-03 04:20:07 CEST)\" executed successfully"}
{"timestamp": "2026-09-03T04:19:57", "level": "INFO", "component": "cv112_poller", "message": "Feed descargado: 17 incidentes activos", "correlation_id": "205802c5"}
{"timestamp": "2026-09-03T04:19:57", "level": "INFO", "component": "apscheduler.executors.default", "message": "Job \"_start_scheduler.<locals>.<lambda> (trigger: interval[0:00:45], next run at: 2026-09-03 04:20:42 CEST)\" executed successfully"}
{"timestamp": "2026-09-03T04:20:07", "level": "INFO", "component": "apscheduler.executors.default", "message": "Running job \"poll_once (trigger: interval[0:00:10], next run at: 2026-09-03 04:20:17 CEST)\" (scheduled at 2026-09-03 04:20:07.305960+02:00)"}
{"timestamp": "2026-09-03T04:20:07", "level": "INFO", "component": "apscheduler.executors.default", "message": "Job \"poll_once (trigger: interval[0:00:10], next run at: 2026-09-03 04:20:17 CEST)\" executed successfully"}
{"timestamp": "2026-09-03T04:20:17", "level": "INFO", "component": "apscheduler.executors.default", "message": "Running job \"poll_once (trigger: interval[0:00:10], next run at: 2026-09-03 04:20:27 CEST)\" (scheduled at 2026-09-03 04:20:17.305960+02:00)"}
{"timestamp": "2026-09-03T04:20:17", "level": "INFO", "component": "apscheduler.executors.default", "message": "Job \"poll_once (trigger: interval[0:00:10], next run at: 2026-09-03 04:20:27 CEST)\" executed successfully"}
{"timestamp": "2026-09-03T04:20:27", "level": "INFO", "component": "apscheduler.executors.default", "message": "Running job \"poll_once (trigger: interval[0:00:10], next run at: 2026-09-03 04:20:37 CEST)\" (scheduled at 2026-09-03 04:20:27.305960+02:00)"}
{"timestamp": "2026-09-03T04:20:27", "level": "INFO", "component": "apscheduler.executors.default", "message": "Job \"poll_once (trigger: interval[0:00:10], next run at: 2026-09-03 04:20:37 CEST)\" executed successfully"}
{"timestamp": "2026-09-03T04:20:37", "level": "INFO", "component": "apscheduler.executors.default", "message": "Running job \"poll_once (trigger: interval[0:00:10], next run at: 2026-09-03 04:20:47 CEST)\" (scheduled at 2026-09-03 04:20:37.305960+02:00)"}
{"timestamp": "2026-09-03T04:20:37", "level": "INFO", "component": "apscheduler.executors.default", "message": "Job \"poll_once (trigger: interval[0:00:10], next run at: 2026-09-03 04:20:47 CEST)\" executed successfully"}
{"timestamp": "2026-09-03T04:20:42", "level": "INFO", "component": "apscheduler.executors.default", "message": "Running job \"_start_scheduler.<locals>.<lambda> (trigger: interval[0:00:45], next run at: 2026-09-03 04:21:27 CEST)\" (scheduled at 2026-09-03 04:20:42.306433+02:00)"}
{"timestamp": "2026-09-03T04:20:42", "level": "INFO", "component": "cv112_poller", "message": "Feed descargado: 17 incidentes activos", "correlation_id": "fb99bb72"}
{"timestamp": "2026-09-03T04:20:42", "level": "INFO", "component": "apscheduler.executors.default", "message": "Job \"_start_scheduler.<locals>.<lambda> (trigger: interval[0:00:45], next run at: 2026-09-03 04:21:27 CEST)\" executed successfully"}
{"timestamp": "2026-09-03T04:20:47", "level": "INFO", "component": "apscheduler.executors.default", "message": "Running job \"poll_once (trigger: interval[0:00:10], next run at: 2026-09-03 04:20:57 CEST)\" (scheduled at 2026-09-03 04:20:47.305960+02:00)"}
{"timestamp": "2026-09-03T04:20:47", "level": "INFO", "component": "apscheduler.executors.default", "message": "Job \"poll_once (trigger: interval[0:00:10], next run at: 2026-09-03 04:20:57 CEST)\" executed successfully"}
{"timestamp": "2026-09-03T04:20:57", "level": "INFO", "component": "apscheduler.executors.default", "message": "Running job \"poll_once (trigger: interval[0:00:10], next run at: 2026-09-03 04:21:07 CEST)\" (scheduled at 2026-09-03 04:20:57.305960+02:00)"}
{"timestamp": "2026-09-03T04:20:57", "level": "INFO", "component": "apscheduler.executors.default", "message": "Job \"poll_once (trigger: interval[0:00:10], next run at: 2026-09-03 04:21:07 CEST)\" executed successfully"}
{"timestamp": "2026-09-03T04:21:07", "level": "INFO", "component": "apscheduler.executors.default", "message": "Running job \"poll_once (trigger: interval[0:00:10], next run at: 2026-09-03 04:21:17 CEST)\" (scheduled at 2026-09-03 04:21:07.305960+02:00)"}
{"timestamp": "2026-09-03T04:21:07", "level": "INFO", "component": "apscheduler.executors.default", "message": "Job \"poll_once (trigger: interval[0:00:10], next run at: 2026-09-03 04:21:17 CEST)\" executed successfully"}
{"timestamp": "2026-09-03T04:21:17", "level": "INFO", "component": "apscheduler.executors.default", "message": "Running job \"poll_once (trigger: interval[0:00:10], next run at: 2026-09-03 04:21:27 CEST)\" (scheduled at 2026-09-03 04:21:17.305960+02:00)"}
{"timestamp": "2026-09-03T04:21:17", "level": "INFO", "component": "apscheduler.executors.default", "message": "Job \"poll_once (trigger: interval[0:00:10], next run at: 2026-09-03 04:21:27 CEST)\" executed successfully"}
{"timestamp": "2026-09-03T04:21:27", "level": "INFO", "component": "apscheduler.executors.default", "message": "Running job \"poll_once (trigger: interval[0:00:10], next run at: 2026-09-03 04:21:37 CEST)\" (scheduled at 2026-09-03 04:21:27.305960+02:00)"}
{"timestamp": "2026-09-03T04:21:27", "level": "INFO", "component": "apscheduler.executors.default", "message": "Running job \"_start_scheduler.<locals>.<lambda> (trigger: interval[0:00:45], next run at: 2026-09-03 04:22:12 CEST)\" (scheduled at 2026-09-03 04:21:27.306433+02:00)"}
{"timestamp": "2026-09-03T04:21:27", "level": "INFO", "component": "apscheduler.executors.default", "message": "Job \"poll_once (trigger: interval[0:00:10], next run at: 2026-09-03 04:21:37 CEST)\" executed successfully"}
{"timestamp": "2026-09-03T04:21:27", "level": "INFO", "component": "cv112_poller", "message": "Feed descargado: 17 incidentes activos", "correlation_id": "d5ef562d"}
{"timestamp": "2026-09-03T04:21:27", "level": "INFO", "component": "apscheduler.executors.default", "message": "Job \"_start_scheduler.<locals>.<lambda> (trigger: interval[0:00:45], next run at: 2026-09-03 04:22:12 CEST)\" executed successfully"}
{"timestamp": "2026-09-03T04:21:37", "level": "INFO", "component": "apscheduler.executors.default", "message": "Running job \"poll_once (trigger: interval[0:00:10], next run at: 2026-09-03 04:21:47 CEST)\" (scheduled at 2026-09-03 04:21:37.305960+02:00)"}
{"timestamp": "2026-09-03T04:21:37", "level": "INFO", "component": "apscheduler.executors.default", "message": "Job \"poll_once (trigger: interval[0:00:10], next run at: 2026-09-03 04:21:47 CEST)\" executed successfully"}
{"timestamp": "2026-09-03T04:21:47", "level": "INFO", "component": "apscheduler.executors.default", "message": "Running job \"poll_once (trigger: interval[0:00:10], next run at: 2026-09-03 04:21:57 CEST)\" (scheduled at 2026-09-03 04:21:47.305960+02:00)"}
{"timestamp": "2026-09-03T04:21:47", "level": "INFO", "component": "apscheduler.executors.default", "message": "Job \"poll_once (trigger: interval[0:00:10], next run at: 2026-09-03 04:21:57 CEST)\" executed successfully"}
{"timestamp": "2026-09-03T04:21:57", "level": "INFO", "component": "apscheduler.executors.default", "message": "Running job \"poll_once (trigger: interval[0:00:10], next run at: 2026-09-03 04:22:07 CEST)\" (scheduled at 2026-09-03 04:21:57.305960+02:00)"}
{"timestamp": "2026-09-03T04:21:57", "level": "INFO", "component": "apscheduler.executors.default", "message": "Job \"poll_once (trigger: interval[0:00:10], next run at: 2026-09-03 04:22:07 CEST)\" executed successfully"}
{"timestamp": "2026-09-03T04:22:07", "level": "INFO", "component": "apscheduler.executors.default", "message": "Running job \"poll_once (trigger: interval[0:00:10], next run at: 2026-09-03 04:22:17 CEST)\" (scheduled at 2026-09-03 04:22:07.305960+02:00)"}
{"timestamp": "2026-09-03T04:22:07", "level": "INFO", "component": "apscheduler.executors.default", "message": "Job \"poll_once (trigger: interval[0:00:10], next run at: 2026-09-03 04:22:17 CEST)\" executed successfully"}
{"timestamp": "2026-09-03T04:22:12", "level": "INFO", "component": "apscheduler.executors.default", "message": "Running job \"_start_scheduler.<locals>.<lambda> (trigger: interval[0:00:45], next run at: 2026-09-03 04:22:57 CEST)\" (scheduled at 2026-09-03 04:22:12.306433+02:00)"}
{"timestamp": "2026-09-03T04:22:12", "level": "INFO", "component": "cv112_poller", "message": "Feed descargado: 17 incidentes activos", "correlation_id": "32e04dfe"}
{"timestamp": "2026-09-03T04:22:12", "level": "INFO", "component": "apscheduler.executors.default", "message": "Job \"_start_scheduler.<locals>.<lambda> (trigger: interval[0:00:45], next run at: 2026-09-03 04:22:57 CEST)\" executed successfully"}
{"timestamp": "2026-09-03T04:22:17", "level": "INFO", "component": "apscheduler.executors.default", "message": "Running job \"poll_once (trigger: interval[0:00:10], next run at: 2026-09-03 04:22:27 CEST)\" (scheduled at 2026-09-03 04:22:17.305960+02:00)"}
{"timestamp": "2026-09-03T04:22:17", "level": "INFO", "component": "apscheduler.executors.default", "message": "Job \"poll_once (trigger: interval[0:00:10], next run at: 2026-09-03 04:22:27 CEST)\" executed successfully"}
{"timestamp": "2026-09-03T04:22:27", "level": "INFO", "component": "apscheduler.executors.default", "message": "Running job \"poll_once (trigger: interval[0:00:10], next run at: 2026-09-03 04:22:37 CEST)\" (scheduled at 2026-09-03 04:22:27.305960+02:00)"}
{"timestamp": "2026-09-03T04:22:27", "level": "INFO", "component": "apscheduler.executors.default", "message": "Job \"poll_once (trigger: interval[0:00:10], next run at: 2026-09-03 04:22:37 CEST)\" executed successfully"}
{"timestamp": "2026-09-03T04:22:37", "level": "INFO", "component": "apscheduler.executors.default", "message": "Running job \"poll_once (trigger: interval[0:00:10], next run at: 2026-09-03 04:22:47 CEST)\" (scheduled at 2026-09-03 04:22:37.305960+02:00)"}
{"timestamp": "2026-09-03T04:22:37", "level": "INFO", "component": "apscheduler.executors.default", "message": "Job \"poll_once (trigger: interval[0:00:10], next run at: 2026-09-03 04:22:47 CEST)\" executed successfully"}
{"timestamp": "2026-09-03T04:22:47", "level": "INFO", "component": "apscheduler.executors.default", "message": "Running job \"poll_once (trigger: interval[0:00:10], next run at: 2026-09-03 04:22:57 CEST)\" (scheduled at 2026-09-03 04:22:47.305960+02:00)"}
{"timestamp": "2026-09-03T04:22:47", "level": "INFO", "component": "apscheduler.executors.default", "message": "Job \"poll_once (trigger: interval[0:00:10], next run at: 2026-09-03 04:22:57 CEST)\" executed successfully"}
{"timestamp": "2026-09-03T04:22:57", "level": "INFO", "component": "apscheduler.executors.default", "message": "Running job \"poll_once (trigger: interval[0:00:10], next run at: 2026-09-03 04:23:07 CEST)\" (scheduled at 2026-09-03 04:22:57.305960+02:00)"}
{"timestamp": "2026-09-03T04:22:57", "level": "INFO", "component": "apscheduler.executors.default", "message": "Running job \"_start_scheduler.<locals>.<lambda> (trigger: interval[0:00:45], next run at: 2026-09-03 04:23:42 CEST)\" (scheduled at 2026-09-03 04:22:57.306433+02:00)"}
{"timestamp": "2026-09-03T04:22:57", "level": "INFO", "component": "apscheduler.executors.default", "message": "Job \"poll_once (trigger: interval[0:00:10], next run at: 2026-09-03 04:23:07 CEST)\" executed successfully"}
{"timestamp": "2026-09-03T04:22:57", "level": "INFO", "component": "cv112_poller", "message": "Feed descargado: 17 incidentes activos", "correlation_id": "883b718a"}
{"timestamp": "2026-09-03T04:22:57", "level": "INFO", "component": "apscheduler.executors.default", "message": "Job \"_start_scheduler.<locals>.<lambda> (trigger: interval[0:00:45], next run at: 2026-09-03 04:23:42 CEST)\" executed successfully"}
{"timestamp": "2026-09-03T04:23:07", "level": "INFO", "component": "apscheduler.executors.default", "message": "Running job \"poll_once (trigger: interval[0:00:10], next run at: 2026-09-03 04:23:17 CEST)\" (scheduled at 2026-09-03 04:23:07.305960+02:00)"}
{"timestamp": "2026-09-03T04:23:07", "level": "INFO", "component": "apscheduler.executors.default", "message": "Job \"poll_once (trigger: interval[0:00:10], next run at: 2026-09-03 04:23:17 CEST)\" executed successfully"}
{"timestamp": "2026-09-03T04:23:17", "level": "INFO", "component": "apscheduler.executors.default", "message": "Running job \"poll_once (trigger: interval[0:00:10], next run at: 2026-09-03 04:23:27 CEST)\" (scheduled at 2026-09-03 04:23:17.305960+02:00)"}
{"timestamp": "2026-09-03T04:23:17", "level": "INFO", "component": "apscheduler.executors.default", "message": "Job \"poll_once (trigger: interval[0:00:10], next run at: 2026-09-03 04:23:27 CEST)\" executed successfully"}
{"timestamp": "2026-09-03T04:23:27", "level": "INFO", "component": "apscheduler.executors.default", "message": "Running job \"poll_once (trigger: interval[0:00:10], next run at: 2026-09-03 04:23:37 CEST)\" (scheduled at 2026-09-03 04:23:27.305960+02:00)"}
{"timestamp": "2026-09-03T04:23:27", "level": "INFO", "component": "apscheduler.executors.default", "message": "Job \"poll_once (trigger: interval[0:00:10], next run at: 2026-09-03 04:23:37 CEST)\" executed successfully"}
{"timestamp": "2026-09-03T04:23:37", "level": "INFO", "component": "apscheduler.executors.default", "message": "Running job \"poll_once (trigger: interval[0:00:10], next run at: 2026-09-03 04:23:47 CEST)\" (scheduled at 2026-09-03 04:23:37.305960+02:00)"}
{"timestamp": "2026-09-03T04:23:37", "level": "INFO", "component": "apscheduler.executors.default", "message": "Job \"poll_once (trigger: interval[0:00:10], next run at: 2026-09-03 04:23:47 CEST)\" executed successfully"}
{"timestamp": "2026-09-03T04:23:42", "level": "INFO", "component": "apscheduler.executors.default", "message": "Running job \"_start_scheduler.<locals>.<lambda> (trigger: interval[0:00:45], next run at: 2026-09-03 04:24:27 CEST)\" (scheduled at 2026-09-03 04:23:42.306433+02:00)"}
{"timestamp": "2026-09-03T04:23:42", "level": "INFO", "component": "cv112_poller", "message": "Feed descargado: 17 incidentes activos", "correlation_id": "fc0e661a"}
{"timestamp": "2026-09-03T04:23:42", "level": "INFO", "component": "apscheduler.executors.default", "message": "Job \"_start_scheduler.<locals>.<lambda> (trigger: interval[0:00:45], next run at: 2026-09-03 04:24:27 CEST)\" executed successfully"}
{"timestamp": "2026-09-03T04:23:47", "level": "INFO", "component": "apscheduler.executors.default", "message": "Running job \"poll_once (trigger: interval[0:00:10], next run at: 2026-09-03 04:23:57 CEST)\" (scheduled at 2026-09-03 04:23:47.305960+02:00)"}
{"timestamp": "2026-09-03T04:23:47", "level": "INFO", "component": "apscheduler.executors.default", "message": "Job \"poll_once (trigger: interval[0:00:10], next run at: 2026-09-03 04:23:57 CEST)\" executed successfully"}
{"timestamp": "2026-09-03T04:23:57", "level": "INFO", "component": "apscheduler.executors.default", "message": "Running job \"poll_once (trigger: interval[0:00:10], next run at: 2026-09-03 04:24:07 CEST)\" (scheduled at 2026-09-03 04:23:57.305960+02:00)"}
{"timestamp": "2026-09-03T04:23:57", "level": "INFO", "component": "apscheduler.executors.default", "message": "Job \"poll_once (trigger: interval[0:00:10], next run at: 2026-09-03 04:24:07 CEST)\" executed successfully"}
{"timestamp": "2026-09-03T04:24:07", "level": "INFO", "component": "apscheduler.executors.default", "message": "Running job \"poll_once (trigger: interval[0:00:10], next run at: 2026-09-03 04:24:17 CEST)\" (scheduled at 2026-09-03 04:24:07.305960+02:00)"}
{"timestamp": "2026-09-03T04:24:07", "level": "INFO", "component": "apscheduler.executors.default", "message": "Job \"poll_once (trigger: interval[0:00:10], next run at: 2026-09-03 04:24:17 CEST)\" executed successfully"}
{"timestamp": "2026-09-03T04:24:17", "level": "INFO", "component": "apscheduler.executors.default", "message": "Running job \"poll_once (trigger: interval[0:00:10], next run at: 2026-09-03 04:24:27 CEST)\" (scheduled at 2026-09-03 04:24:17.305960+02:00)"}
{"timestamp": "2026-09-03T04:24:17", "level": "INFO", "component": "apscheduler.executors.default", "message": "Job \"poll_once (trigger: interval[0:00:10], next run at: 2026-09-03 04:24:27 CEST)\" executed successfully"}
{"timestamp": "2026-09-03T04:24:27", "level": "INFO", "component": "apscheduler.executors.default", "message": "Running job \"poll_once (trigger: interval[0:00:10], next run at: 2026-09-03 04:24:37 CEST)\" (scheduled at 2026-09-03 04:24:27.305960+02:00)"}
{"timestamp": "2026-09-03T04:24:27", "level": "INFO", "component": "apscheduler.executors.default", "message": "Running job \"_start_scheduler.<locals>.<lambda> (trigger: interval[0:00:45], next run at: 2026-09-03 04:25:12 CEST)\" (scheduled at 2026-09-03 04:24:27.306433+02:00)"}
{"timestamp": "2026-09-03T04:24:27", "level": "INFO", "component": "apscheduler.executors.default", "message": "Job \"poll_once (trigger: interval[0:00:10], next run at: 2026-09-03 04:24:37 CEST)\" executed successfully"}
{"timestamp": "2026-09-03T04:24:27", "level": "INFO", "component": "cv112_poller", "message": "Feed descargado: 17 incidentes activos", "correlation_id": "c546c282"}
{"timestamp": "2026-09-03T04:24:27", "level": "INFO", "component": "apscheduler.executors.default", "message": "Job \"_start_scheduler.<locals>.<lambda> (trigger: interval[0:00:45], next run at: 2026-09-03 04:25:12 CEST)\" executed successfully"}
{"timestamp": "2026-09-03T04:24:37", "level": "INFO", "component": "apscheduler.executors.default", "message": "Running job \"poll_once (trigger: interval[0:00:10], next run at: 2026-09-03 04:24:47 CEST)\" (scheduled at 2026-09-03 04:24:37.305960+02:00)"}
{"timestamp": "2026-09-03T04:24:37", "level": "INFO", "component": "apscheduler.executors.default", "message": "Job \"poll_once (trigger: interval[0:00:10], next run at: 2026-09-03 04:24:47 CEST)\" executed successfully"}
{"timestamp": "2026-09-03T04:24:47", "level": "INFO", "component": "apscheduler.executors.default", "message": "Running job \"poll_once (trigger: interval[0:00:10], next run at: 2026-09-03 04:24:57 CEST)\" (scheduled at 2026-09-03 04:24:47.305960+02:00)"}
{"timestamp": "2026-09-03T04:24:47", "level": "INFO", "component": "apscheduler.executors.default", "message": "Job \"poll_once (trigger: interval[0:00:10], next run at: 2026-09-03 04:24:57 CEST)\" executed successfully"}
{"timestamp": "2026-09-03T04:24:57", "level": "INFO", "component": "apscheduler.executors.default", "message": "Running job \"poll_once (trigger: interval[0:00:10], next run at: 2026-09-03 04:25:07 CEST)\" (scheduled at 2026-09-03 04:24:57.305960+02:00)"}
{"timestamp": "2026-09-03T04:24:57", "level": "INFO", "component": "apscheduler.executors.default", "message": "Job \"poll_once (trigger: interval[0:00:10], next run at: 2026-09-03 04:25:07 CEST)\" executed successfully"}
{"timestamp": "2026-09-03T04:25:07", "level": "INFO", "component": "apscheduler.executors.default", "message": "Running job \"poll_once (trigger: interval[0:00:10], next run at: 2026-09-03 04:25:17 CEST)\" (scheduled at 2026-09-03 04:25:07.305960+02:00)"}
{"timestamp": "2026-09-03T04:25:07", "level": "INFO", "component": "apscheduler.executors.default", "message": "Job \"poll_once (trigger: interval[0:00:10], next run at: 2026-09-03 04:25:17 CEST)\" executed successfully"}
{"timestamp": "2026-09-03T04:25:12", "level": "INFO", "component": "apscheduler.executors.default", "message": "Running job \"_start_scheduler.<locals>.<lambda> (trigger: interval[0:00:45], next run at: 2026-09-03 04:25:57 CEST)\" (scheduled at 2026-09-03 04:25:12.306433+02:00)"}
{"timestamp": "2026-09-03T04:25:12", "level": "INFO", "component": "cv112_poller", "message": "Feed descargado: 17 incidentes activos", "correlation_id": "06f31e66"}
{"timestamp": "2026-09-03T04:25:12", "level": "INFO", "component": "apscheduler.executors.default", "message": "Job \"_start_scheduler.<locals>.<lambda> (trigger: interval[0:00:45], next run at: 2026-09-03 04:25:57 CEST)\" executed successfully"}
{"timestamp": "2026-09-03T04:25:17", "level": "INFO", "component": "apscheduler.executors.default", "message": "Running job \"poll_once (trigger: interval[0:00:10], next run at: 2026-09-03 04:25:27 CEST)\" (scheduled at 2026-09-03 04:25:17.305960+02:00)"}
{"timestamp": "2026-09-03T04:25:17", "level": "INFO", "component": "apscheduler.executors.default", "message": "Job \"poll_once (trigger: interval[0:00:10], next run at: 2026-09-03 04:25:27 CEST)\" executed successfully"}
{"timestamp": "2026-09-03T04:25:27", "level": "INFO", "component": "apscheduler.executors.default", "message": "Running job \"poll_once (trigger: interval[0:00:10], next run at: 2026-09-03 04:25:37 CEST)\" (scheduled at 2026-09-03 04:25:27.305960+02:00)"}
{"timestamp": "2026-09-03T04:25:27", "level": "INFO", "component": "apscheduler.executors.default", "message": "Job \"poll_once (trigger: interval[0:00:10], next run at: 2026-09-03 04:25:37 CEST)\" executed successfully"}
{"timestamp": "2026-09-03T04:25:37", "level": "INFO", "component": "apscheduler.executors.default", "message": "Running job \"poll_once (trigger: interval[0:00:10], next run at: 2026-09-03 04:25:47 CEST)\" (scheduled at 2026-09-03 04:25:37.305960+02:00)"}
{"timestamp": "2026-09-03T04:25:37", "level": "INFO", "component": "apscheduler.executors.default", "message": "Job \"poll_once (trigger: interval[0:00:10], next run at: 2026-09-03 04:25:47 CEST)\" executed successfully"}
{"timestamp": "2026-09-03T04:25:47", "level": "INFO", "component": "apscheduler.executors.default", "message": "Running job \"poll_once (trigger: interval[0:00:10], next run at: 2026-09-03 04:25:57 CEST)\" (scheduled at 2026-09-03 04:25:47.305960+02:00)"}
{"timestamp": "2026-09-03T04:25:47", "level": "INFO", "component": "apscheduler.executors.default", "message": "Job \"poll_once (trigger: interval[0:00:10], next run at: 2026-09-03 04:25:57 CEST)\" executed successfully"}
{"timestamp": "2026-09-03T04:25:57", "level": "INFO", "component": "apscheduler.executors.default", "message": "Running job \"poll_once (trigger: interval[0:00:10], next run at: 2026-09-03 04:26:07 CEST)\" (scheduled at 2026-09-03 04:25:57.305960+02:00)"}
{"timestamp": "2026-09-03T04:25:57", "level": "INFO", "component": "apscheduler.executors.default", "message": "Running job \"_start_scheduler.<locals>.<lambda> (trigger: interval[0:00:45], next run at: 2026-09-03 04:26:42 CEST)\" (scheduled at 2026-09-03 04:25:57.306433+02:00)"}
{"timestamp": "2026-09-03T04:25:57", "level": "INFO", "component": "apscheduler.executors.default", "message": "Job \"poll_once (trigger: interval[0:00:10], next run at: 2026-09-03 04:26:07 CEST)\" executed successfully"}
{"timestamp": "2026-09-03T04:25:57", "level": "INFO", "component": "cv112_poller", "message": "Feed descargado: 17 incidentes activos", "correlation_id": "fda33da1"}
{"timestamp": "2026-09-03T04:25:57", "level": "INFO", "component": "apscheduler.executors.default", "message": "Job \"_start_scheduler.<locals>.<lambda> (trigger: interval[0:00:45], next run at: 2026-09-03 04:26:42 CEST)\" executed successfully"}
{"timestamp": "2026-09-03T04:26:07", "level": "INFO", "component": "apscheduler.executors.default", "message": "Running job \"poll_once (trigger: interval[0:00:10], next run at: 2026-09-03 04:26:17 CEST)\" (scheduled at 2026-09-03 04:26:07.305960+02:00)"}
{"timestamp": "2026-09-03T04:26:07", "level": "INFO", "component": "apscheduler.executors.default", "message": "Job \"poll_once (trigger: interval[0:00:10], next run at: 2026-09-03 04:26:17 CEST)\" executed successfully"}
{"timestamp": "2026-09-03T04:26:17", "level": "INFO", "component": "apscheduler.executors.default", "message": "Running job \"poll_once (trigger: interval[0:00:10], next run at: 2026-09-03 04:26:27 CEST)\" (scheduled at 2026-09-03 04:26:17.305960+02:00)"}
{"timestamp": "2026-09-03T04:26:17", "level": "INFO", "component": "apscheduler.executors.default", "message": "Job \"poll_once (trigger: interval[0:00:10], next run at: 2026-09-03 04:26:27 CEST)\" executed successfully"}
{"timestamp": "2026-09-03T04:26:27", "level": "INFO", "component": "apscheduler.executors.default", "message": "Running job \"poll_once (trigger: interval[0:00:10], next run at: 2026-09-03 04:26:37 CEST)\" (scheduled at 2026-09-03 04:26:27.305960+02:00)"}
{"timestamp": "2026-09-03T04:26:27", "level": "INFO", "component": "apscheduler.executors.default", "message": "Job \"poll_once (trigger: interval[0:00:10], next run at: 2026-09-03 04:26:37 CEST)\" executed successfully"}
{"timestamp": "2026-09-03T04:26:37", "level": "INFO", "component": "apscheduler.executors.default", "message": "Running job \"poll_once (trigger: interval[0:00:10], next run at: 2026-09-03 04:26:47 CEST)\" (scheduled at 2026-09-03 04:26:37.305960+02:00)"}
{"timestamp": "2026-09-03T04:26:37", "level": "INFO", "component": "apscheduler.executors.default", "message": "Job \"poll_once (trigger: interval[0:00:10], next run at: 2026-09-03 04:26:47 CEST)\" executed successfully"}
{"timestamp": "2026-09-03T04:26:42", "level": "INFO", "component": "apscheduler.executors.default", "message": "Running job \"_start_scheduler.<locals>.<lambda> (trigger: interval[0:00:45], next run at: 2026-09-03 04:27:27 CEST)\" (scheduled at 2026-09-03 04:26:42.306433+02:00)"}
{"timestamp": "2026-09-03T04:26:42", "level": "INFO", "component": "cv112_poller", "message": "Feed descargado: 17 incidentes activos", "correlation_id": "bde89575"}
{"timestamp": "2026-09-03T04:26:42", "level": "INFO", "component": "apscheduler.executors.default", "message": "Job \"_start_scheduler.<locals>.<lambda> (trigger: interval[0:00:45], next run at: 2026-09-03 04:27:27 CEST)\" executed successfully"}
{"timestamp": "2026-09-03T04:26:47", "level": "INFO", "component": "apscheduler.executors.default", "message": "Running job \"poll_once (trigger: interval[0:00:10], next run at: 2026-09-03 04:26:57 CEST)\" (scheduled at 2026-09-03 04:26:47.305960+02:00)"}
{"timestamp": "2026-09-03T04:26:47", "level": "INFO", "component": "apscheduler.executors.default", "message": "Job \"poll_once (trigger: interval[0:00:10], next run at: 2026-09-03 04:26:57 CEST)\" executed successfully"}
{"timestamp": "2026-09-03T04:26:57", "level": "INFO", "component": "apscheduler.executors.default", "message": "Running job \"poll_once (trigger: interval[0:00:10], next run at: 2026-09-03 04:27:07 CEST)\" (scheduled at 2026-09-03 04:26:57.305960+02:00)"}
{"timestamp": "2026-09-03T04:26:57", "level": "INFO", "component": "apscheduler.executors.default", "message": "Job \"poll_once (trigger: interval[0:00:10], next run at: 2026-09-03 04:27:07 CEST)\" executed successfully"}
{"timestamp": "2026-09-03T04:27:07", "level": "INFO", "component": "apscheduler.executors.default", "message": "Running job \"poll_once (trigger: interval[0:00:10], next run at: 2026-09-03 04:27:17 CEST)\" (scheduled at 2026-09-03 04:27:07.305960+02:00)"}
{"timestamp": "2026-09-03T04:27:07", "level": "INFO", "component": "apscheduler.executors.default", "message": "Job \"poll_once (trigger: interval[0:00:10], next run at: 2026-09-03 04:27:17 CEST)\" executed successfully"}
{"timestamp": "2026-09-03T04:27:17", "level": "INFO", "component": "apscheduler.executors.default", "message": "Running job \"poll_once (trigger: interval[0:00:10], next run at: 2026-09-03 04:27:27 CEST)\" (scheduled at 2026-09-03 04:27:17.305960+02:00)"}
{"timestamp": "2026-09-03T04:27:17", "level": "INFO", "component": "apscheduler.executors.default", "message": "Job \"poll_once (trigger: interval[0:00:10], next run at: 2026-09-03 04:27:27 CEST)\" executed successfully"}
{"timestamp": "2026-09-03T04:27:27", "level": "INFO", "component": "apscheduler.executors.default", "message": "Running job \"poll_once (trigger: interval[0:00:10], next run at: 2026-09-03 04:27:37 CEST)\" (scheduled at 2026-09-03 04:27:27.305960+02:00)"}
{"timestamp": "2026-09-03T04:27:27", "level": "INFO", "component": "apscheduler.executors.default", "message": "Running job \"_start_scheduler.<locals>.<lambda> (trigger: interval[0:00:45], next run at: 2026-09-03 04:28:12 CEST)\" (scheduled at 2026-09-03 04:27:27.306433+02:00)"}
{"timestamp": "2026-09-03T04:27:27", "level": "INFO", "component": "apscheduler.executors.default", "message": "Job \"poll_once (trigger: interval[0:00:10], next run at: 2026-09-03 04:27:37 CEST)\" executed successfully"}
{"timestamp": "2026-09-03T04:27:27", "level": "INFO", "component": "cv112_poller", "message": "Feed descargado: 17 incidentes activos", "correlation_id": "f17ac4ee"}
{"timestamp": "2026-09-03T04:27:27", "level": "INFO", "component": "apscheduler.executors.default", "message": "Job \"_start_scheduler.<locals>.<lambda> (trigger: interval[0:00:45], next run at: 2026-09-03 04:28:12 CEST)\" executed successfully"}
{"timestamp": "2026-09-03T04:27:37", "level": "INFO", "component": "apscheduler.executors.default", "message": "Running job \"poll_once (trigger: interval[0:00:10], next run at: 2026-09-03 04:27:47 CEST)\" (scheduled at 2026-09-03 04:27:37.305960+02:00)"}
{"timestamp": "2026-09-03T04:27:37", "level": "INFO", "component": "apscheduler.executors.default", "message": "Job \"poll_once (trigger: interval[0:00:10], next run at: 2026-09-03 04:27:47 CEST)\" executed successfully"}
{"timestamp": "2026-09-03T04:27:47", "level": "INFO", "component": "apscheduler.executors.default", "message": "Running job \"poll_once (trigger: interval[0:00:10], next run at: 2026-09-03 04:27:57 CEST)\" (scheduled at 2026-09-03 04:27:47.305960+02:00)"}
{"timestamp": "2026-09-03T04:27:47", "level": "INFO", "component": "apscheduler.executors.default", "message": "Job \"poll_once (trigger: interval[0:00:10], next run at: 2026-09-03 04:27:57 CEST)\" executed successfully"}
{"timestamp": "2026-09-03T04:27:57", "level": "INFO", "component": "apscheduler.executors.default", "message": "Running job \"poll_once (trigger: interval[0:00:10], next run at: 2026-09-03 04:28:07 CEST)\" (scheduled at 2026-09-03 04:27:57.305960+02:00)"}
{"timestamp": "2026-09-03T04:27:57", "level": "INFO", "component": "apscheduler.executors.default", "message": "Job \"poll_once (trigger: interval[0:00:10], next run at: 2026-09-03 04:28:07 CEST)\" executed successfully"}
{"timestamp": "2026-09-03T04:28:07", "level": "INFO", "component": "apscheduler.executors.default", "message": "Running job \"poll_once (trigger: interval[0:00:10], next run at: 2026-09-03 04:28:17 CEST)\" (scheduled at 2026-09-03 04:28:07.305960+02:00)"}
{"timestamp": "2026-09-03T04:28:07", "level": "INFO", "component": "apscheduler.executors.default", "message": "Job \"poll_once (trigger: interval[0:00:10], next run at: 2026-09-03 04:28:17 CEST)\" executed successfully"}
{"timestamp": "2026-09-03T04:28:12", "level": "INFO", "component": "apscheduler.executors.default", "message": "Running job \"_start_scheduler.<locals>.<lambda> (trigger: interval[0:00:45], next run at: 2026-09-03 04:28:57 CEST)\" (scheduled at 2026-09-03 04:28:12.306433+02:00)"}
{"timestamp": "2026-09-03T04:28:12", "level": "INFO", "component": "cv112_poller", "message": "Feed descargado: 17 incidentes activos", "correlation_id": "6a6328f2"}
{"timestamp": "2026-09-03T04:28:12", "level": "INFO", "component": "apscheduler.executors.default", "message": "Job \"_start_scheduler.<locals>.<lambda> (trigger: interval[0:00:45], next run at: 2026-09-03 04:28:57 CEST)\" executed successfully"}
{"timestamp": "2026-09-03T04:28:17", "level": "INFO", "component": "apscheduler.executors.default", "message": "Running job \"poll_once (trigger: interval[0:00:10], next run at: 2026-09-03 04:28:27 CEST)\" (scheduled at 2026-09-03 04:28:17.305960+02:00)"}
{"timestamp": "2026-09-03T04:28:17", "level": "INFO", "component": "apscheduler.executors.default", "message": "Job \"poll_once (trigger: interval[0:00:10], next run at: 2026-09-03 04:28:27 CEST)\" executed successfully"}
{"timestamp": "2026-09-03T04:28:27", "level": "INFO", "component": "apscheduler.executors.default", "message": "Running job \"poll_once (trigger: interval[0:00:10], next run at: 2026-09-03 04:28:37 CEST)\" (scheduled at 2026-09-03 04:28:27.305960+02:00)"}
{"timestamp": "2026-09-03T04:28:27", "level": "INFO", "component": "apscheduler.executors.default", "message": "Job \"poll_once (trigger: interval[0:00:10], next run at: 2026-09-03 04:28:37 CEST)\" executed successfully"}
{"timestamp": "2026-09-03T04:28:37", "level": "INFO", "component": "apscheduler.executors.default", "message": "Running job \"poll_once (trigger: interval[0:00:10], next run at: 2026-09-03 04:28:47 CEST)\" (scheduled at 2026-09-03 04:28:37.305960+02:00)"}
{"timestamp": "2026-09-03T04:28:37", "level": "INFO", "component": "apscheduler.executors.default", "message": "Job \"poll_once (trigger: interval[0:00:10], next run at: 2026-09-03 04:28:47 CEST)\" executed successfully"}
{"timestamp": "2026-09-03T04:28:47", "level": "INFO", "component": "apscheduler.executors.default", "message": "Running job \"poll_once (trigger: interval[0:00:10], next run at: 2026-09-03 04:28:57 CEST)\" (scheduled at 2026-09-03 04:28:47.305960+02:00)"}
{"timestamp": "2026-09-03T04:28:47", "level": "INFO", "component": "apscheduler.executors.default", "message": "Job \"poll_once (trigger: interval[0:00:10], next run at: 2026-09-03 04:28:57 CEST)\" executed successfully"}
{"timestamp": "2026-09-03T04:28:57", "level": "INFO", "component": "apscheduler.executors.default", "message": "Running job \"poll_once (trigger: interval[0:00:10], next run at: 2026-09-03 04:29:07 CEST)\" (scheduled at 2026-09-03 04:28:57.305960+02:00)"}
{"timestamp": "2026-09-03T04:28:57", "level": "INFO", "component": "apscheduler.executors.default", "message": "Running job \"_start_scheduler.<locals>.<lambda> (trigger: interval[0:00:45], next run at: 2026-09-03 04:29:42 CEST)\" (scheduled at 2026-09-03 04:28:57.306433+02:00)"}
{"timestamp": "2026-09-03T04:28:57", "level": "INFO", "component": "apscheduler.executors.default", "message": "Job \"poll_once (trigger: interval[0:00:10], next run at: 2026-09-03 04:29:07 CEST)\" executed successfully"}
{"timestamp": "2026-09-03T04:28:57", "level": "INFO", "component": "cv112_poller", "message": "Feed descargado: 17 incidentes activos", "correlation_id": "5c07e6af"}
{"timestamp": "2026-09-03T04:28:57", "level": "INFO", "component": "apscheduler.executors.default", "message": "Job \"_start_scheduler.<locals>.<lambda> (trigger: interval[0:00:45], next run at: 2026-09-03 04:29:42 CEST)\" executed successfully"}
{"timestamp": "2026-09-03T04:29:07", "level": "INFO", "component": "apscheduler.executors.default", "message": "Running job \"poll_once (trigger: interval[0:00:10], next run at: 2026-09-03 04:29:17 CEST)\" (scheduled at 2026-09-03 04:29:07.305960+02:00)"}
{"timestamp": "2026-09-03T04:29:07", "level": "INFO", "component": "apscheduler.executors.default", "message": "Job \"poll_once (trigger: interval[0:00:10], next run at: 2026-09-03 04:29:17 CEST)\" executed successfully"}
{"timestamp": "2026-09-03T04:29:17", "level": "INFO", "component": "apscheduler.executors.default", "message": "Running job \"poll_once (trigger: interval[0:00:10], next run at: 2026-09-03 04:29:27 CEST)\" (scheduled at 2026-09-03 04:29:17.305960+02:00)"}
{"timestamp": "2026-09-03T04:29:17", "level": "INFO", "component": "apscheduler.executors.default", "message": "Job \"poll_once (trigger: interval[0:00:10], next run at: 2026-09-03 04:29:27 CEST)\" executed successfully"}
{"timestamp": "2026-09-03T04:29:27", "level": "INFO", "component": "apscheduler.executors.default", "message": "Running job \"poll_once (trigger: interval[0:00:10], next run at: 2026-09-03 04:29:37 CEST)\" (scheduled at 2026-09-03 04:29:27.305960+02:00)"}
{"timestamp": "2026-09-03T04:29:27", "level": "INFO", "component": "apscheduler.executors.default", "message": "Job \"poll_once (trigger: interval[0:00:10], next run at: 2026-09-03 04:29:37 CEST)\" executed successfully"}
{"timestamp": "2026-09-03T04:29:37", "level": "INFO", "component": "apscheduler.executors.default", "message": "Running job \"poll_once (trigger: interval[0:00:10], next run at: 2026-09-03 04:29:47 CEST)\" (scheduled at 2026-09-03 04:29:37.305960+02:00)"}
{"timestamp": "2026-09-03T04:29:37", "level": "INFO", "component": "apscheduler.executors.default", "message": "Job \"poll_once (trigger: interval[0:00:10], next run at: 2026-09-03 04:29:47 CEST)\" executed successfully"}
{"timestamp": "2026-09-03T04:29:42", "level": "INFO", "component": "apscheduler.executors.default", "message": "Running job \"_start_scheduler.<locals>.<lambda> (trigger: interval[0:00:45], next run at: 2026-09-03 04:30:27 CEST)\" (scheduled at 2026-09-03 04:29:42.306433+02:00)"}
{"timestamp": "2026-09-03T04:29:42", "level": "INFO", "component": "cv112_poller", "message": "Feed descargado: 17 incidentes activos", "correlation_id": "22574a53"}
{"timestamp": "2026-09-03T04:29:42", "level": "INFO", "component": "apscheduler.executors.default", "message": "Job \"_start_scheduler.<locals>.<lambda> (trigger: interval[0:00:45], next run at: 2026-09-03 04:30:27 CEST)\" executed successfully"}
{"timestamp": "2026-09-03T04:29:47", "level": "INFO", "component": "apscheduler.executors.default", "message": "Running job \"poll_once (trigger: interval[0:00:10], next run at: 2026-09-03 04:29:57 CEST)\" (scheduled at 2026-09-03 04:29:47.305960+02:00)"}
{"timestamp": "2026-09-03T04:29:47", "level": "INFO", "component": "apscheduler.executors.default", "message": "Job \"poll_once (trigger: interval[0:00:10], next run at: 2026-09-03 04:29:57 CEST)\" executed successfully"}
{"timestamp": "2026-09-03T04:29:57", "level": "INFO", "component": "apscheduler.executors.default", "message": "Running job \"poll_once (trigger: interval[0:00:10], next run at: 2026-09-03 04:30:07 CEST)\" (scheduled at 2026-09-03 04:29:57.305960+02:00)"}
{"timestamp": "2026-09-03T04:29:57", "level": "INFO", "component": "apscheduler.executors.default", "message": "Job \"poll_once (trigger: interval[0:00:10], next run at: 2026-09-03 04:30:07 CEST)\" executed successfully"}
{"timestamp": "2026-09-03T04:30:07", "level": "INFO", "component": "apscheduler.executors.default", "message": "Running job \"poll_once (trigger: interval[0:00:10], next run at: 2026-09-03 04:30:17 CEST)\" (scheduled at 2026-09-03 04:30:07.305960+02:00)"}
{"timestamp": "2026-09-03T04:30:07", "level": "INFO", "component": "apscheduler.executors.default", "message": "Job \"poll_once (trigger: interval[0:00:10], next run at: 2026-09-03 04:30:17 CEST)\" executed successfully"}
{"timestamp": "2026-09-03T04:30:17", "level": "INFO", "component": "apscheduler.executors.default", "message": "Running job \"poll_once (trigger: interval[0:00:10], next run at: 2026-09-03 04:30:27 CEST)\" (scheduled at 2026-09-03 04:30:17.305960+02:00)"}
{"timestamp": "2026-09-03T04:30:17", "level": "INFO", "component": "apscheduler.executors.default", "message": "Job \"poll_once (trigger: interval[0:00:10], next run at: 2026-09-03 04:30:27 CEST)\" executed successfully"}
{"timestamp": "2026-09-03T04:30:27", "level": "INFO", "component": "apscheduler.executors.default", "message": "Running job \"poll_once (trigger: interval[0:00:10], next run at: 2026-09-03 04:30:37 CEST)\" (scheduled at 2026-09-03 04:30:27.305960+02:00)"}
{"timestamp": "2026-09-03T04:30:27", "level": "INFO", "component": "apscheduler.executors.default", "message": "Running job \"_start_scheduler.<locals>.<lambda> (trigger: interval[0:00:45], next run at: 2026-09-03 04:31:12 CEST)\" (scheduled at 2026-09-03 04:30:27.306433+02:00)"}
{"timestamp": "2026-09-03T04:30:27", "level": "INFO", "component": "apscheduler.executors.default", "message": "Job \"poll_once (trigger: interval[0:00:10], next run at: 2026-09-03 04:30:37 CEST)\" executed successfully"}
{"timestamp": "2026-09-03T04:30:27", "level": "INFO", "component": "cv112_poller", "message": "Feed descargado: 17 incidentes activos", "correlation_id": "15501b09"}
{"timestamp": "2026-09-03T04:30:27", "level": "INFO", "component": "apscheduler.executors.default", "message": "Job \"_start_scheduler.<locals>.<lambda> (trigger: interval[0:00:45], next run at: 2026-09-03 04:31:12 CEST)\" executed successfully"}
{"timestamp": "2026-09-03T04:30:37", "level": "INFO", "component": "apscheduler.executors.default", "message": "Running job \"poll_once (trigger: interval[0:00:10], next run at: 2026-09-03 04:30:47 CEST)\" (scheduled at 2026-09-03 04:30:37.305960+02:00)"}
{"timestamp": "2026-09-03T04:30:37", "level": "INFO", "component": "apscheduler.executors.default", "message": "Job \"poll_once (trigger: interval[0:00:10], next run at: 2026-09-03 04:30:47 CEST)\" executed successfully"}
{"timestamp": "2026-09-03T04:30:47", "level": "INFO", "component": "apscheduler.executors.default", "message": "Running job \"poll_once (trigger: interval[0:00:10], next run at: 2026-09-03 04:30:57 CEST)\" (scheduled at 2026-09-03 04:30:47.305960+02:00)"}
{"timestamp": "2026-09-03T04:30:47", "level": "INFO", "component": "apscheduler.executors.default", "message": "Job \"poll_once (trigger: interval[0:00:10], next run at: 2026-09-03 04:30:57 CEST)\" executed successfully"}
{"timestamp": "2026-09-03T04:30:57", "level": "INFO", "component": "apscheduler.executors.default", "message": "Running job \"poll_once (trigger: interval[0:00:10], next run at: 2026-09-03 04:31:07 CEST)\" (scheduled at 2026-09-03 04:30:57.305960+02:00)"}
{"timestamp": "2026-09-03T04:30:57", "level": "INFO", "component": "apscheduler.executors.default", "message": "Job \"poll_once (trigger: interval[0:00:10], next run at: 2026-09-03 04:31:07 CEST)\" executed successfully"}
{"timestamp": "2026-09-03T04:31:07", "level": "INFO", "component": "apscheduler.executors.default", "message": "Running job \"poll_once (trigger: interval[0:00:10], next run at: 2026-09-03 04:31:17 CEST)\" (scheduled at 2026-09-03 04:31:07.305960+02:00)"}
{"timestamp": "2026-09-03T04:31:07", "level": "INFO", "component": "apscheduler.executors.default", "message": "Job \"poll_once (trigger: interval[0:00:10], next run at: 2026-09-03 04:31:17 CEST)\" executed successfully"}
{"timestamp": "2026-09-03T04:31:12", "level": "INFO", "component": "apscheduler.executors.default", "message": "Running job \"_start_scheduler.<locals>.<lambda> (trigger: interval[0:00:45], next run at: 2026-09-03 04:31:57 CEST)\" (scheduled at 2026-09-03 04:31:12.306433+02:00)"}
{"timestamp": "2026-09-03T04:31:12", "level": "INFO", "component": "cv112_poller", "message": "Feed descargado: 17 incidentes activos", "correlation_id": "6a82f401"}
{"timestamp": "2026-09-03T04:31:12", "level": "INFO", "component": "apscheduler.executors.default", "message": "Job \"_start_scheduler.<locals>.<lambda> (trigger: interval[0:00:45], next run at: 2026-09-03 04:31:57 CEST)\" executed successfully"}
{"timestamp": "2026-09-03T04:31:17", "level": "INFO", "component": "apscheduler.executors.default", "message": "Running job \"poll_once (trigger: interval[0:00:10], next run at: 2026-09-03 04:31:27 CEST)\" (scheduled at 2026-09-03 04:31:17.305960+02:00)"}
{"timestamp": "2026-09-03T04:31:17", "level": "INFO", "component": "apscheduler.executors.default", "message": "Job \"poll_once (trigger: interval[0:00:10], next run at: 2026-09-03 04:31:27 CEST)\" executed successfully"}
{"timestamp": "2026-09-03T04:31:27", "level": "INFO", "component": "apscheduler.executors.default", "message": "Running job \"poll_once (trigger: interval[0:00:10], next run at: 2026-09-03 04:31:37 CEST)\" (scheduled at 2026-09-03 04:31:27.305960+02:00)"}
{"timestamp": "2026-09-03T04:31:27", "level": "INFO", "component": "apscheduler.executors.default", "message": "Job \"poll_once (trigger: interval[0:00:10], next run at: 2026-09-03 04:31:37 CEST)\" executed successfully"}
{"timestamp": "2026-09-03T04:31:37", "level": "INFO", "component": "apscheduler.executors.default", "message": "Running job \"poll_once (trigger: interval[0:00:10], next run at: 2026-09-03 04:31:47 CEST)\" (scheduled at 2026-09-03 04:31:37.305960+02:00)"}
{"timestamp": "2026-09-03T04:31:37", "level": "INFO", "component": "apscheduler.executors.default", "message": "Job \"poll_once (trigger: interval[0:00:10], next run at: 2026-09-03 04:31:47 CEST)\" executed successfully"}
{"timestamp": "2026-09-03T04:31:47", "level": "INFO", "component": "apscheduler.executors.default", "message": "Running job \"poll_once (trigger: interval[0:00:10], next run at: 2026-09-03 04:31:57 CEST)\" (scheduled at 2026-09-03 04:31:47.305960+02:00)"}
{"timestamp": "2026-09-03T04:31:47", "level": "INFO", "component": "apscheduler.executors.default", "message": "Job \"poll_once (trigger: interval[0:00:10], next run at: 2026-09-03 04:31:57 CEST)\" executed successfully"}
{"timestamp": "2026-09-03T04:31:57", "level": "INFO", "component": "apscheduler.executors.default", "message": "Running job \"poll_once (trigger: interval[0:00:10], next run at: 2026-09-03 04:32:07 CEST)\" (scheduled at 2026-09-03 04:31:57.305960+02:00)"}
{"timestamp": "2026-09-03T04:31:57", "level": "INFO", "component": "apscheduler.executors.default", "message": "Running job \"_start_scheduler.<locals>.<lambda> (trigger: interval[0:00:45], next run at: 2026-09-03 04:32:42 CEST)\" (scheduled at 2026-09-03 04:31:57.306433+02:00)"}
{"timestamp": "2026-09-03T04:31:57", "level": "INFO", "component": "apscheduler.executors.default", "message": "Job \"poll_once (trigger: interval[0:00:10], next run at: 2026-09-03 04:32:07 CEST)\" executed successfully"}
{"timestamp": "2026-09-03T04:31:57", "level": "INFO", "component": "cv112_poller", "message": "Feed descargado: 17 incidentes activos", "correlation_id": "2f56637f"}
{"timestamp": "2026-09-03T04:31:57", "level": "INFO", "component": "apscheduler.executors.default", "message": "Job \"_start_scheduler.<locals>.<lambda> (trigger: interval[0:00:45], next run at: 2026-09-03 04:32:42 CEST)\" executed successfully"}
{"timestamp": "2026-09-03T04:32:07", "level": "INFO", "component": "apscheduler.executors.default", "message": "Running job \"poll_once (trigger: interval[0:00:10], next run at: 2026-09-03 04:32:17 CEST)\" (scheduled at 2026-09-03 04:32:07.305960+02:00)"}
{"timestamp": "2026-09-03T04:32:07", "level": "INFO", "component": "apscheduler.executors.default", "message": "Job \"poll_once (trigger: interval[0:00:10], next run at: 2026-09-03 04:32:17 CEST)\" executed successfully"}
{"timestamp": "2026-09-03T04:32:17", "level": "INFO", "component": "apscheduler.executors.default", "message": "Running job \"poll_once (trigger: interval[0:00:10], next run at: 2026-09-03 04:32:27 CEST)\" (scheduled at 2026-09-03 04:32:17.305960+02:00)"}
{"timestamp": "2026-09-03T04:32:17", "level": "INFO", "component": "apscheduler.executors.default", "message": "Job \"poll_once (trigger: interval[0:00:10], next run at: 2026-09-03 04:32:27 CEST)\" executed successfully"}
{"timestamp": "2026-09-03T04:32:27", "level": "INFO", "component": "apscheduler.executors.default", "message": "Running job \"poll_once (trigger: interval[0:00:10], next run at: 2026-09-03 04:32:37 CEST)\" (scheduled at 2026-09-03 04:32:27.305960+02:00)"}
{"timestamp": "2026-09-03T04:32:27", "level": "INFO", "component": "apscheduler.executors.default", "message": "Job \"poll_once (trigger: interval[0:00:10], next run at: 2026-09-03 04:32:37 CEST)\" executed successfully"}
{"timestamp": "2026-09-03T04:32:37", "level": "INFO", "component": "apscheduler.executors.default", "message": "Running job \"poll_once (trigger: interval[0:00:10], next run at: 2026-09-03 04:32:47 CEST)\" (scheduled at 2026-09-03 04:32:37.305960+02:00)"}
{"timestamp": "2026-09-03T04:32:37", "level": "INFO", "component": "apscheduler.executors.default", "message": "Job \"poll_once (trigger: interval[0:00:10], next run at: 2026-09-03 04:32:47 CEST)\" executed successfully"}
{"timestamp": "2026-09-03T04:32:42", "level": "INFO", "component": "apscheduler.executors.default", "message": "Running job \"_start_scheduler.<locals>.<lambda> (trigger: interval[0:00:45], next run at: 2026-09-03 04:33:27 CEST)\" (scheduled at 2026-09-03 04:32:42.306433+02:00)"}
{"timestamp": "2026-09-03T04:32:42", "level": "INFO", "component": "cv112_poller", "message": "Feed descargado: 17 incidentes activos", "correlation_id": "e33dc923"}
{"timestamp": "2026-09-03T04:32:42", "level": "INFO", "component": "apscheduler.executors.default", "message": "Job \"_start_scheduler.<locals>.<lambda> (trigger: interval[0:00:45], next run at: 2026-09-03 04:33:27 CEST)\" executed successfully"}
{"timestamp": "2026-09-03T04:32:47", "level": "INFO", "component": "apscheduler.executors.default", "message": "Running job \"poll_once (trigger: interval[0:00:10], next run at: 2026-09-03 04:32:57 CEST)\" (scheduled at 2026-09-03 04:32:47.305960+02:00)"}
{"timestamp": "2026-09-03T04:32:47", "level": "INFO", "component": "apscheduler.executors.default", "message": "Job \"poll_once (trigger: interval[0:00:10], next run at: 2026-09-03 04:32:57 CEST)\" executed successfully"}
{"timestamp": "2026-09-03T04:32:57", "level": "INFO", "component": "apscheduler.executors.default", "message": "Running job \"poll_once (trigger: interval[0:00:10], next run at: 2026-09-03 04:33:07 CEST)\" (scheduled at 2026-09-03 04:32:57.305960+02:00)"}
{"timestamp": "2026-09-03T04:32:57", "level": "INFO", "component": "apscheduler.executors.default", "message": "Job \"poll_once (trigger: interval[0:00:10], next run at: 2026-09-03 04:33:07 CEST)\" executed successfully"}
{"timestamp": "2026-09-03T04:33:07", "level": "INFO", "component": "apscheduler.executors.default", "message": "Running job \"poll_once (trigger: interval[0:00:10], next run at: 2026-09-03 04:33:17 CEST)\" (scheduled at 2026-09-03 04:33:07.305960+02:00)"}
{"timestamp": "2026-09-03T04:33:07", "level": "INFO", "component": "apscheduler.executors.default", "message": "Job \"poll_once (trigger: interval[0:00:10], next run at: 2026-09-03 04:33:17 CEST)\" executed successfully"}
{"timestamp": "2026-09-03T04:33:17", "level": "INFO", "component": "apscheduler.executors.default", "message": "Running job \"poll_once (trigger: interval[0:00:10], next run at: 2026-09-03 04:33:27 CEST)\" (scheduled at 2026-09-03 04:33:17.305960+02:00)"}
{"timestamp": "2026-09-03T04:33:17", "level": "INFO", "component": "apscheduler.executors.default", "message": "Job \"poll_once (trigger: interval[0:00:10], next run at: 2026-09-03 04:33:27 CEST)\" executed successfully"}
{"timestamp": "2026-09-03T04:33:27", "level": "INFO", "component": "apscheduler.executors.default", "message": "Running job \"poll_once (trigger: interval[0:00:10], next run at: 2026-09-03 04:33:37 CEST)\" (scheduled at 2026-09-03 04:33:27.305960+02:00)"}
{"timestamp": "2026-09-03T04:33:27", "level": "INFO", "component": "apscheduler.executors.default", "message": "Running job \"_start_scheduler.<locals>.<lambda> (trigger: interval[0:00:45], next run at: 2026-09-03 04:34:12 CEST)\" (scheduled at 2026-09-03 04:33:27.306433+02:00)"}
{"timestamp": "2026-09-03T04:33:27", "level": "INFO", "component": "apscheduler.executors.default", "message": "Job \"poll_once (trigger: interval[0:00:10], next run at: 2026-09-03 04:33:37 CEST)\" executed successfully"}
{"timestamp": "2026-09-03T04:33:27", "level": "INFO", "component": "cv112_poller", "message": "Feed descargado: 17 incidentes activos", "correlation_id": "44b37ced"}
{"timestamp": "2026-09-03T04:33:27", "level": "INFO", "component": "apscheduler.executors.default", "message": "Job \"_start_scheduler.<locals>.<lambda> (trigger: interval[0:00:45], next run at: 2026-09-03 04:34:12 CEST)\" executed successfully"}
{"timestamp": "2026-09-03T04:33:37", "level": "INFO", "component": "apscheduler.executors.default", "message": "Running job \"poll_once (trigger: interval[0:00:10], next run at: 2026-09-03 04:33:47 CEST)\" (scheduled at 2026-09-03 04:33:37.305960+02:00)"}
{"timestamp": "2026-09-03T04:33:37", "level": "INFO", "component": "apscheduler.executors.default", "message": "Job \"poll_once (trigger: interval[0:00:10], next run at: 2026-09-03 04:33:47 CEST)\" executed successfully"}
{"timestamp": "2026-09-03T04:33:47", "level": "INFO", "component": "apscheduler.executors.default", "message": "Running job \"poll_once (trigger: interval[0:00:10], next run at: 2026-09-03 04:33:57 CEST)\" (scheduled at 2026-09-03 04:33:47.305960+02:00)"}
{"timestamp": "2026-09-03T04:33:47", "level": "INFO", "component": "apscheduler.executors.default", "message": "Job \"poll_once (trigger: interval[0:00:10], next run at: 2026-09-03 04:33:57 CEST)\" executed successfully"}
{"timestamp": "2026-09-03T04:33:57", "level": "INFO", "component": "apscheduler.executors.default", "message": "Running job \"poll_once (trigger: interval[0:00:10], next run at: 2026-09-03 04:34:07 CEST)\" (scheduled at 2026-09-03 04:33:57.305960+02:00)"}
{"timestamp": "2026-09-03T04:33:57", "level": "INFO", "component": "apscheduler.executors.default", "message": "Job \"poll_once (trigger: interval[0:00:10], next run at: 2026-09-03 04:34:07 CEST)\" executed successfully"}
{"timestamp": "2026-09-03T04:34:07", "level": "INFO", "component": "apscheduler.executors.default", "message": "Running job \"poll_once (trigger: interval[0:00:10], next run at: 2026-09-03 04:34:17 CEST)\" (scheduled at 2026-09-03 04:34:07.305960+02:00)"}
{"timestamp": "2026-09-03T04:34:07", "level": "INFO", "component": "apscheduler.executors.default", "message": "Job \"poll_once (trigger: interval[0:00:10], next run at: 2026-09-03 04:34:17 CEST)\" executed successfully"}
{"timestamp": "2026-09-03T04:34:12", "level": "INFO", "component": "apscheduler.executors.default", "message": "Running job \"_start_scheduler.<locals>.<lambda> (trigger: interval[0:00:45], next run at: 2026-09-03 04:34:57 CEST)\" (scheduled at 2026-09-03 04:34:12.306433+02:00)"}
{"timestamp": "2026-09-03T04:34:12", "level": "INFO", "component": "cv112_poller", "message": "Feed descargado: 17 incidentes activos", "correlation_id": "36262bd3"}
{"timestamp": "2026-09-03T04:34:12", "level": "INFO", "component": "apscheduler.executors.default", "message": "Job \"_start_scheduler.<locals>.<lambda> (trigger: interval[0:00:45], next run at: 2026-09-03 04:34:57 CEST)\" executed successfully"}
{"timestamp": "2026-09-03T04:34:17", "level": "INFO", "component": "apscheduler.executors.default", "message": "Running job \"poll_once (trigger: interval[0:00:10], next run at: 2026-09-03 04:34:27 CEST)\" (scheduled at 2026-09-03 04:34:17.305960+02:00)"}
{"timestamp": "2026-09-03T04:34:17", "level": "INFO", "component": "apscheduler.executors.default", "message": "Job \"poll_once (trigger: interval[0:00:10], next run at: 2026-09-03 04:34:27 CEST)\" executed successfully"}
{"timestamp": "2026-09-03T04:34:27", "level": "INFO", "component": "apscheduler.executors.default", "message": "Running job \"poll_once (trigger: interval[0:00:10], next run at: 2026-09-03 04:34:37 CEST)\" (scheduled at 2026-09-03 04:34:27.305960+02:00)"}
{"timestamp": "2026-09-03T04:34:27", "level": "INFO", "component": "apscheduler.executors.default", "message": "Job \"poll_once (trigger: interval[0:00:10], next run at: 2026-09-03 04:34:37 CEST)\" executed successfully"}
{"timestamp": "2026-09-03T04:34:37", "level": "INFO", "component": "apscheduler.executors.default", "message": "Running job \"poll_once (trigger: interval[0:00:10], next run at: 2026-09-03 04:34:47 CEST)\" (scheduled at 2026-09-03 04:34:37.305960+02:00)"}
{"timestamp": "2026-09-03T04:34:37", "level": "INFO", "component": "apscheduler.executors.default", "message": "Job \"poll_once (trigger: interval[0:00:10], next run at: 2026-09-03 04:34:47 CEST)\" executed successfully"}
{"timestamp": "2026-09-03T04:34:47", "level": "INFO", "component": "apscheduler.executors.default", "message": "Running job \"poll_once (trigger: interval[0:00:10], next run at: 2026-09-03 04:34:57 CEST)\" (scheduled at 2026-09-03 04:34:47.305960+02:00)"}
{"timestamp": "2026-09-03T04:34:47", "level": "INFO", "component": "apscheduler.executors.default", "message": "Job \"poll_once (trigger: interval[0:00:10], next run at: 2026-09-03 04:34:57 CEST)\" executed successfully"}
{"timestamp": "2026-09-03T04:34:57", "level": "INFO", "component": "apscheduler.executors.default", "message": "Running job \"poll_once (trigger: interval[0:00:10], next run at: 2026-09-03 04:35:07 CEST)\" (scheduled at 2026-09-03 04:34:57.305960+02:00)"}
{"timestamp": "2026-09-03T04:34:57", "level": "INFO", "component": "apscheduler.executors.default", "message": "Running job \"_start_scheduler.<locals>.<lambda> (trigger: interval[0:00:45], next run at: 2026-09-03 04:35:42 CEST)\" (scheduled at 2026-09-03 04:34:57.306433+02:00)"}
{"timestamp": "2026-09-03T04:34:57", "level": "INFO", "component": "apscheduler.executors.default", "message": "Job \"poll_once (trigger: interval[0:00:10], next run at: 2026-09-03 04:35:07 CEST)\" executed successfully"}
{"timestamp": "2026-09-03T04:34:57", "level": "INFO", "component": "cv112_poller", "message": "Feed descargado: 17 incidentes activos", "correlation_id": "24663233"}
{"timestamp": "2026-09-03T04:34:57", "level": "INFO", "component": "apscheduler.executors.default", "message": "Job \"_start_scheduler.<locals>.<lambda> (trigger: interval[0:00:45], next run at: 2026-09-03 04:35:42 CEST)\" executed successfully"}
{"timestamp": "2026-09-03T04:35:07", "level": "INFO", "component": "apscheduler.executors.default", "message": "Running job \"poll_once (trigger: interval[0:00:10], next run at: 2026-09-03 04:35:17 CEST)\" (scheduled at 2026-09-03 04:35:07.305960+02:00)"}
{"timestamp": "2026-09-03T04:35:07", "level": "INFO", "component": "apscheduler.executors.default", "message": "Job \"poll_once (trigger: interval[0:00:10], next run at: 2026-09-03 04:35:17 CEST)\" executed successfully"}
{"timestamp": "2026-09-03T04:35:17", "level": "INFO", "component": "apscheduler.executors.default", "message": "Running job \"poll_once (trigger: interval[0:00:10], next run at: 2026-09-03 04:35:27 CEST)\" (scheduled at 2026-09-03 04:35:17.305960+02:00)"}
{"timestamp": "2026-09-03T04:35:17", "level": "INFO", "component": "apscheduler.executors.default", "message": "Job \"poll_once (trigger: interval[0:00:10], next run at: 2026-09-03 04:35:27 CEST)\" executed successfully"}
{"timestamp": "2026-09-03T04:35:27", "level": "INFO", "component": "apscheduler.executors.default", "message": "Running job \"poll_once (trigger: interval[0:00:10], next run at: 2026-09-03 04:35:37 CEST)\" (scheduled at 2026-09-03 04:35:27.305960+02:00)"}
{"timestamp": "2026-09-03T04:35:27", "level": "INFO", "component": "apscheduler.executors.default", "message": "Job \"poll_once (trigger: interval[0:00:10], next run at: 2026-09-03 04:35:37 CEST)\" executed successfully"}
{"timestamp": "2026-09-03T04:35:37", "level": "INFO", "component": "apscheduler.executors.default", "message": "Running job \"poll_once (trigger: interval[0:00:10], next run at: 2026-09-03 04:35:47 CEST)\" (scheduled at 2026-09-03 04:35:37.305960+02:00)"}
{"timestamp": "2026-09-03T04:35:37", "level": "INFO", "component": "apscheduler.executors.default", "message": "Job \"poll_once (trigger: interval[0:00:10], next run at: 2026-09-03 04:35:47 CEST)\" executed successfully"}
{"timestamp": "2026-09-03T04:35:42", "level": "INFO", "component": "apscheduler.executors.default", "message": "Running job \"_start_scheduler.<locals>.<lambda> (trigger: interval[0:00:45], next run at: 2026-09-03 04:36:27 CEST)\" (scheduled at 2026-09-03 04:35:42.306433+02:00)"}
{"timestamp": "2026-09-03T04:35:42", "level": "INFO", "component": "cv112_poller", "message": "Feed descargado: 17 incidentes activos", "correlation_id": "9f19dcea"}
{"timestamp": "2026-09-03T04:35:42", "level": "INFO", "component": "apscheduler.executors.default", "message": "Job \"_start_scheduler.<locals>.<lambda> (trigger: interval[0:00:45], next run at: 2026-09-03 04:36:27 CEST)\" executed successfully"}
{"timestamp": "2026-09-03T04:35:47", "level": "INFO", "component": "apscheduler.executors.default", "message": "Running job \"poll_once (trigger: interval[0:00:10], next run at: 2026-09-03 04:35:57 CEST)\" (scheduled at 2026-09-03 04:35:47.305960+02:00)"}
{"timestamp": "2026-09-03T04:35:47", "level": "INFO", "component": "apscheduler.executors.default", "message": "Job \"poll_once (trigger: interval[0:00:10], next run at: 2026-09-03 04:35:57 CEST)\" executed successfully"}
{"timestamp": "2026-09-03T04:35:57", "level": "INFO", "component": "apscheduler.executors.default", "message": "Running job \"poll_once (trigger: interval[0:00:10], next run at: 2026-09-03 04:36:07 CEST)\" (scheduled at 2026-09-03 04:35:57.305960+02:00)"}
{"timestamp": "2026-09-03T04:35:57", "level": "INFO", "component": "apscheduler.executors.default", "message": "Job \"poll_once (trigger: interval[0:00:10], next run at: 2026-09-03 04:36:07 CEST)\" executed successfully"}
{"timestamp": "2026-09-03T04:36:07", "level": "INFO", "component": "apscheduler.executors.default", "message": "Running job \"poll_once (trigger: interval[0:00:10], next run at: 2026-09-03 04:36:17 CEST)\" (scheduled at 2026-09-03 04:36:07.305960+02:00)"}
{"timestamp": "2026-09-03T04:36:07", "level": "INFO", "component": "apscheduler.executors.default", "message": "Job \"poll_once (trigger: interval[0:00:10], next run at: 2026-09-03 04:36:17 CEST)\" executed successfully"}
{"timestamp": "2026-09-03T04:36:17", "level": "INFO", "component": "apscheduler.executors.default", "message": "Running job \"poll_once (trigger: interval[0:00:10], next run at: 2026-09-03 04:36:27 CEST)\" (scheduled at 2026-09-03 04:36:17.305960+02:00)"}
{"timestamp": "2026-09-03T04:36:17", "level": "INFO", "component": "apscheduler.executors.default", "message": "Job \"poll_once (trigger: interval[0:00:10], next run at: 2026-09-03 04:36:27 CEST)\" executed successfully"}
{"timestamp": "2026-09-03T04:36:27", "level": "INFO", "component": "apscheduler.executors.default", "message": "Running job \"poll_once (trigger: interval[0:00:10], next run at: 2026-09-03 04:36:37 CEST)\" (scheduled at 2026-09-03 04:36:27.305960+02:00)"}
{"timestamp": "2026-09-03T04:36:27", "level": "INFO", "component": "apscheduler.executors.default", "message": "Running job \"_start_scheduler.<locals>.<lambda> (trigger: interval[0:00:45], next run at: 2026-09-03 04:37:12 CEST)\" (scheduled at 2026-09-03 04:36:27.306433+02:00)"}
{"timestamp": "2026-09-03T04:36:27", "level": "INFO", "component": "apscheduler.executors.default", "message": "Job \"poll_once (trigger: interval[0:00:10], next run at: 2026-09-03 04:36:37 CEST)\" executed successfully"}
{"timestamp": "2026-09-03T04:36:27", "level": "INFO", "component": "cv112_poller", "message": "Feed descargado: 17 incidentes activos", "correlation_id": "805fed09"}
{"timestamp": "2026-09-03T04:36:27", "level": "INFO", "component": "apscheduler.executors.default", "message": "Job \"_start_scheduler.<locals>.<lambda> (trigger: interval[0:00:45], next run at: 2026-09-03 04:37:12 CEST)\" executed successfully"}
{"timestamp": "2026-09-03T04:36:37", "level": "INFO", "component": "apscheduler.executors.default", "message": "Running job \"poll_once (trigger: interval[0:00:10], next run at: 2026-09-03 04:36:47 CEST)\" (scheduled at 2026-09-03 04:36:37.305960+02:00)"}
{"timestamp": "2026-09-03T04:36:37", "level": "INFO", "component": "apscheduler.executors.default", "message": "Job \"poll_once (trigger: interval[0:00:10], next run at: 2026-09-03 04:36:47 CEST)\" executed successfully"}
{"timestamp": "2026-09-03T04:36:47", "level": "INFO", "component": "apscheduler.executors.default", "message": "Running job \"poll_once (trigger: interval[0:00:10], next run at: 2026-09-03 04:36:57 CEST)\" (scheduled at 2026-09-03 04:36:47.305960+02:00)"}
{"timestamp": "2026-09-03T04:36:47", "level": "INFO", "component": "apscheduler.executors.default", "message": "Job \"poll_once (trigger: interval[0:00:10], next run at: 2026-09-03 04:36:57 CEST)\" executed successfully"}
{"timestamp": "2026-09-03T04:36:57", "level": "INFO", "component": "apscheduler.executors.default", "message": "Running job \"poll_once (trigger: interval[0:00:10], next run at: 2026-09-03 04:37:07 CEST)\" (scheduled at 2026-09-03 04:36:57.305960+02:00)"}
{"timestamp": "2026-09-03T04:36:57", "level": "INFO", "component": "apscheduler.executors.default", "message": "Job \"poll_once (trigger: interval[0:00:10], next run at: 2026-09-03 04:37:07 CEST)\" executed successfully"}
{"timestamp": "2026-09-03T04:37:07", "level": "INFO", "component": "apscheduler.executors.default", "message": "Running job \"poll_once (trigger: interval[0:00:10], next run at: 2026-09-03 04:37:17 CEST)\" (scheduled at 2026-09-03 04:37:07.305960+02:00)"}
{"timestamp": "2026-09-03T04:37:07", "level": "INFO", "component": "apscheduler.executors.default", "message": "Job \"poll_once (trigger: interval[0:00:10], next run at: 2026-09-03 04:37:17 CEST)\" executed successfully"}
{"timestamp": "2026-09-03T04:37:12", "level": "INFO", "component": "apscheduler.executors.default", "message": "Running job \"_start_scheduler.<locals>.<lambda> (trigger: interval[0:00:45], next run at: 2026-09-03 04:37:57 CEST)\" (scheduled at 2026-09-03 04:37:12.306433+02:00)"}
{"timestamp": "2026-09-03T04:37:12", "level": "INFO", "component": "cv112_poller", "message": "Feed descargado: 17 incidentes activos", "correlation_id": "e25e4567"}
{"timestamp": "2026-09-03T04:37:12", "level": "INFO", "component": "apscheduler.executors.default", "message": "Job \"_start_scheduler.<locals>.<lambda> (trigger: interval[0:00:45], next run at: 2026-09-03 04:37:57 CEST)\" executed successfully"}
{"timestamp": "2026-09-03T04:37:17", "level": "INFO", "component": "apscheduler.executors.default", "message": "Running job \"poll_once (trigger: interval[0:00:10], next run at: 2026-09-03 04:37:27 CEST)\" (scheduled at 2026-09-03 04:37:17.305960+02:00)"}
{"timestamp": "2026-09-03T04:37:17", "level": "INFO", "component": "apscheduler.executors.default", "message": "Job \"poll_once (trigger: interval[0:00:10], next run at: 2026-09-03 04:37:27 CEST)\" executed successfully"}
{"timestamp": "2026-09-03T04:37:27", "level": "INFO", "component": "apscheduler.executors.default", "message": "Running job \"poll_once (trigger: interval[0:00:10], next run at: 2026-09-03 04:37:37 CEST)\" (scheduled at 2026-09-03 04:37:27.305960+02:00)"}
{"timestamp": "2026-09-03T04:37:27", "level": "INFO", "component": "apscheduler.executors.default", "message": "Job \"poll_once (trigger: interval[0:00:10], next run at: 2026-09-03 04:37:37 CEST)\" executed successfully"}
{"timestamp": "2026-09-03T04:37:37", "level": "INFO", "component": "apscheduler.executors.default", "message": "Running job \"poll_once (trigger: interval[0:00:10], next run at: 2026-09-03 04:37:47 CEST)\" (scheduled at 2026-09-03 04:37:37.305960+02:00)"}
{"timestamp": "2026-09-03T04:37:37", "level": "INFO", "component": "apscheduler.executors.default", "message": "Job \"poll_once (trigger: interval[0:00:10], next run at: 2026-09-03 04:37:47 CEST)\" executed successfully"}
{"timestamp": "2026-09-03T04:37:47", "level": "INFO", "component": "apscheduler.executors.default", "message": "Running job \"poll_once (trigger: interval[0:00:10], next run at: 2026-09-03 04:37:57 CEST)\" (scheduled at 2026-09-03 04:37:47.305960+02:00)"}
{"timestamp": "2026-09-03T04:37:47", "level": "INFO", "component": "apscheduler.executors.default", "message": "Job \"poll_once (trigger: interval[0:00:10], next run at: 2026-09-03 04:37:57 CEST)\" executed successfully"}
{"timestamp": "2026-09-03T04:37:57", "level": "INFO", "component": "apscheduler.executors.default", "message": "Running job \"poll_once (trigger: interval[0:00:10], next run at: 2026-09-03 04:38:07 CEST)\" (scheduled at 2026-09-03 04:37:57.305960+02:00)"}
{"timestamp": "2026-09-03T04:37:57", "level": "INFO", "component": "apscheduler.executors.default", "message": "Running job \"_start_scheduler.<locals>.<lambda> (trigger: interval[0:00:45], next run at: 2026-09-03 04:38:42 CEST)\" (scheduled at 2026-09-03 04:37:57.306433+02:00)"}
{"timestamp": "2026-09-03T04:37:57", "level": "INFO", "component": "apscheduler.executors.default", "message": "Job \"poll_once (trigger: interval[0:00:10], next run at: 2026-09-03 04:38:07 CEST)\" executed successfully"}
{"timestamp": "2026-09-03T04:37:57", "level": "INFO", "component": "cv112_poller", "message": "Feed descargado: 17 incidentes activos", "correlation_id": "015a8e77"}
{"timestamp": "2026-09-03T04:37:57", "level": "INFO", "component": "apscheduler.executors.default", "message": "Job \"_start_scheduler.<locals>.<lambda> (trigger: interval[0:00:45], next run at: 2026-09-03 04:38:42 CEST)\" executed successfully"}
{"timestamp": "2026-09-03T04:38:07", "level": "INFO", "component": "apscheduler.executors.default", "message": "Running job \"poll_once (trigger: interval[0:00:10], next run at: 2026-09-03 04:38:17 CEST)\" (scheduled at 2026-09-03 04:38:07.305960+02:00)"}
{"timestamp": "2026-09-03T04:38:07", "level": "INFO", "component": "apscheduler.executors.default", "message": "Job \"poll_once (trigger: interval[0:00:10], next run at: 2026-09-03 04:38:17 CEST)\" executed successfully"}
{"timestamp": "2026-09-03T04:38:17", "level": "INFO", "component": "apscheduler.executors.default", "message": "Running job \"poll_once (trigger: interval[0:00:10], next run at: 2026-09-03 04:38:27 CEST)\" (scheduled at 2026-09-03 04:38:17.305960+02:00)"}
{"timestamp": "2026-09-03T04:38:17", "level": "INFO", "component": "apscheduler.executors.default", "message": "Job \"poll_once (trigger: interval[0:00:10], next run at: 2026-09-03 04:38:27 CEST)\" executed successfully"}
{"timestamp": "2026-09-03T04:38:27", "level": "INFO", "component": "apscheduler.executors.default", "message": "Running job \"poll_once (trigger: interval[0:00:10], next run at: 2026-09-03 04:38:37 CEST)\" (scheduled at 2026-09-03 04:38:27.305960+02:00)"}
{"timestamp": "2026-09-03T04:38:27", "level": "INFO", "component": "apscheduler.executors.default", "message": "Job \"poll_once (trigger: interval[0:00:10], next run at: 2026-09-03 04:38:37 CEST)\" executed successfully"}
{"timestamp": "2026-09-03T04:38:37", "level": "INFO", "component": "apscheduler.executors.default", "message": "Running job \"poll_once (trigger: interval[0:00:10], next run at: 2026-09-03 04:38:47 CEST)\" (scheduled at 2026-09-03 04:38:37.305960+02:00)"}
{"timestamp": "2026-09-03T04:38:37", "level": "INFO", "component": "apscheduler.executors.default", "message": "Job \"poll_once (trigger: interval[0:00:10], next run at: 2026-09-03 04:38:47 CEST)\" executed successfully"}
{"timestamp": "2026-09-03T04:38:42", "level": "INFO", "component": "apscheduler.executors.default", "message": "Running job \"_start_scheduler.<locals>.<lambda> (trigger: interval[0:00:45], next run at: 2026-09-03 04:39:27 CEST)\" (scheduled at 2026-09-03 04:38:42.306433+02:00)"}
{"timestamp": "2026-09-03T04:38:42", "level": "INFO", "component": "cv112_poller", "message": "Feed descargado: 17 incidentes activos", "correlation_id": "75ad4b6c"}
{"timestamp": "2026-09-03T04:38:42", "level": "INFO", "component": "apscheduler.executors.default", "message": "Job \"_start_scheduler.<locals>.<lambda> (trigger: interval[0:00:45], next run at: 2026-09-03 04:39:27 CEST)\" executed successfully"}
{"timestamp": "2026-09-03T04:54:30", "level": "WARNING", "component": "apscheduler.executors.default", "message": "Run time of job \"poll_once (trigger: interval[0:00:10], next run at: 2026-09-03 04:54:37 CEST)\" was missed by 0:00:02.794507"}
{"timestamp": "2026-09-03T04:54:30", "level": "WARNING", "component": "apscheduler.executors.default", "message": "Run time of job \"_start_scheduler.<locals>.<lambda> (trigger: interval[0:00:45], next run at: 2026-09-03 04:55:12 CEST)\" was missed by 0:00:02.794329"}
{"timestamp": "2026-09-03T04:54:37", "level": "INFO", "component": "apscheduler.executors.default", "message": "Running job \"poll_once (trigger: interval[0:00:10], next run at: 2026-09-03 04:54:47 CEST)\" (scheduled at 2026-09-03 04:54:37.305960+02:00)"}
{"timestamp": "2026-09-03T04:54:37", "level": "INFO", "component": "apscheduler.executors.default", "message": "Job \"poll_once (trigger: interval[0:00:10], next run at: 2026-09-03 04:54:47 CEST)\" executed successfully"}
{"timestamp": "2026-09-03T04:54:47", "level": "INFO", "component": "apscheduler.executors.default", "message": "Running job \"poll_once (trigger: interval[0:00:10], next run at: 2026-09-03 04:54:57 CEST)\" (scheduled at 2026-09-03 04:54:47.305960+02:00)"}
{"timestamp": "2026-09-03T04:54:47", "level": "INFO", "component": "apscheduler.executors.default", "message": "Job \"poll_once (trigger: interval[0:00:10], next run at: 2026-09-03 04:54:57 CEST)\" executed successfully"}
{"timestamp": "2026-09-03T04:54:57", "level": "INFO", "component": "apscheduler.executors.default", "message": "Running job \"poll_once (trigger: interval[0:00:10], next run at: 2026-09-03 04:55:07 CEST)\" (scheduled at 2026-09-03 04:54:57.305960+02:00)"}
{"timestamp": "2026-09-03T04:54:57", "level": "INFO", "component": "apscheduler.executors.default", "message": "Job \"poll_once (trigger: interval[0:00:10], next run at: 2026-09-03 04:55:07 CEST)\" executed successfully"}
{"timestamp": "2026-09-03T04:55:07", "level": "INFO", "component": "apscheduler.executors.default", "message": "Running job \"poll_once (trigger: interval[0:00:10], next run at: 2026-09-03 04:55:17 CEST)\" (scheduled at 2026-09-03 04:55:07.305960+02:00)"}
{"timestamp": "2026-09-03T04:55:07", "level": "INFO", "component": "apscheduler.executors.default", "message": "Job \"poll_once (trigger: interval[0:00:10], next run at: 2026-09-03 04:55:17 CEST)\" executed successfully"}
{"timestamp": "2026-09-03T04:55:12", "level": "INFO", "component": "apscheduler.executors.default", "message": "Running job \"_start_scheduler.<locals>.<lambda> (trigger: interval[0:00:45], next run at: 2026-09-03 04:55:57 CEST)\" (scheduled at 2026-09-03 04:55:12.306433+02:00)"}
{"timestamp": "2026-09-03T04:55:12", "level": "INFO", "component": "cv112_poller", "message": "Feed descargado: 15 incidentes activos", "correlation_id": "de9d2b04"}
{"timestamp": "2026-09-03T04:55:12", "level": "INFO", "component": "cv112_poller", "message": "Taxonomía: nuevo municipio detectado en el feed: 'Fontanars dels Alforins'", "correlation_id": "de9d2b04"}
{"timestamp": "2026-09-03T04:55:12", "level": "INFO", "component": "cv112_poller", "message": "Incidente 40512140 visto pero alertas automáticas pausadas (killswitch)", "correlation_id": "de9d2b04"}
{"timestamp": "2026-09-03T04:55:12", "level": "INFO", "component": "apscheduler.executors.default", "message": "Job \"_start_scheduler.<locals>.<lambda> (trigger: interval[0:00:45], next run at: 2026-09-03 04:55:57 CEST)\" executed successfully"}
{"timestamp": "2026-09-03T04:55:17", "level": "INFO", "component": "apscheduler.executors.default", "message": "Running job \"poll_once (trigger: interval[0:00:10], next run at: 2026-09-03 04:55:27 CEST)\" (scheduled at 2026-09-03 04:55:17.305960+02:00)"}
{"timestamp": "2026-09-03T04:55:17", "level": "INFO", "component": "apscheduler.executors.default", "message": "Job \"poll_once (trigger: interval[0:00:10], next run at: 2026-09-03 04:55:27 CEST)\" executed successfully"}
{"timestamp": "2026-09-03T04:55:27", "level": "INFO", "component": "apscheduler.executors.default", "message": "Running job \"poll_once (trigger: interval[0:00:10], next run at: 2026-09-03 04:55:37 CEST)\" (scheduled at 2026-09-03 04:55:27.305960+02:00)"}
{"timestamp": "2026-09-03T04:55:27", "level": "INFO", "component": "apscheduler.executors.default", "message": "Job \"poll_once (trigger: interval[0:00:10], next run at: 2026-09-03 04:55:37 CEST)\" executed successfully"}
{"timestamp": "2026-09-03T04:55:37", "level": "INFO", "component": "apscheduler.executors.default", "message": "Running job \"poll_once (trigger: interval[0:00:10], next run at: 2026-09-03 04:55:47 CEST)\" (scheduled at 2026-09-03 04:55:37.305960+02:00)"}
{"timestamp": "2026-09-03T04:55:37", "level": "INFO", "component": "apscheduler.executors.default", "message": "Job \"poll_once (trigger: interval[0:00:10], next run at: 2026-09-03 04:55:47 CEST)\" executed successfully"}
{"timestamp": "2026-09-03T04:55:47", "level": "INFO", "component": "apscheduler.executors.default", "message": "Running job \"poll_once (trigger: interval[0:00:10], next run at: 2026-09-03 04:55:57 CEST)\" (scheduled at 2026-09-03 04:55:47.305960+02:00)"}
{"timestamp": "2026-09-03T04:55:47", "level": "INFO", "component": "apscheduler.executors.default", "message": "Job \"poll_once (trigger: interval[0:00:10], next run at: 2026-09-03 04:55:57 CEST)\" executed successfully"}
{"timestamp": "2026-09-03T04:55:57", "level": "INFO", "component": "apscheduler.executors.default", "message": "Running job \"poll_once (trigger: interval[0:00:10], next run at: 2026-09-03 04:56:07 CEST)\" (scheduled at 2026-09-03 04:55:57.305960+02:00)"}
{"timestamp": "2026-09-03T04:55:57", "level": "INFO", "component": "apscheduler.executors.default", "message": "Running job \"_start_scheduler.<locals>.<lambda> (trigger: interval[0:00:45], next run at: 2026-09-03 04:56:42 CEST)\" (scheduled at 2026-09-03 04:55:57.306433+02:00)"}
{"timestamp": "2026-09-03T04:55:57", "level": "INFO", "component": "apscheduler.executors.default", "message": "Job \"poll_once (trigger: interval[0:00:10], next run at: 2026-09-03 04:56:07 CEST)\" executed successfully"}
{"timestamp": "2026-09-03T04:55:57", "level": "INFO", "component": "cv112_poller", "message": "Feed descargado: 15 incidentes activos", "correlation_id": "094fa673"}
{"timestamp": "2026-09-03T04:55:57", "level": "INFO", "component": "apscheduler.executors.default", "message": "Job \"_start_scheduler.<locals>.<lambda> (trigger: interval[0:00:45], next run at: 2026-09-03 04:56:42 CEST)\" executed successfully"}
{"timestamp": "2026-09-03T04:56:07", "level": "INFO", "component": "apscheduler.executors.default", "message": "Running job \"poll_once (trigger: interval[0:00:10], next run at: 2026-09-03 04:56:17 CEST)\" (scheduled at 2026-09-03 04:56:07.305960+02:00)"}
{"timestamp": "2026-09-03T04:56:07", "level": "INFO", "component": "apscheduler.executors.default", "message": "Job \"poll_once (trigger: interval[0:00:10], next run at: 2026-09-03 04:56:17 CEST)\" executed successfully"}
{"timestamp": "2026-09-03T04:56:17", "level": "INFO", "component": "apscheduler.executors.default", "message": "Running job \"poll_once (trigger: interval[0:00:10], next run at: 2026-09-03 04:56:27 CEST)\" (scheduled at 2026-09-03 04:56:17.305960+02:00)"}
{"timestamp": "2026-09-03T04:56:17", "level": "INFO", "component": "apscheduler.executors.default", "message": "Job \"poll_once (trigger: interval[0:00:10], next run at: 2026-09-03 04:56:27 CEST)\" executed successfully"}
{"timestamp": "2026-09-03T04:56:27", "level": "INFO", "component": "apscheduler.executors.default", "message": "Running job \"poll_once (trigger: interval[0:00:10], next run at: 2026-09-03 04:56:37 CEST)\" (scheduled at 2026-09-03 04:56:27.305960+02:00)"}
{"timestamp": "2026-09-03T04:56:27", "level": "INFO", "component": "apscheduler.executors.default", "message": "Job \"poll_once (trigger: interval[0:00:10], next run at: 2026-09-03 04:56:37 CEST)\" executed successfully"}
{"timestamp": "2026-09-03T04:56:37", "level": "INFO", "component": "apscheduler.executors.default", "message": "Running job \"poll_once (trigger: interval[0:00:10], next run at: 2026-09-03 04:56:47 CEST)\" (scheduled at 2026-09-03 04:56:37.305960+02:00)"}
{"timestamp": "2026-09-03T04:56:37", "level": "INFO", "component": "apscheduler.executors.default", "message": "Job \"poll_once (trigger: interval[0:00:10], next run at: 2026-09-03 04:56:47 CEST)\" executed successfully"}
{"timestamp": "2026-09-03T04:56:42", "level": "INFO", "component": "apscheduler.executors.default", "message": "Running job \"_start_scheduler.<locals>.<lambda> (trigger: interval[0:00:45], next run at: 2026-09-03 04:57:27 CEST)\" (scheduled at 2026-09-03 04:56:42.306433+02:00)"}
{"timestamp": "2026-09-03T04:56:42", "level": "INFO", "component": "cv112_poller", "message": "Feed descargado: 15 incidentes activos", "correlation_id": "592e0139"}
{"timestamp": "2026-09-03T04:56:42", "level": "INFO", "component": "apscheduler.executors.default", "message": "Job \"_start_scheduler.<locals>.<lambda> (trigger: interval[0:00:45], next run at: 2026-09-03 04:57:27 CEST)\" executed successfully"}
{"timestamp": "2026-09-03T04:56:47", "level": "INFO", "component": "apscheduler.executors.default", "message": "Running job \"poll_once (trigger: interval[0:00:10], next run at: 2026-09-03 04:56:57 CEST)\" (scheduled at 2026-09-03 04:56:47.305960+02:00)"}
{"timestamp": "2026-09-03T04:56:47", "level": "INFO", "component": "apscheduler.executors.default", "message": "Job \"poll_once (trigger: interval[0:00:10], next run at: 2026-09-03 04:56:57 CEST)\" executed successfully"}
{"timestamp": "2026-09-03T04:56:57", "level": "INFO", "component": "apscheduler.executors.default", "message": "Running job \"poll_once (trigger: interval[0:00:10], next run at: 2026-09-03 04:57:07 CEST)\" (scheduled at 2026-09-03 04:56:57.305960+02:00)"}
{"timestamp": "2026-09-03T04:56:57", "level": "INFO", "component": "apscheduler.executors.default", "message": "Job \"poll_once (trigger: interval[0:00:10], next run at: 2026-09-03 04:57:07 CEST)\" executed successfully"}
{"timestamp": "2026-09-03T04:57:07", "level": "INFO", "component": "apscheduler.executors.default", "message": "Running job \"poll_once (trigger: interval[0:00:10], next run at: 2026-09-03 04:57:17 CEST)\" (scheduled at 2026-09-03 04:57:07.305960+02:00)"}
{"timestamp": "2026-09-03T04:57:07", "level": "INFO", "component": "apscheduler.executors.default", "message": "Job \"poll_once (trigger: interval[0:00:10], next run at: 2026-09-03 04:57:17 CEST)\" executed successfully"}
{"timestamp": "2026-09-03T04:57:17", "level": "INFO", "component": "apscheduler.executors.default", "message": "Running job \"poll_once (trigger: interval[0:00:10], next run at: 2026-09-03 04:57:27 CEST)\" (scheduled at 2026-09-03 04:57:17.305960+02:00)"}
{"timestamp": "2026-09-03T04:57:17", "level": "INFO", "component": "apscheduler.executors.default", "message": "Job \"poll_once (trigger: interval[0:00:10], next run at: 2026-09-03 04:57:27 CEST)\" executed successfully"}
{"timestamp": "2026-09-03T04:57:27", "level": "INFO", "component": "apscheduler.executors.default", "message": "Running job \"poll_once (trigger: interval[0:00:10], next run at: 2026-09-03 04:57:37 CEST)\" (scheduled at 2026-09-03 04:57:27.305960+02:00)"}
{"timestamp": "2026-09-03T04:57:27", "level": "INFO", "component": "apscheduler.executors.default", "message": "Running job \"_start_scheduler.<locals>.<lambda> (trigger: interval[0:00:45], next run at: 2026-09-03 04:58:12 CEST)\" (scheduled at 2026-09-03 04:57:27.306433+02:00)"}
{"timestamp": "2026-09-03T04:57:27", "level": "INFO", "component": "apscheduler.executors.default", "message": "Job \"poll_once (trigger: interval[0:00:10], next run at: 2026-09-03 04:57:37 CEST)\" executed successfully"}
{"timestamp": "2026-09-03T04:57:27", "level": "INFO", "component": "cv112_poller", "message": "Feed descargado: 15 incidentes activos", "correlation_id": "068487ce"}
{"timestamp": "2026-09-03T04:57:27", "level": "INFO", "component": "apscheduler.executors.default", "message": "Job \"_start_scheduler.<locals>.<lambda> (trigger: interval[0:00:45], next run at: 2026-09-03 04:58:12 CEST)\" executed successfully"}
{"timestamp": "2026-09-03T04:57:37", "level": "INFO", "component": "apscheduler.executors.default", "message": "Running job \"poll_once (trigger: interval[0:00:10], next run at: 2026-09-03 04:57:47 CEST)\" (scheduled at 2026-09-03 04:57:37.305960+02:00)"}
{"timestamp": "2026-09-03T04:57:37", "level": "INFO", "component": "apscheduler.executors.default", "message": "Job \"poll_once (trigger: interval[0:00:10], next run at: 2026-09-03 04:57:47 CEST)\" executed successfully"}
{"timestamp": "2026-09-03T04:57:47", "level": "INFO", "component": "apscheduler.executors.default", "message": "Running job \"poll_once (trigger: interval[0:00:10], next run at: 2026-09-03 04:57:57 CEST)\" (scheduled at 2026-09-03 04:57:47.305960+02:00)"}
{"timestamp": "2026-09-03T04:57:47", "level": "INFO", "component": "apscheduler.executors.default", "message": "Job \"poll_once (trigger: interval[0:00:10], next run at: 2026-09-03 04:57:57 CEST)\" executed successfully"}
{"timestamp": "2026-09-03T04:57:57", "level": "INFO", "component": "apscheduler.executors.default", "message": "Running job \"poll_once (trigger: interval[0:00:10], next run at: 2026-09-03 04:58:07 CEST)\" (scheduled at 2026-09-03 04:57:57.305960+02:00)"}
{"timestamp": "2026-09-03T04:57:57", "level": "INFO", "component": "apscheduler.executors.default", "message": "Job \"poll_once (trigger: interval[0:00:10], next run at: 2026-09-03 04:58:07 CEST)\" executed successfully"}
{"timestamp": "2026-09-03T04:58:07", "level": "INFO", "component": "apscheduler.executors.default", "message": "Running job \"poll_once (trigger: interval[0:00:10], next run at: 2026-09-03 04:58:17 CEST)\" (scheduled at 2026-09-03 04:58:07.305960+02:00)"}
{"timestamp": "2026-09-03T04:58:07", "level": "INFO", "component": "apscheduler.executors.default", "message": "Job \"poll_once (trigger: interval[0:00:10], next run at: 2026-09-03 04:58:17 CEST)\" executed successfully"}
{"timestamp": "2026-09-03T04:58:12", "level": "INFO", "component": "apscheduler.executors.default", "message": "Running job \"_start_scheduler.<locals>.<lambda> (trigger: interval[0:00:45], next run at: 2026-09-03 04:58:57 CEST)\" (scheduled at 2026-09-03 04:58:12.306433+02:00)"}
{"timestamp": "2026-09-03T04:58:12", "level": "INFO", "component": "cv112_poller", "message": "Feed descargado: 15 incidentes activos", "correlation_id": "69bae792"}
{"timestamp": "2026-09-03T04:58:12", "level": "INFO", "component": "apscheduler.executors.default", "message": "Job \"_start_scheduler.<locals>.<lambda> (trigger: interval[0:00:45], next run at: 2026-09-03 04:58:57 CEST)\" executed successfully"}
{"timestamp": "2026-09-03T04:58:17", "level": "INFO", "component": "apscheduler.executors.default", "message": "Running job \"poll_once (trigger: interval[0:00:10], next run at: 2026-09-03 04:58:27 CEST)\" (scheduled at 2026-09-03 04:58:17.305960+02:00)"}
{"timestamp": "2026-09-03T04:58:17", "level": "INFO", "component": "apscheduler.executors.default", "message": "Job \"poll_once (trigger: interval[0:00:10], next run at: 2026-09-03 04:58:27 CEST)\" executed successfully"}
{"timestamp": "2026-09-03T04:58:27", "level": "INFO", "component": "apscheduler.executors.default", "message": "Running job \"poll_once (trigger: interval[0:00:10], next run at: 2026-09-03 04:58:37 CEST)\" (scheduled at 2026-09-03 04:58:27.305960+02:00)"}
{"timestamp": "2026-09-03T04:58:27", "level": "INFO", "component": "apscheduler.executors.default", "message": "Job \"poll_once (trigger: interval[0:00:10], next run at: 2026-09-03 04:58:37 CEST)\" executed successfully"}
{"timestamp": "2026-09-03T04:58:37", "level": "INFO", "component": "apscheduler.executors.default", "message": "Running job \"poll_once (trigger: interval[0:00:10], next run at: 2026-09-03 04:58:47 CEST)\" (scheduled at 2026-09-03 04:58:37.305960+02:00)"}
{"timestamp": "2026-09-03T04:58:37", "level": "INFO", "component": "apscheduler.executors.default", "message": "Job \"poll_once (trigger: interval[0:00:10], next run at: 2026-09-03 04:58:47 CEST)\" executed successfully"}
{"timestamp": "2026-09-03T04:58:47", "level": "INFO", "component": "apscheduler.executors.default", "message": "Running job \"poll_once (trigger: interval[0:00:10], next run at: 2026-09-03 04:58:57 CEST)\" (scheduled at 2026-09-03 04:58:47.305960+02:00)"}
{"timestamp": "2026-09-03T04:58:47", "level": "INFO", "component": "apscheduler.executors.default", "message": "Job \"poll_once (trigger: interval[0:00:10], next run at: 2026-09-03 04:58:57 CEST)\" executed successfully"}
{"timestamp": "2026-09-03T04:58:57", "level": "INFO", "component": "apscheduler.executors.default", "message": "Running job \"poll_once (trigger: interval[0:00:10], next run at: 2026-09-03 04:59:07 CEST)\" (scheduled at 2026-09-03 04:58:57.305960+02:00)"}
{"timestamp": "2026-09-03T04:58:57", "level": "INFO", "component": "apscheduler.executors.default", "message": "Running job \"_start_scheduler.<locals>.<lambda> (trigger: interval[0:00:45], next run at: 2026-09-03 04:59:42 CEST)\" (scheduled at 2026-09-03 04:58:57.306433+02:00)"}
{"timestamp": "2026-09-03T04:58:57", "level": "INFO", "component": "apscheduler.executors.default", "message": "Job \"poll_once (trigger: interval[0:00:10], next run at: 2026-09-03 04:59:07 CEST)\" executed successfully"}
{"timestamp": "2026-09-03T04:58:57", "level": "INFO", "component": "cv112_poller", "message": "Feed descargado: 15 incidentes activos", "correlation_id": "d857de04"}
{"timestamp": "2026-09-03T04:58:57", "level": "INFO", "component": "apscheduler.executors.default", "message": "Job \"_start_scheduler.<locals>.<lambda> (trigger: interval[0:00:45], next run at: 2026-09-03 04:59:42 CEST)\" executed successfully"}
{"timestamp": "2026-09-03T04:59:07", "level": "INFO", "component": "apscheduler.executors.default", "message": "Running job \"poll_once (trigger: interval[0:00:10], next run at: 2026-09-03 04:59:17 CEST)\" (scheduled at 2026-09-03 04:59:07.305960+02:00)"}
{"timestamp": "2026-09-03T04:59:07", "level": "INFO", "component": "apscheduler.executors.default", "message": "Job \"poll_once (trigger: interval[0:00:10], next run at: 2026-09-03 04:59:17 CEST)\" executed successfully"}
{"timestamp": "2026-09-03T04:59:17", "level": "INFO", "component": "apscheduler.executors.default", "message": "Running job \"poll_once (trigger: interval[0:00:10], next run at: 2026-09-03 04:59:27 CEST)\" (scheduled at 2026-09-03 04:59:17.305960+02:00)"}
{"timestamp": "2026-09-03T04:59:17", "level": "INFO", "component": "apscheduler.executors.default", "message": "Job \"poll_once (trigger: interval[0:00:10], next run at: 2026-09-03 04:59:27 CEST)\" executed successfully"}
{"timestamp": "2026-09-03T04:59:27", "level": "INFO", "component": "apscheduler.executors.default", "message": "Running job \"poll_once (trigger: interval[0:00:10], next run at: 2026-09-03 04:59:37 CEST)\" (scheduled at 2026-09-03 04:59:27.305960+02:00)"}
{"timestamp": "2026-09-03T04:59:27", "level": "INFO", "component": "apscheduler.executors.default", "message": "Job \"poll_once (trigger: interval[0:00:10], next run at: 2026-09-03 04:59:37 CEST)\" executed successfully"}
{"timestamp": "2026-09-03T04:59:37", "level": "INFO", "component": "apscheduler.executors.default", "message": "Running job \"poll_once (trigger: interval[0:00:10], next run at: 2026-09-03 04:59:47 CEST)\" (scheduled at 2026-09-03 04:59:37.305960+02:00)"}
{"timestamp": "2026-09-03T04:59:37", "level": "INFO", "component": "apscheduler.executors.default", "message": "Job \"poll_once (trigger: interval[0:00:10], next run at: 2026-09-03 04:59:47 CEST)\" executed successfully"}
{"timestamp": "2026-09-03T04:59:42", "level": "INFO", "component": "apscheduler.executors.default", "message": "Running job \"_start_scheduler.<locals>.<lambda> (trigger: interval[0:00:45], next run at: 2026-09-03 05:00:27 CEST)\" (scheduled at 2026-09-03 04:59:42.306433+02:00)"}
{"timestamp": "2026-09-03T04:59:42", "level": "INFO", "component": "cv112_poller", "message": "Feed descargado: 15 incidentes activos", "correlation_id": "715ef8d1"}
{"timestamp": "2026-09-03T04:59:42", "level": "INFO", "component": "apscheduler.executors.default", "message": "Job \"_start_scheduler.<locals>.<lambda> (trigger: interval[0:00:45], next run at: 2026-09-03 05:00:27 CEST)\" executed successfully"}
{"timestamp": "2026-09-03T04:59:47", "level": "INFO", "component": "apscheduler.executors.default", "message": "Running job \"poll_once (trigger: interval[0:00:10], next run at: 2026-09-03 04:59:57 CEST)\" (scheduled at 2026-09-03 04:59:47.305960+02:00)"}
{"timestamp": "2026-09-03T04:59:47", "level": "INFO", "component": "apscheduler.executors.default", "message": "Job \"poll_once (trigger: interval[0:00:10], next run at: 2026-09-03 04:59:57 CEST)\" executed successfully"}
{"timestamp": "2026-09-03T04:59:57", "level": "INFO", "component": "apscheduler.executors.default", "message": "Running job \"poll_once (trigger: interval[0:00:10], next run at: 2026-09-03 05:00:07 CEST)\" (scheduled at 2026-09-03 04:59:57.305960+02:00)"}
{"timestamp": "2026-09-03T04:59:57", "level": "INFO", "component": "apscheduler.executors.default", "message": "Job \"poll_once (trigger: interval[0:00:10], next run at: 2026-09-03 05:00:07 CEST)\" executed successfully"}
{"timestamp": "2026-09-03T05:00:07", "level": "INFO", "component": "apscheduler.executors.default", "message": "Running job \"poll_once (trigger: interval[0:00:10], next run at: 2026-09-03 05:00:17 CEST)\" (scheduled at 2026-09-03 05:00:07.305960+02:00)"}
{"timestamp": "2026-09-03T05:00:07", "level": "INFO", "component": "apscheduler.executors.default", "message": "Job \"poll_once (trigger: interval[0:00:10], next run at: 2026-09-03 05:00:17 CEST)\" executed successfully"}
{"timestamp": "2026-09-03T05:00:17", "level": "INFO", "component": "apscheduler.executors.default", "message": "Running job \"poll_once (trigger: interval[0:00:10], next run at: 2026-09-03 05:00:27 CEST)\" (scheduled at 2026-09-03 05:00:17.305960+02:00)"}
{"timestamp": "2026-09-03T05:00:17", "level": "INFO", "component": "apscheduler.executors.default", "message": "Job \"poll_once (trigger: interval[0:00:10], next run at: 2026-09-03 05:00:27 CEST)\" executed successfully"}
{"timestamp": "2026-09-03T05:00:27", "level": "INFO", "component": "apscheduler.executors.default", "message": "Running job \"poll_once (trigger: interval[0:00:10], next run at: 2026-09-03 05:00:37 CEST)\" (scheduled at 2026-09-03 05:00:27.305960+02:00)"}
{"timestamp": "2026-09-03T05:00:27", "level": "INFO", "component": "apscheduler.executors.default", "message": "Running job \"_start_scheduler.<locals>.<lambda> (trigger: interval[0:00:45], next run at: 2026-09-03 05:01:12 CEST)\" (scheduled at 2026-09-03 05:00:27.306433+02:00)"}
{"timestamp": "2026-09-03T05:00:27", "level": "INFO", "component": "apscheduler.executors.default", "message": "Job \"poll_once (trigger: interval[0:00:10], next run at: 2026-09-03 05:00:37 CEST)\" executed successfully"}
{"timestamp": "2026-09-03T05:00:27", "level": "INFO", "component": "cv112_poller", "message": "Feed descargado: 15 incidentes activos", "correlation_id": "99843e6e"}
{"timestamp": "2026-09-03T05:00:27", "level": "INFO", "component": "apscheduler.executors.default", "message": "Job \"_start_scheduler.<locals>.<lambda> (trigger: interval[0:00:45], next run at: 2026-09-03 05:01:12 CEST)\" executed successfully"}
{"timestamp": "2026-09-03T05:00:37", "level": "INFO", "component": "apscheduler.executors.default", "message": "Running job \"poll_once (trigger: interval[0:00:10], next run at: 2026-09-03 05:00:47 CEST)\" (scheduled at 2026-09-03 05:00:37.305960+02:00)"}
{"timestamp": "2026-09-03T05:00:37", "level": "INFO", "component": "apscheduler.executors.default", "message": "Job \"poll_once (trigger: interval[0:00:10], next run at: 2026-09-03 05:00:47 CEST)\" executed successfully"}
{"timestamp": "2026-09-03T05:00:47", "level": "INFO", "component": "apscheduler.executors.default", "message": "Running job \"poll_once (trigger: interval[0:00:10], next run at: 2026-09-03 05:00:57 CEST)\" (scheduled at 2026-09-03 05:00:47.305960+02:00)"}
{"timestamp": "2026-09-03T05:00:47", "level": "INFO", "component": "apscheduler.executors.default", "message": "Job \"poll_once (trigger: interval[0:00:10], next run at: 2026-09-03 05:00:57 CEST)\" executed successfully"}
{"timestamp": "2026-09-03T05:00:57", "level": "INFO", "component": "apscheduler.executors.default", "message": "Running job \"poll_once (trigger: interval[0:00:10], next run at: 2026-09-03 05:01:07 CEST)\" (scheduled at 2026-09-03 05:00:57.305960+02:00)"}
{"timestamp": "2026-09-03T05:00:57", "level": "INFO", "component": "apscheduler.executors.default", "message": "Job \"poll_once (trigger: interval[0:00:10], next run at: 2026-09-03 05:01:07 CEST)\" executed successfully"}
{"timestamp": "2026-09-03T05:01:07", "level": "INFO", "component": "apscheduler.executors.default", "message": "Running job \"poll_once (trigger: interval[0:00:10], next run at: 2026-09-03 05:01:17 CEST)\" (scheduled at 2026-09-03 05:01:07.305960+02:00)"}
{"timestamp": "2026-09-03T05:01:07", "level": "INFO", "component": "apscheduler.executors.default", "message": "Job \"poll_once (trigger: interval[0:00:10], next run at: 2026-09-03 05:01:17 CEST)\" executed successfully"}
{"timestamp": "2026-09-03T05:01:12", "level": "INFO", "component": "apscheduler.executors.default", "message": "Running job \"_start_scheduler.<locals>.<lambda> (trigger: interval[0:00:45], next run at: 2026-09-03 05:01:57 CEST)\" (scheduled at 2026-09-03 05:01:12.306433+02:00)"}
{"timestamp": "2026-09-03T05:01:12", "level": "INFO", "component": "cv112_poller", "message": "Feed descargado: 15 incidentes activos", "correlation_id": "743a4410"}
{"timestamp": "2026-09-03T05:01:12", "level": "INFO", "component": "apscheduler.executors.default", "message": "Job \"_start_scheduler.<locals>.<lambda> (trigger: interval[0:00:45], next run at: 2026-09-03 05:01:57 CEST)\" executed successfully"}
{"timestamp": "2026-09-03T05:01:17", "level": "INFO", "component": "apscheduler.executors.default", "message": "Running job \"poll_once (trigger: interval[0:00:10], next run at: 2026-09-03 05:01:27 CEST)\" (scheduled at 2026-09-03 05:01:17.305960+02:00)"}
{"timestamp": "2026-09-03T05:01:17", "level": "INFO", "component": "apscheduler.executors.default", "message": "Job \"poll_once (trigger: interval[0:00:10], next run at: 2026-09-03 05:01:27 CEST)\" executed successfully"}
{"timestamp": "2026-09-03T05:01:27", "level": "INFO", "component": "apscheduler.executors.default", "message": "Running job \"poll_once (trigger: interval[0:00:10], next run at: 2026-09-03 05:01:37 CEST)\" (scheduled at 2026-09-03 05:01:27.305960+02:00)"}
{"timestamp": "2026-09-03T05:01:27", "level": "INFO", "component": "apscheduler.executors.default", "message": "Job \"poll_once (trigger: interval[0:00:10], next run at: 2026-09-03 05:01:37 CEST)\" executed successfully"}
{"timestamp": "2026-09-03T05:01:37", "level": "INFO", "component": "apscheduler.executors.default", "message": "Running job \"poll_once (trigger: interval[0:00:10], next run at: 2026-09-03 05:01:47 CEST)\" (scheduled at 2026-09-03 05:01:37.305960+02:00)"}
{"timestamp": "2026-09-03T05:01:37", "level": "INFO", "component": "apscheduler.executors.default", "message": "Job \"poll_once (trigger: interval[0:00:10], next run at: 2026-09-03 05:01:47 CEST)\" executed successfully"}
{"timestamp": "2026-09-03T05:01:47", "level": "INFO", "component": "apscheduler.executors.default", "message": "Running job \"poll_once (trigger: interval[0:00:10], next run at: 2026-09-03 05:01:57 CEST)\" (scheduled at 2026-09-03 05:01:47.305960+02:00)"}
{"timestamp": "2026-09-03T05:01:47", "level": "INFO", "component": "apscheduler.executors.default", "message": "Job \"poll_once (trigger: interval[0:00:10], next run at: 2026-09-03 05:01:57 CEST)\" executed successfully"}
{"timestamp": "2026-09-03T05:01:57", "level": "INFO", "component": "apscheduler.executors.default", "message": "Running job \"_start_scheduler.<locals>.<lambda> (trigger: interval[0:00:45], next run at: 2026-09-03 05:02:42 CEST)\" (scheduled at 2026-09-03 05:01:57.306433+02:00)"}
{"timestamp": "2026-09-03T05:01:57", "level": "INFO", "component": "apscheduler.executors.default", "message": "Running job \"poll_once (trigger: interval[0:00:10], next run at: 2026-09-03 05:02:07 CEST)\" (scheduled at 2026-09-03 05:01:57.305960+02:00)"}
{"timestamp": "2026-09-03T05:01:57", "level": "INFO", "component": "apscheduler.executors.default", "message": "Job \"poll_once (trigger: interval[0:00:10], next run at: 2026-09-03 05:02:07 CEST)\" executed successfully"}
{"timestamp": "2026-09-03T05:01:57", "level": "INFO", "component": "cv112_poller", "message": "Feed descargado: 15 incidentes activos", "correlation_id": "d1561e9a"}
{"timestamp": "2026-09-03T05:01:57", "level": "INFO", "component": "apscheduler.executors.default", "message": "Job \"_start_scheduler.<locals>.<lambda> (trigger: interval[0:00:45], next run at: 2026-09-03 05:02:42 CEST)\" executed successfully"}
{"timestamp": "2026-09-03T05:02:07", "level": "INFO", "component": "apscheduler.executors.default", "message": "Running job \"poll_once (trigger: interval[0:00:10], next run at: 2026-09-03 05:02:17 CEST)\" (scheduled at 2026-09-03 05:02:07.305960+02:00)"}
{"timestamp": "2026-09-03T05:02:07", "level": "INFO", "component": "apscheduler.executors.default", "message": "Job \"poll_once (trigger: interval[0:00:10], next run at: 2026-09-03 05:02:17 CEST)\" executed successfully"}
{"timestamp": "2026-09-03T05:18:41", "level": "WARNING", "component": "apscheduler.executors.default", "message": "Run time of job \"poll_once (trigger: interval[0:00:10], next run at: 2026-09-03 05:18:47 CEST)\" was missed by 0:00:04.208666"}
{"timestamp": "2026-09-03T05:18:41", "level": "WARNING", "component": "apscheduler.executors.default", "message": "Run time of job \"_start_scheduler.<locals>.<lambda> (trigger: interval[0:00:45], next run at: 2026-09-03 05:19:12 CEST)\" was missed by 0:00:14.208573"}
{"timestamp": "2026-09-03T05:18:47", "level": "INFO", "component": "apscheduler.executors.default", "message": "Running job \"poll_once (trigger: interval[0:00:10], next run at: 2026-09-03 05:18:57 CEST)\" (scheduled at 2026-09-03 05:18:47.305960+02:00)"}
{"timestamp": "2026-09-03T05:18:47", "level": "INFO", "component": "apscheduler.executors.default", "message": "Job \"poll_once (trigger: interval[0:00:10], next run at: 2026-09-03 05:18:57 CEST)\" executed successfully"}
{"timestamp": "2026-09-03T05:18:57", "level": "INFO", "component": "apscheduler.executors.default", "message": "Running job \"poll_once (trigger: interval[0:00:10], next run at: 2026-09-03 05:19:07 CEST)\" (scheduled at 2026-09-03 05:18:57.305960+02:00)"}
{"timestamp": "2026-09-03T05:18:57", "level": "INFO", "component": "apscheduler.executors.default", "message": "Job \"poll_once (trigger: interval[0:00:10], next run at: 2026-09-03 05:19:07 CEST)\" executed successfully"}
{"timestamp": "2026-09-03T05:19:07", "level": "INFO", "component": "apscheduler.executors.default", "message": "Running job \"poll_once (trigger: interval[0:00:10], next run at: 2026-09-03 05:19:17 CEST)\" (scheduled at 2026-09-03 05:19:07.305960+02:00)"}
{"timestamp": "2026-09-03T05:19:07", "level": "INFO", "component": "apscheduler.executors.default", "message": "Job \"poll_once (trigger: interval[0:00:10], next run at: 2026-09-03 05:19:17 CEST)\" executed successfully"}
{"timestamp": "2026-09-03T05:19:12", "level": "INFO", "component": "apscheduler.executors.default", "message": "Running job \"_start_scheduler.<locals>.<lambda> (trigger: interval[0:00:45], next run at: 2026-09-03 05:19:57 CEST)\" (scheduled at 2026-09-03 05:19:12.306433+02:00)"}
{"timestamp": "2026-09-03T05:19:12", "level": "INFO", "component": "cv112_poller", "message": "Feed descargado: 16 incidentes activos", "correlation_id": "1e2170f3"}
{"timestamp": "2026-09-03T05:19:12", "level": "INFO", "component": "cv112_poller", "message": "Incidente 40512160 visto pero alertas automáticas pausadas (killswitch)", "correlation_id": "1e2170f3"}
{"timestamp": "2026-09-03T05:19:12", "level": "INFO", "component": "apscheduler.executors.default", "message": "Job \"_start_scheduler.<locals>.<lambda> (trigger: interval[0:00:45], next run at: 2026-09-03 05:19:57 CEST)\" executed successfully"}
{"timestamp": "2026-09-03T05:19:17", "level": "INFO", "component": "apscheduler.executors.default", "message": "Running job \"poll_once (trigger: interval[0:00:10], next run at: 2026-09-03 05:19:27 CEST)\" (scheduled at 2026-09-03 05:19:17.305960+02:00)"}
{"timestamp": "2026-09-03T05:19:17", "level": "INFO", "component": "apscheduler.executors.default", "message": "Job \"poll_once (trigger: interval[0:00:10], next run at: 2026-09-03 05:19:27 CEST)\" executed successfully"}
{"timestamp": "2026-09-03T05:19:27", "level": "INFO", "component": "apscheduler.executors.default", "message": "Running job \"poll_once (trigger: interval[0:00:10], next run at: 2026-09-03 05:19:37 CEST)\" (scheduled at 2026-09-03 05:19:27.305960+02:00)"}
{"timestamp": "2026-09-03T05:19:27", "level": "INFO", "component": "apscheduler.executors.default", "message": "Job \"poll_once (trigger: interval[0:00:10], next run at: 2026-09-03 05:19:37 CEST)\" executed successfully"}
{"timestamp": "2026-09-03T05:19:37", "level": "INFO", "component": "apscheduler.executors.default", "message": "Running job \"poll_once (trigger: interval[0:00:10], next run at: 2026-09-03 05:19:47 CEST)\" (scheduled at 2026-09-03 05:19:37.305960+02:00)"}
{"timestamp": "2026-09-03T05:19:37", "level": "INFO", "component": "apscheduler.executors.default", "message": "Job \"poll_once (trigger: interval[0:00:10], next run at: 2026-09-03 05:19:47 CEST)\" executed successfully"}
{"timestamp": "2026-09-03T05:19:47", "level": "INFO", "component": "apscheduler.executors.default", "message": "Running job \"poll_once (trigger: interval[0:00:10], next run at: 2026-09-03 05:19:57 CEST)\" (scheduled at 2026-09-03 05:19:47.305960+02:00)"}
{"timestamp": "2026-09-03T05:19:47", "level": "INFO", "component": "apscheduler.executors.default", "message": "Job \"poll_once (trigger: interval[0:00:10], next run at: 2026-09-03 05:19:57 CEST)\" executed successfully"}
{"timestamp": "2026-09-03T05:19:57", "level": "INFO", "component": "apscheduler.executors.default", "message": "Running job \"poll_once (trigger: interval[0:00:10], next run at: 2026-09-03 05:20:07 CEST)\" (scheduled at 2026-09-03 05:19:57.305960+02:00)"}
{"timestamp": "2026-09-03T05:19:57", "level": "INFO", "component": "apscheduler.executors.default", "message": "Running job \"_start_scheduler.<locals>.<lambda> (trigger: interval[0:00:45], next run at: 2026-09-03 05:20:42 CEST)\" (scheduled at 2026-09-03 05:19:57.306433+02:00)"}
{"timestamp": "2026-09-03T05:19:57", "level": "INFO", "component": "apscheduler.executors.default", "message": "Job \"poll_once (trigger: interval[0:00:10], next run at: 2026-09-03 05:20:07 CEST)\" executed successfully"}
{"timestamp": "2026-09-03T05:19:57", "level": "INFO", "component": "cv112_poller", "message": "Feed descargado: 16 incidentes activos", "correlation_id": "d166a727"}
{"timestamp": "2026-09-03T05:19:57", "level": "INFO", "component": "apscheduler.executors.default", "message": "Job \"_start_scheduler.<locals>.<lambda> (trigger: interval[0:00:45], next run at: 2026-09-03 05:20:42 CEST)\" executed successfully"}
{"timestamp": "2026-09-03T05:20:07", "level": "INFO", "component": "apscheduler.executors.default", "message": "Running job \"poll_once (trigger: interval[0:00:10], next run at: 2026-09-03 05:20:17 CEST)\" (scheduled at 2026-09-03 05:20:07.305960+02:00)"}
{"timestamp": "2026-09-03T05:20:07", "level": "INFO", "component": "apscheduler.executors.default", "message": "Job \"poll_once (trigger: interval[0:00:10], next run at: 2026-09-03 05:20:17 CEST)\" executed successfully"}
{"timestamp": "2026-09-03T05:20:17", "level": "INFO", "component": "apscheduler.executors.default", "message": "Running job \"poll_once (trigger: interval[0:00:10], next run at: 2026-09-03 05:20:27 CEST)\" (scheduled at 2026-09-03 05:20:17.305960+02:00)"}
{"timestamp": "2026-09-03T05:20:17", "level": "INFO", "component": "apscheduler.executors.default", "message": "Job \"poll_once (trigger: interval[0:00:10], next run at: 2026-09-03 05:20:27 CEST)\" executed successfully"}
{"timestamp": "2026-09-03T05:20:27", "level": "INFO", "component": "apscheduler.executors.default", "message": "Running job \"poll_once (trigger: interval[0:00:10], next run at: 2026-09-03 05:20:37 CEST)\" (scheduled at 2026-09-03 05:20:27.305960+02:00)"}
{"timestamp": "2026-09-03T05:20:27", "level": "INFO", "component": "apscheduler.executors.default", "message": "Job \"poll_once (trigger: interval[0:00:10], next run at: 2026-09-03 05:20:37 CEST)\" executed successfully"}
{"timestamp": "2026-09-03T05:20:37", "level": "INFO", "component": "apscheduler.executors.default", "message": "Running job \"poll_once (trigger: interval[0:00:10], next run at: 2026-09-03 05:20:47 CEST)\" (scheduled at 2026-09-03 05:20:37.305960+02:00)"}
{"timestamp": "2026-09-03T05:20:37", "level": "INFO", "component": "apscheduler.executors.default", "message": "Job \"poll_once (trigger: interval[0:00:10], next run at: 2026-09-03 05:20:47 CEST)\" executed successfully"}
{"timestamp": "2026-09-03T05:20:42", "level": "INFO", "component": "apscheduler.executors.default", "message": "Running job \"_start_scheduler.<locals>.<lambda> (trigger: interval[0:00:45], next run at: 2026-09-03 05:21:27 CEST)\" (scheduled at 2026-09-03 05:20:42.306433+02:00)"}
{"timestamp": "2026-09-03T05:20:42", "level": "INFO", "component": "cv112_poller", "message": "Feed descargado: 16 incidentes activos", "correlation_id": "5eed4d86"}
{"timestamp": "2026-09-03T05:20:42", "level": "INFO", "component": "apscheduler.executors.default", "message": "Job \"_start_scheduler.<locals>.<lambda> (trigger: interval[0:00:45], next run at: 2026-09-03 05:21:27 CEST)\" executed successfully"}
{"timestamp": "2026-09-03T05:20:47", "level": "INFO", "component": "apscheduler.executors.default", "message": "Running job \"poll_once (trigger: interval[0:00:10], next run at: 2026-09-03 05:20:57 CEST)\" (scheduled at 2026-09-03 05:20:47.305960+02:00)"}
{"timestamp": "2026-09-03T05:20:47", "level": "INFO", "component": "apscheduler.executors.default", "message": "Job \"poll_once (trigger: interval[0:00:10], next run at: 2026-09-03 05:20:57 CEST)\" executed successfully"}
{"timestamp": "2026-09-03T05:20:57", "level": "INFO", "component": "apscheduler.executors.default", "message": "Running job \"poll_once (trigger: interval[0:00:10], next run at: 2026-09-03 05:21:07 CEST)\" (scheduled at 2026-09-03 05:20:57.305960+02:00)"}
{"timestamp": "2026-09-03T05:20:57", "level": "INFO", "component": "apscheduler.executors.default", "message": "Job \"poll_once (trigger: interval[0:00:10], next run at: 2026-09-03 05:21:07 CEST)\" executed successfully"}
{"timestamp": "2026-09-03T05:21:07", "level": "INFO", "component": "apscheduler.executors.default", "message": "Running job \"poll_once (trigger: interval[0:00:10], next run at: 2026-09-03 05:21:17 CEST)\" (scheduled at 2026-09-03 05:21:07.305960+02:00)"}
{"timestamp": "2026-09-03T05:21:07", "level": "INFO", "component": "apscheduler.executors.default", "message": "Job \"poll_once (trigger: interval[0:00:10], next run at: 2026-09-03 05:21:17 CEST)\" executed successfully"}
{"timestamp": "2026-09-03T05:21:17", "level": "INFO", "component": "apscheduler.executors.default", "message": "Running job \"poll_once (trigger: interval[0:00:10], next run at: 2026-09-03 05:21:27 CEST)\" (scheduled at 2026-09-03 05:21:17.305960+02:00)"}
{"timestamp": "2026-09-03T05:21:17", "level": "INFO", "component": "apscheduler.executors.default", "message": "Job \"poll_once (trigger: interval[0:00:10], next run at: 2026-09-03 05:21:27 CEST)\" executed successfully"}
{"timestamp": "2026-09-03T05:21:27", "level": "INFO", "component": "apscheduler.executors.default", "message": "Running job \"poll_once (trigger: interval[0:00:10], next run at: 2026-09-03 05:21:37 CEST)\" (scheduled at 2026-09-03 05:21:27.305960+02:00)"}
{"timestamp": "2026-09-03T05:21:27", "level": "INFO", "component": "apscheduler.executors.default", "message": "Running job \"_start_scheduler.<locals>.<lambda> (trigger: interval[0:00:45], next run at: 2026-09-03 05:22:12 CEST)\" (scheduled at 2026-09-03 05:21:27.306433+02:00)"}
{"timestamp": "2026-09-03T05:21:27", "level": "INFO", "component": "apscheduler.executors.default", "message": "Job \"poll_once (trigger: interval[0:00:10], next run at: 2026-09-03 05:21:37 CEST)\" executed successfully"}
{"timestamp": "2026-09-03T05:21:27", "level": "INFO", "component": "cv112_poller", "message": "Feed descargado: 16 incidentes activos", "correlation_id": "e886d2dc"}
{"timestamp": "2026-09-03T05:21:27", "level": "INFO", "component": "apscheduler.executors.default", "message": "Job \"_start_scheduler.<locals>.<lambda> (trigger: interval[0:00:45], next run at: 2026-09-03 05:22:12 CEST)\" executed successfully"}
{"timestamp": "2026-09-03T05:21:37", "level": "INFO", "component": "apscheduler.executors.default", "message": "Running job \"poll_once (trigger: interval[0:00:10], next run at: 2026-09-03 05:21:47 CEST)\" (scheduled at 2026-09-03 05:21:37.305960+02:00)"}
{"timestamp": "2026-09-03T05:21:37", "level": "INFO", "component": "apscheduler.executors.default", "message": "Job \"poll_once (trigger: interval[0:00:10], next run at: 2026-09-03 05:21:47 CEST)\" executed successfully"}
{"timestamp": "2026-09-03T05:21:47", "level": "INFO", "component": "apscheduler.executors.default", "message": "Running job \"poll_once (trigger: interval[0:00:10], next run at: 2026-09-03 05:21:57 CEST)\" (scheduled at 2026-09-03 05:21:47.305960+02:00)"}
{"timestamp": "2026-09-03T05:21:47", "level": "INFO", "component": "apscheduler.executors.default", "message": "Job \"poll_once (trigger: interval[0:00:10], next run at: 2026-09-03 05:21:57 CEST)\" executed successfully"}
{"timestamp": "2026-09-03T05:21:57", "level": "INFO", "component": "apscheduler.executors.default", "message": "Running job \"poll_once (trigger: interval[0:00:10], next run at: 2026-09-03 05:22:07 CEST)\" (scheduled at 2026-09-03 05:21:57.305960+02:00)"}
{"timestamp": "2026-09-03T05:21:57", "level": "INFO", "component": "apscheduler.executors.default", "message": "Job \"poll_once (trigger: interval[0:00:10], next run at: 2026-09-03 05:22:07 CEST)\" executed successfully"}
{"timestamp": "2026-09-03T05:22:07", "level": "INFO", "component": "apscheduler.executors.default", "message": "Running job \"poll_once (trigger: interval[0:00:10], next run at: 2026-09-03 05:22:17 CEST)\" (scheduled at 2026-09-03 05:22:07.305960+02:00)"}
{"timestamp": "2026-09-03T05:22:07", "level": "INFO", "component": "apscheduler.executors.default", "message": "Job \"poll_once (trigger: interval[0:00:10], next run at: 2026-09-03 05:22:17 CEST)\" executed successfully"}
{"timestamp": "2026-09-03T05:22:12", "level": "INFO", "component": "apscheduler.executors.default", "message": "Running job \"_start_scheduler.<locals>.<lambda> (trigger: interval[0:00:45], next run at: 2026-09-03 05:22:57 CEST)\" (scheduled at 2026-09-03 05:22:12.306433+02:00)"}
{"timestamp": "2026-09-03T05:22:12", "level": "INFO", "component": "cv112_poller", "message": "Feed descargado: 16 incidentes activos", "correlation_id": "d594d9a4"}
{"timestamp": "2026-09-03T05:22:12", "level": "INFO", "component": "apscheduler.executors.default", "message": "Job \"_start_scheduler.<locals>.<lambda> (trigger: interval[0:00:45], next run at: 2026-09-03 05:22:57 CEST)\" executed successfully"}
{"timestamp": "2026-09-03T05:22:17", "level": "INFO", "component": "apscheduler.executors.default", "message": "Running job \"poll_once (trigger: interval[0:00:10], next run at: 2026-09-03 05:22:27 CEST)\" (scheduled at 2026-09-03 05:22:17.305960+02:00)"}
{"timestamp": "2026-09-03T05:22:17", "level": "INFO", "component": "apscheduler.executors.default", "message": "Job \"poll_once (trigger: interval[0:00:10], next run at: 2026-09-03 05:22:27 CEST)\" executed successfully"}
{"timestamp": "2026-09-03T05:22:27", "level": "INFO", "component": "apscheduler.executors.default", "message": "Running job \"poll_once (trigger: interval[0:00:10], next run at: 2026-09-03 05:22:37 CEST)\" (scheduled at 2026-09-03 05:22:27.305960+02:00)"}
{"timestamp": "2026-09-03T05:22:27", "level": "INFO", "component": "apscheduler.executors.default", "message": "Job \"poll_once (trigger: interval[0:00:10], next run at: 2026-09-03 05:22:37 CEST)\" executed successfully"}
{"timestamp": "2026-09-03T05:22:37", "level": "INFO", "component": "apscheduler.executors.default", "message": "Running job \"poll_once (trigger: interval[0:00:10], next run at: 2026-09-03 05:22:47 CEST)\" (scheduled at 2026-09-03 05:22:37.305960+02:00)"}
{"timestamp": "2026-09-03T05:22:37", "level": "INFO", "component": "apscheduler.executors.default", "message": "Job \"poll_once (trigger: interval[0:00:10], next run at: 2026-09-03 05:22:47 CEST)\" executed successfully"}
{"timestamp": "2026-09-03T05:22:47", "level": "INFO", "component": "apscheduler.executors.default", "message": "Running job \"poll_once (trigger: interval[0:00:10], next run at: 2026-09-03 05:22:57 CEST)\" (scheduled at 2026-09-03 05:22:47.305960+02:00)"}
{"timestamp": "2026-09-03T05:22:47", "level": "INFO", "component": "apscheduler.executors.default", "message": "Job \"poll_once (trigger: interval[0:00:10], next run at: 2026-09-03 05:22:57 CEST)\" executed successfully"}
{"timestamp": "2026-09-03T05:22:57", "level": "INFO", "component": "apscheduler.executors.default", "message": "Running job \"poll_once (trigger: interval[0:00:10], next run at: 2026-09-03 05:23:07 CEST)\" (scheduled at 2026-09-03 05:22:57.305960+02:00)"}
{"timestamp": "2026-09-03T05:22:57", "level": "INFO", "component": "apscheduler.executors.default", "message": "Running job \"_start_scheduler.<locals>.<lambda> (trigger: interval[0:00:45], next run at: 2026-09-03 05:23:42 CEST)\" (scheduled at 2026-09-03 05:22:57.306433+02:00)"}
{"timestamp": "2026-09-03T05:22:57", "level": "INFO", "component": "apscheduler.executors.default", "message": "Job \"poll_once (trigger: interval[0:00:10], next run at: 2026-09-03 05:23:07 CEST)\" executed successfully"}
{"timestamp": "2026-09-03T05:22:57", "level": "INFO", "component": "cv112_poller", "message": "Feed descargado: 16 incidentes activos", "correlation_id": "e26a0717"}
{"timestamp": "2026-09-03T05:22:57", "level": "INFO", "component": "apscheduler.executors.default", "message": "Job \"_start_scheduler.<locals>.<lambda> (trigger: interval[0:00:45], next run at: 2026-09-03 05:23:42 CEST)\" executed successfully"}
{"timestamp": "2026-09-03T05:23:07", "level": "INFO", "component": "apscheduler.executors.default", "message": "Running job \"poll_once (trigger: interval[0:00:10], next run at: 2026-09-03 05:23:17 CEST)\" (scheduled at 2026-09-03 05:23:07.305960+02:00)"}
{"timestamp": "2026-09-03T05:23:07", "level": "INFO", "component": "apscheduler.executors.default", "message": "Job \"poll_once (trigger: interval[0:00:10], next run at: 2026-09-03 05:23:17 CEST)\" executed successfully"}
{"timestamp": "2026-09-03T05:23:17", "level": "INFO", "component": "apscheduler.executors.default", "message": "Running job \"poll_once (trigger: interval[0:00:10], next run at: 2026-09-03 05:23:27 CEST)\" (scheduled at 2026-09-03 05:23:17.305960+02:00)"}
{"timestamp": "2026-09-03T05:23:17", "level": "INFO", "component": "apscheduler.executors.default", "message": "Job \"poll_once (trigger: interval[0:00:10], next run at: 2026-09-03 05:23:27 CEST)\" executed successfully"}
{"timestamp": "2026-09-03T05:23:27", "level": "INFO", "component": "apscheduler.executors.default", "message": "Running job \"poll_once (trigger: interval[0:00:10], next run at: 2026-09-03 05:23:37 CEST)\" (scheduled at 2026-09-03 05:23:27.305960+02:00)"}
{"timestamp": "2026-09-03T05:23:27", "level": "INFO", "component": "apscheduler.executors.default", "message": "Job \"poll_once (trigger: interval[0:00:10], next run at: 2026-09-03 05:23:37 CEST)\" executed successfully"}
{"timestamp": "2026-09-03T05:23:37", "level": "INFO", "component": "apscheduler.executors.default", "message": "Running job \"poll_once (trigger: interval[0:00:10], next run at: 2026-09-03 05:23:47 CEST)\" (scheduled at 2026-09-03 05:23:37.305960+02:00)"}
{"timestamp": "2026-09-03T05:23:37", "level": "INFO", "component": "apscheduler.executors.default", "message": "Job \"poll_once (trigger: interval[0:00:10], next run at: 2026-09-03 05:23:47 CEST)\" executed successfully"}
{"timestamp": "2026-09-03T05:23:42", "level": "INFO", "component": "apscheduler.executors.default", "message": "Running job \"_start_scheduler.<locals>.<lambda> (trigger: interval[0:00:45], next run at: 2026-09-03 05:24:27 CEST)\" (scheduled at 2026-09-03 05:23:42.306433+02:00)"}
{"timestamp": "2026-09-03T05:23:42", "level": "INFO", "component": "cv112_poller", "message": "Feed descargado: 16 incidentes activos", "correlation_id": "85f0ae2f"}
{"timestamp": "2026-09-03T05:23:42", "level": "INFO", "component": "apscheduler.executors.default", "message": "Job \"_start_scheduler.<locals>.<lambda> (trigger: interval[0:00:45], next run at: 2026-09-03 05:24:27 CEST)\" executed successfully"}
{"timestamp": "2026-09-03T05:23:47", "level": "INFO", "component": "apscheduler.executors.default", "message": "Running job \"poll_once (trigger: interval[0:00:10], next run at: 2026-09-03 05:23:57 CEST)\" (scheduled at 2026-09-03 05:23:47.305960+02:00)"}
{"timestamp": "2026-09-03T05:23:47", "level": "INFO", "component": "apscheduler.executors.default", "message": "Job \"poll_once (trigger: interval[0:00:10], next run at: 2026-09-03 05:23:57 CEST)\" executed successfully"}
{"timestamp": "2026-09-03T05:23:57", "level": "INFO", "component": "apscheduler.executors.default", "message": "Running job \"poll_once (trigger: interval[0:00:10], next run at: 2026-09-03 05:24:07 CEST)\" (scheduled at 2026-09-03 05:23:57.305960+02:00)"}
{"timestamp": "2026-09-03T05:23:57", "level": "INFO", "component": "apscheduler.executors.default", "message": "Job \"poll_once (trigger: interval[0:00:10], next run at: 2026-09-03 05:24:07 CEST)\" executed successfully"}
{"timestamp": "2026-09-03T05:24:07", "level": "INFO", "component": "apscheduler.executors.default", "message": "Running job \"poll_once (trigger: interval[0:00:10], next run at: 2026-09-03 05:24:17 CEST)\" (scheduled at 2026-09-03 05:24:07.305960+02:00)"}
{"timestamp": "2026-09-03T05:24:07", "level": "INFO", "component": "apscheduler.executors.default", "message": "Job \"poll_once (trigger: interval[0:00:10], next run at: 2026-09-03 05:24:17 CEST)\" executed successfully"}
{"timestamp": "2026-09-03T05:24:17", "level": "INFO", "component": "apscheduler.executors.default", "message": "Running job \"poll_once (trigger: interval[0:00:10], next run at: 2026-09-03 05:24:27 CEST)\" (scheduled at 2026-09-03 05:24:17.305960+02:00)"}
{"timestamp": "2026-09-03T05:24:17", "level": "INFO", "component": "apscheduler.executors.default", "message": "Job \"poll_once (trigger: interval[0:00:10], next run at: 2026-09-03 05:24:27 CEST)\" executed successfully"}
{"timestamp": "2026-09-03T05:24:27", "level": "INFO", "component": "apscheduler.executors.default", "message": "Running job \"poll_once (trigger: interval[0:00:10], next run at: 2026-09-03 05:24:37 CEST)\" (scheduled at 2026-09-03 05:24:27.305960+02:00)"}
{"timestamp": "2026-09-03T05:24:27", "level": "INFO", "component": "apscheduler.executors.default", "message": "Running job \"_start_scheduler.<locals>.<lambda> (trigger: interval[0:00:45], next run at: 2026-09-03 05:25:12 CEST)\" (scheduled at 2026-09-03 05:24:27.306433+02:00)"}
{"timestamp": "2026-09-03T05:24:27", "level": "INFO", "component": "apscheduler.executors.default", "message": "Job \"poll_once (trigger: interval[0:00:10], next run at: 2026-09-03 05:24:37 CEST)\" executed successfully"}
{"timestamp": "2026-09-03T05:24:27", "level": "INFO", "component": "cv112_poller", "message": "Feed descargado: 16 incidentes activos", "correlation_id": "ee9f5b51"}
{"timestamp": "2026-09-03T05:24:27", "level": "INFO", "component": "apscheduler.executors.default", "message": "Job \"_start_scheduler.<locals>.<lambda> (trigger: interval[0:00:45], next run at: 2026-09-03 05:25:12 CEST)\" executed successfully"}
{"timestamp": "2026-09-03T05:24:37", "level": "INFO", "component": "apscheduler.executors.default", "message": "Running job \"poll_once (trigger: interval[0:00:10], next run at: 2026-09-03 05:24:47 CEST)\" (scheduled at 2026-09-03 05:24:37.305960+02:00)"}
{"timestamp": "2026-09-03T05:24:37", "level": "INFO", "component": "apscheduler.executors.default", "message": "Job \"poll_once (trigger: interval[0:00:10], next run at: 2026-09-03 05:24:47 CEST)\" executed successfully"}
{"timestamp": "2026-09-03T05:24:47", "level": "INFO", "component": "apscheduler.executors.default", "message": "Running job \"poll_once (trigger: interval[0:00:10], next run at: 2026-09-03 05:24:57 CEST)\" (scheduled at 2026-09-03 05:24:47.305960+02:00)"}
{"timestamp": "2026-09-03T05:24:47", "level": "INFO", "component": "apscheduler.executors.default", "message": "Job \"poll_once (trigger: interval[0:00:10], next run at: 2026-09-03 05:24:57 CEST)\" executed successfully"}
{"timestamp": "2026-09-03T05:24:57", "level": "INFO", "component": "apscheduler.executors.default", "message": "Running job \"poll_once (trigger: interval[0:00:10], next run at: 2026-09-03 05:25:07 CEST)\" (scheduled at 2026-09-03 05:24:57.305960+02:00)"}
{"timestamp": "2026-09-03T05:24:57", "level": "INFO", "component": "apscheduler.executors.default", "message": "Job \"poll_once (trigger: interval[0:00:10], next run at: 2026-09-03 05:25:07 CEST)\" executed successfully"}
{"timestamp": "2026-09-03T05:25:07", "level": "INFO", "component": "apscheduler.executors.default", "message": "Running job \"poll_once (trigger: interval[0:00:10], next run at: 2026-09-03 05:25:17 CEST)\" (scheduled at 2026-09-03 05:25:07.305960+02:00)"}
{"timestamp": "2026-09-03T05:25:07", "level": "INFO", "component": "apscheduler.executors.default", "message": "Job \"poll_once (trigger: interval[0:00:10], next run at: 2026-09-03 05:25:17 CEST)\" executed successfully"}
{"timestamp": "2026-09-03T05:25:12", "level": "INFO", "component": "apscheduler.executors.default", "message": "Running job \"_start_scheduler.<locals>.<lambda> (trigger: interval[0:00:45], next run at: 2026-09-03 05:25:57 CEST)\" (scheduled at 2026-09-03 05:25:12.306433+02:00)"}
{"timestamp": "2026-09-03T05:25:12", "level": "INFO", "component": "cv112_poller", "message": "Feed descargado: 16 incidentes activos", "correlation_id": "98a43a12"}
{"timestamp": "2026-09-03T05:25:12", "level": "INFO", "component": "apscheduler.executors.default", "message": "Job \"_start_scheduler.<locals>.<lambda> (trigger: interval[0:00:45], next run at: 2026-09-03 05:25:57 CEST)\" executed successfully"}
{"timestamp": "2026-09-03T05:25:17", "level": "INFO", "component": "apscheduler.executors.default", "message": "Running job \"poll_once (trigger: interval[0:00:10], next run at: 2026-09-03 05:25:27 CEST)\" (scheduled at 2026-09-03 05:25:17.305960+02:00)"}
{"timestamp": "2026-09-03T05:25:17", "level": "INFO", "component": "apscheduler.executors.default", "message": "Job \"poll_once (trigger: interval[0:00:10], next run at: 2026-09-03 05:25:27 CEST)\" executed successfully"}
{"timestamp": "2026-09-03T05:25:27", "level": "INFO", "component": "apscheduler.executors.default", "message": "Running job \"poll_once (trigger: interval[0:00:10], next run at: 2026-09-03 05:25:37 CEST)\" (scheduled at 2026-09-03 05:25:27.305960+02:00)"}
{"timestamp": "2026-09-03T05:25:27", "level": "INFO", "component": "apscheduler.executors.default", "message": "Job \"poll_once (trigger: interval[0:00:10], next run at: 2026-09-03 05:25:37 CEST)\" executed successfully"}
{"timestamp": "2026-09-03T05:25:37", "level": "INFO", "component": "apscheduler.executors.default", "message": "Running job \"poll_once (trigger: interval[0:00:10], next run at: 2026-09-03 05:25:47 CEST)\" (scheduled at 2026-09-03 05:25:37.305960+02:00)"}
{"timestamp": "2026-09-03T05:25:37", "level": "INFO", "component": "apscheduler.executors.default", "message": "Job \"poll_once (trigger: interval[0:00:10], next run at: 2026-09-03 05:25:47 CEST)\" executed successfully"}
{"timestamp": "2026-09-03T05:25:47", "level": "INFO", "component": "apscheduler.executors.default", "message": "Running job \"poll_once (trigger: interval[0:00:10], next run at: 2026-09-03 05:25:57 CEST)\" (scheduled at 2026-09-03 05:25:47.305960+02:00)"}
{"timestamp": "2026-09-03T05:25:47", "level": "INFO", "component": "apscheduler.executors.default", "message": "Job \"poll_once (trigger: interval[0:00:10], next run at: 2026-09-03 05:25:57 CEST)\" executed successfully"}
{"timestamp": "2026-09-03T05:25:57", "level": "INFO", "component": "apscheduler.executors.default", "message": "Running job \"poll_once (trigger: interval[0:00:10], next run at: 2026-09-03 05:26:07 CEST)\" (scheduled at 2026-09-03 05:25:57.305960+02:00)"}
{"timestamp": "2026-09-03T05:25:57", "level": "INFO", "component": "apscheduler.executors.default", "message": "Running job \"_start_scheduler.<locals>.<lambda> (trigger: interval[0:00:45], next run at: 2026-09-03 05:26:42 CEST)\" (scheduled at 2026-09-03 05:25:57.306433+02:00)"}
{"timestamp": "2026-09-03T05:25:57", "level": "INFO", "component": "apscheduler.executors.default", "message": "Job \"poll_once (trigger: interval[0:00:10], next run at: 2026-09-03 05:26:07 CEST)\" executed successfully"}
{"timestamp": "2026-09-03T05:25:57", "level": "INFO", "component": "cv112_poller", "message": "Feed descargado: 16 incidentes activos", "correlation_id": "251cc9ca"}
{"timestamp": "2026-09-03T05:25:57", "level": "INFO", "component": "apscheduler.executors.default", "message": "Job \"_start_scheduler.<locals>.<lambda> (trigger: interval[0:00:45], next run at: 2026-09-03 05:26:42 CEST)\" executed successfully"}
{"timestamp": "2026-09-03T05:26:07", "level": "INFO", "component": "apscheduler.executors.default", "message": "Running job \"poll_once (trigger: interval[0:00:10], next run at: 2026-09-03 05:26:17 CEST)\" (scheduled at 2026-09-03 05:26:07.305960+02:00)"}
{"timestamp": "2026-09-03T05:26:07", "level": "INFO", "component": "apscheduler.executors.default", "message": "Job \"poll_once (trigger: interval[0:00:10], next run at: 2026-09-03 05:26:17 CEST)\" executed successfully"}
{"timestamp": "2026-09-03T05:26:17", "level": "INFO", "component": "apscheduler.executors.default", "message": "Running job \"poll_once (trigger: interval[0:00:10], next run at: 2026-09-03 05:26:27 CEST)\" (scheduled at 2026-09-03 05:26:17.305960+02:00)"}
{"timestamp": "2026-09-03T05:26:17", "level": "INFO", "component": "apscheduler.executors.default", "message": "Job \"poll_once (trigger: interval[0:00:10], next run at: 2026-09-03 05:26:27 CEST)\" executed successfully"}
{"timestamp": "2026-09-03T05:26:27", "level": "INFO", "component": "apscheduler.executors.default", "message": "Running job \"poll_once (trigger: interval[0:00:10], next run at: 2026-09-03 05:26:37 CEST)\" (scheduled at 2026-09-03 05:26:27.305960+02:00)"}
{"timestamp": "2026-09-03T05:26:27", "level": "INFO", "component": "apscheduler.executors.default", "message": "Job \"poll_once (trigger: interval[0:00:10], next run at: 2026-09-03 05:26:37 CEST)\" executed successfully"}
{"timestamp": "2026-09-03T05:26:37", "level": "INFO", "component": "apscheduler.executors.default", "message": "Running job \"poll_once (trigger: interval[0:00:10], next run at: 2026-09-03 05:26:47 CEST)\" (scheduled at 2026-09-03 05:26:37.305960+02:00)"}
{"timestamp": "2026-09-03T05:26:37", "level": "INFO", "component": "apscheduler.executors.default", "message": "Job \"poll_once (trigger: interval[0:00:10], next run at: 2026-09-03 05:26:47 CEST)\" executed successfully"}
{"timestamp": "2026-09-03T05:26:42", "level": "INFO", "component": "apscheduler.executors.default", "message": "Running job \"_start_scheduler.<locals>.<lambda> (trigger: interval[0:00:45], next run at: 2026-09-03 05:27:27 CEST)\" (scheduled at 2026-09-03 05:26:42.306433+02:00)"}
{"timestamp": "2026-09-03T05:26:42", "level": "INFO", "component": "cv112_poller", "message": "Feed descargado: 16 incidentes activos", "correlation_id": "b030996c"}
{"timestamp": "2026-09-03T05:26:42", "level": "INFO", "component": "apscheduler.executors.default", "message": "Job \"_start_scheduler.<locals>.<lambda> (trigger: interval[0:00:45], next run at: 2026-09-03 05:27:27 CEST)\" executed successfully"}
{"timestamp": "2026-09-03T05:26:47", "level": "INFO", "component": "apscheduler.executors.default", "message": "Running job \"poll_once (trigger: interval[0:00:10], next run at: 2026-09-03 05:26:57 CEST)\" (scheduled at 2026-09-03 05:26:47.305960+02:00)"}
{"timestamp": "2026-09-03T05:26:47", "level": "INFO", "component": "apscheduler.executors.default", "message": "Job \"poll_once (trigger: interval[0:00:10], next run at: 2026-09-03 05:26:57 CEST)\" executed successfully"}
{"timestamp": "2026-09-03T05:26:57", "level": "INFO", "component": "apscheduler.executors.default", "message": "Running job \"poll_once (trigger: interval[0:00:10], next run at: 2026-09-03 05:27:07 CEST)\" (scheduled at 2026-09-03 05:26:57.305960+02:00)"}
{"timestamp": "2026-09-03T05:26:57", "level": "INFO", "component": "apscheduler.executors.default", "message": "Job \"poll_once (trigger: interval[0:00:10], next run at: 2026-09-03 05:27:07 CEST)\" executed successfully"}
{"timestamp": "2026-09-03T05:27:07", "level": "INFO", "component": "apscheduler.executors.default", "message": "Running job \"poll_once (trigger: interval[0:00:10], next run at: 2026-09-03 05:27:17 CEST)\" (scheduled at 2026-09-03 05:27:07.305960+02:00)"}
{"timestamp": "2026-09-03T05:27:07", "level": "INFO", "component": "apscheduler.executors.default", "message": "Job \"poll_once (trigger: interval[0:00:10], next run at: 2026-09-03 05:27:17 CEST)\" executed successfully"}
{"timestamp": "2026-09-03T05:27:17", "level": "INFO", "component": "apscheduler.executors.default", "message": "Running job \"poll_once (trigger: interval[0:00:10], next run at: 2026-09-03 05:27:27 CEST)\" (scheduled at 2026-09-03 05:27:17.305960+02:00)"}
{"timestamp": "2026-09-03T05:27:17", "level": "INFO", "component": "apscheduler.executors.default", "message": "Job \"poll_once (trigger: interval[0:00:10], next run at: 2026-09-03 05:27:27 CEST)\" executed successfully"}
{"timestamp": "2026-09-03T05:27:27", "level": "INFO", "component": "apscheduler.executors.default", "message": "Running job \"poll_once (trigger: interval[0:00:10], next run at: 2026-09-03 05:27:37 CEST)\" (scheduled at 2026-09-03 05:27:27.305960+02:00)"}
{"timestamp": "2026-09-03T05:27:27", "level": "INFO", "component": "apscheduler.executors.default", "message": "Running job \"_start_scheduler.<locals>.<lambda> (trigger: interval[0:00:45], next run at: 2026-09-03 05:28:12 CEST)\" (scheduled at 2026-09-03 05:27:27.306433+02:00)"}
{"timestamp": "2026-09-03T05:27:27", "level": "INFO", "component": "apscheduler.executors.default", "message": "Job \"poll_once (trigger: interval[0:00:10], next run at: 2026-09-03 05:27:37 CEST)\" executed successfully"}
{"timestamp": "2026-09-03T05:27:27", "level": "INFO", "component": "cv112_poller", "message": "Feed descargado: 16 incidentes activos", "correlation_id": "8ed19362"}
{"timestamp": "2026-09-03T05:27:27", "level": "INFO", "component": "apscheduler.executors.default", "message": "Job \"_start_scheduler.<locals>.<lambda> (trigger: interval[0:00:45], next run at: 2026-09-03 05:28:12 CEST)\" executed successfully"}
{"timestamp": "2026-09-03T05:27:37", "level": "INFO", "component": "apscheduler.executors.default", "message": "Running job \"poll_once (trigger: interval[0:00:10], next run at: 2026-09-03 05:27:47 CEST)\" (scheduled at 2026-09-03 05:27:37.305960+02:00)"}
{"timestamp": "2026-09-03T05:27:37", "level": "INFO", "component": "apscheduler.executors.default", "message": "Job \"poll_once (trigger: interval[0:00:10], next run at: 2026-09-03 05:27:47 CEST)\" executed successfully"}
{"timestamp": "2026-09-03T05:27:47", "level": "INFO", "component": "apscheduler.executors.default", "message": "Running job \"poll_once (trigger: interval[0:00:10], next run at: 2026-09-03 05:27:57 CEST)\" (scheduled at 2026-09-03 05:27:47.305960+02:00)"}
{"timestamp": "2026-09-03T05:27:47", "level": "INFO", "component": "apscheduler.executors.default", "message": "Job \"poll_once (trigger: interval[0:00:10], next run at: 2026-09-03 05:27:57 CEST)\" executed successfully"}
{"timestamp": "2026-09-03T05:27:57", "level": "INFO", "component": "apscheduler.executors.default", "message": "Running job \"poll_once (trigger: interval[0:00:10], next run at: 2026-09-03 05:28:07 CEST)\" (scheduled at 2026-09-03 05:27:57.305960+02:00)"}
{"timestamp": "2026-09-03T05:27:57", "level": "INFO", "component": "apscheduler.executors.default", "message": "Job \"poll_once (trigger: interval[0:00:10], next run at: 2026-09-03 05:28:07 CEST)\" executed successfully"}
{"timestamp": "2026-09-03T05:28:07", "level": "INFO", "component": "apscheduler.executors.default", "message": "Running job \"poll_once (trigger: interval[0:00:10], next run at: 2026-09-03 05:28:17 CEST)\" (scheduled at 2026-09-03 05:28:07.305960+02:00)"}
{"timestamp": "2026-09-03T05:28:07", "level": "INFO", "component": "apscheduler.executors.default", "message": "Job \"poll_once (trigger: interval[0:00:10], next run at: 2026-09-03 05:28:17 CEST)\" executed successfully"}
{"timestamp": "2026-09-03T05:28:12", "level": "INFO", "component": "apscheduler.executors.default", "message": "Running job \"_start_scheduler.<locals>.<lambda> (trigger: interval[0:00:45], next run at: 2026-09-03 05:28:57 CEST)\" (scheduled at 2026-09-03 05:28:12.306433+02:00)"}
{"timestamp": "2026-09-03T05:28:12", "level": "INFO", "component": "cv112_poller", "message": "Feed descargado: 16 incidentes activos", "correlation_id": "972cd64e"}
{"timestamp": "2026-09-03T05:28:12", "level": "INFO", "component": "apscheduler.executors.default", "message": "Job \"_start_scheduler.<locals>.<lambda> (trigger: interval[0:00:45], next run at: 2026-09-03 05:28:57 CEST)\" executed successfully"}
{"timestamp": "2026-09-03T05:42:19", "level": "WARNING", "component": "apscheduler.executors.default", "message": "Run time of job \"poll_once (trigger: interval[0:00:10], next run at: 2026-09-03 05:42:27 CEST)\" was missed by 0:00:01.927364"}
{"timestamp": "2026-09-03T05:42:19", "level": "WARNING", "component": "apscheduler.executors.default", "message": "Run time of job \"_start_scheduler.<locals>.<lambda> (trigger: interval[0:00:45], next run at: 2026-09-03 05:42:27 CEST)\" was missed by 0:00:36.927186"}
{"timestamp": "2026-09-03T05:42:27", "level": "INFO", "component": "apscheduler.executors.default", "message": "Running job \"poll_once (trigger: interval[0:00:10], next run at: 2026-09-03 05:42:37 CEST)\" (scheduled at 2026-09-03 05:42:27.305960+02:00)"}
{"timestamp": "2026-09-03T05:42:27", "level": "INFO", "component": "apscheduler.executors.default", "message": "Running job \"_start_scheduler.<locals>.<lambda> (trigger: interval[0:00:45], next run at: 2026-09-03 05:43:12 CEST)\" (scheduled at 2026-09-03 05:42:27.306433+02:00)"}
{"timestamp": "2026-09-03T05:42:27", "level": "INFO", "component": "apscheduler.executors.default", "message": "Job \"poll_once (trigger: interval[0:00:10], next run at: 2026-09-03 05:42:37 CEST)\" executed successfully"}
{"timestamp": "2026-09-03T05:42:27", "level": "INFO", "component": "cv112_poller", "message": "Feed descargado: 16 incidentes activos", "correlation_id": "21758ed2"}
{"timestamp": "2026-09-03T05:42:27", "level": "INFO", "component": "apscheduler.executors.default", "message": "Job \"_start_scheduler.<locals>.<lambda> (trigger: interval[0:00:45], next run at: 2026-09-03 05:43:12 CEST)\" executed successfully"}
{"timestamp": "2026-09-03T05:42:37", "level": "INFO", "component": "apscheduler.executors.default", "message": "Running job \"poll_once (trigger: interval[0:00:10], next run at: 2026-09-03 05:42:47 CEST)\" (scheduled at 2026-09-03 05:42:37.305960+02:00)"}
{"timestamp": "2026-09-03T05:42:37", "level": "INFO", "component": "apscheduler.executors.default", "message": "Job \"poll_once (trigger: interval[0:00:10], next run at: 2026-09-03 05:42:47 CEST)\" executed successfully"}
{"timestamp": "2026-09-03T05:42:47", "level": "INFO", "component": "apscheduler.executors.default", "message": "Running job \"poll_once (trigger: interval[0:00:10], next run at: 2026-09-03 05:42:57 CEST)\" (scheduled at 2026-09-03 05:42:47.305960+02:00)"}
{"timestamp": "2026-09-03T05:42:47", "level": "INFO", "component": "apscheduler.executors.default", "message": "Job \"poll_once (trigger: interval[0:00:10], next run at: 2026-09-03 05:42:57 CEST)\" executed successfully"}
{"timestamp": "2026-09-03T05:42:57", "level": "INFO", "component": "apscheduler.executors.default", "message": "Running job \"poll_once (trigger: interval[0:00:10], next run at: 2026-09-03 05:43:07 CEST)\" (scheduled at 2026-09-03 05:42:57.305960+02:00)"}
{"timestamp": "2026-09-03T05:42:57", "level": "INFO", "component": "apscheduler.executors.default", "message": "Job \"poll_once (trigger: interval[0:00:10], next run at: 2026-09-03 05:43:07 CEST)\" executed successfully"}
{"timestamp": "2026-09-03T05:43:07", "level": "INFO", "component": "apscheduler.executors.default", "message": "Running job \"poll_once (trigger: interval[0:00:10], next run at: 2026-09-03 05:43:17 CEST)\" (scheduled at 2026-09-03 05:43:07.305960+02:00)"}
{"timestamp": "2026-09-03T05:43:07", "level": "INFO", "component": "apscheduler.executors.default", "message": "Job \"poll_once (trigger: interval[0:00:10], next run at: 2026-09-03 05:43:17 CEST)\" executed successfully"}
{"timestamp": "2026-09-03T05:43:12", "level": "INFO", "component": "apscheduler.executors.default", "message": "Running job \"_start_scheduler.<locals>.<lambda> (trigger: interval[0:00:45], next run at: 2026-09-03 05:43:57 CEST)\" (scheduled at 2026-09-03 05:43:12.306433+02:00)"}
{"timestamp": "2026-09-03T05:43:12", "level": "INFO", "component": "cv112_poller", "message": "Feed descargado: 16 incidentes activos", "correlation_id": "4e6945df"}
{"timestamp": "2026-09-03T05:43:12", "level": "INFO", "component": "apscheduler.executors.default", "message": "Job \"_start_scheduler.<locals>.<lambda> (trigger: interval[0:00:45], next run at: 2026-09-03 05:43:57 CEST)\" executed successfully"}
{"timestamp": "2026-09-03T05:43:17", "level": "INFO", "component": "apscheduler.executors.default", "message": "Running job \"poll_once (trigger: interval[0:00:10], next run at: 2026-09-03 05:43:27 CEST)\" (scheduled at 2026-09-03 05:43:17.305960+02:00)"}
{"timestamp": "2026-09-03T05:43:17", "level": "INFO", "component": "apscheduler.executors.default", "message": "Job \"poll_once (trigger: interval[0:00:10], next run at: 2026-09-03 05:43:27 CEST)\" executed successfully"}
{"timestamp": "2026-09-03T05:43:27", "level": "INFO", "component": "apscheduler.executors.default", "message": "Running job \"poll_once (trigger: interval[0:00:10], next run at: 2026-09-03 05:43:37 CEST)\" (scheduled at 2026-09-03 05:43:27.305960+02:00)"}
{"timestamp": "2026-09-03T05:43:27", "level": "INFO", "component": "apscheduler.executors.default", "message": "Job \"poll_once (trigger: interval[0:00:10], next run at: 2026-09-03 05:43:37 CEST)\" executed successfully"}
{"timestamp": "2026-09-03T05:43:37", "level": "INFO", "component": "apscheduler.executors.default", "message": "Running job \"poll_once (trigger: interval[0:00:10], next run at: 2026-09-03 05:43:47 CEST)\" (scheduled at 2026-09-03 05:43:37.305960+02:00)"}
{"timestamp": "2026-09-03T05:43:37", "level": "INFO", "component": "apscheduler.executors.default", "message": "Job \"poll_once (trigger: interval[0:00:10], next run at: 2026-09-03 05:43:47 CEST)\" executed successfully"}
{"timestamp": "2026-09-03T05:43:47", "level": "INFO", "component": "apscheduler.executors.default", "message": "Running job \"poll_once (trigger: interval[0:00:10], next run at: 2026-09-03 05:43:57 CEST)\" (scheduled at 2026-09-03 05:43:47.305960+02:00)"}
{"timestamp": "2026-09-03T05:43:47", "level": "INFO", "component": "apscheduler.executors.default", "message": "Job \"poll_once (trigger: interval[0:00:10], next run at: 2026-09-03 05:43:57 CEST)\" executed successfully"}
{"timestamp": "2026-09-03T05:43:57", "level": "INFO", "component": "apscheduler.executors.default", "message": "Running job \"poll_once (trigger: interval[0:00:10], next run at: 2026-09-03 05:44:07 CEST)\" (scheduled at 2026-09-03 05:43:57.305960+02:00)"}
{"timestamp": "2026-09-03T05:43:57", "level": "INFO", "component": "apscheduler.executors.default", "message": "Running job \"_start_scheduler.<locals>.<lambda> (trigger: interval[0:00:45], next run at: 2026-09-03 05:44:42 CEST)\" (scheduled at 2026-09-03 05:43:57.306433+02:00)"}
{"timestamp": "2026-09-03T05:43:57", "level": "INFO", "component": "apscheduler.executors.default", "message": "Job \"poll_once (trigger: interval[0:00:10], next run at: 2026-09-03 05:44:07 CEST)\" executed successfully"}
{"timestamp": "2026-09-03T05:43:57", "level": "INFO", "component": "cv112_poller", "message": "Feed descargado: 16 incidentes activos", "correlation_id": "d7a028a7"}
{"timestamp": "2026-09-03T05:43:57", "level": "INFO", "component": "apscheduler.executors.default", "message": "Job \"_start_scheduler.<locals>.<lambda> (trigger: interval[0:00:45], next run at: 2026-09-03 05:44:42 CEST)\" executed successfully"}
{"timestamp": "2026-09-03T05:44:07", "level": "INFO", "component": "apscheduler.executors.default", "message": "Running job \"poll_once (trigger: interval[0:00:10], next run at: 2026-09-03 05:44:17 CEST)\" (scheduled at 2026-09-03 05:44:07.305960+02:00)"}
{"timestamp": "2026-09-03T05:44:07", "level": "INFO", "component": "apscheduler.executors.default", "message": "Job \"poll_once (trigger: interval[0:00:10], next run at: 2026-09-03 05:44:17 CEST)\" executed successfully"}
{"timestamp": "2026-09-03T05:44:17", "level": "INFO", "component": "apscheduler.executors.default", "message": "Running job \"poll_once (trigger: interval[0:00:10], next run at: 2026-09-03 05:44:27 CEST)\" (scheduled at 2026-09-03 05:44:17.305960+02:00)"}
{"timestamp": "2026-09-03T05:44:17", "level": "INFO", "component": "apscheduler.executors.default", "message": "Job \"poll_once (trigger: interval[0:00:10], next run at: 2026-09-03 05:44:27 CEST)\" executed successfully"}
{"timestamp": "2026-09-03T05:44:27", "level": "INFO", "component": "apscheduler.executors.default", "message": "Running job \"poll_once (trigger: interval[0:00:10], next run at: 2026-09-03 05:44:37 CEST)\" (scheduled at 2026-09-03 05:44:27.305960+02:00)"}
{"timestamp": "2026-09-03T05:44:27", "level": "INFO", "component": "apscheduler.executors.default", "message": "Job \"poll_once (trigger: interval[0:00:10], next run at: 2026-09-03 05:44:37 CEST)\" executed successfully"}
{"timestamp": "2026-09-03T05:44:37", "level": "INFO", "component": "apscheduler.executors.default", "message": "Running job \"poll_once (trigger: interval[0:00:10], next run at: 2026-09-03 05:44:47 CEST)\" (scheduled at 2026-09-03 05:44:37.305960+02:00)"}
{"timestamp": "2026-09-03T05:44:37", "level": "INFO", "component": "apscheduler.executors.default", "message": "Job \"poll_once (trigger: interval[0:00:10], next run at: 2026-09-03 05:44:47 CEST)\" executed successfully"}
{"timestamp": "2026-09-03T05:44:42", "level": "INFO", "component": "apscheduler.executors.default", "message": "Running job \"_start_scheduler.<locals>.<lambda> (trigger: interval[0:00:45], next run at: 2026-09-03 05:45:27 CEST)\" (scheduled at 2026-09-03 05:44:42.306433+02:00)"}
{"timestamp": "2026-09-03T05:44:42", "level": "INFO", "component": "cv112_poller", "message": "Feed descargado: 17 incidentes activos", "correlation_id": "e26f5eab"}
{"timestamp": "2026-09-03T05:44:42", "level": "INFO", "component": "cv112_poller", "message": "Incidente 40512234 visto pero alertas automáticas pausadas (killswitch)", "correlation_id": "e26f5eab"}
{"timestamp": "2026-09-03T05:44:42", "level": "INFO", "component": "apscheduler.executors.default", "message": "Job \"_start_scheduler.<locals>.<lambda> (trigger: interval[0:00:45], next run at: 2026-09-03 05:45:27 CEST)\" executed successfully"}
{"timestamp": "2026-09-03T05:44:47", "level": "INFO", "component": "apscheduler.executors.default", "message": "Running job \"poll_once (trigger: interval[0:00:10], next run at: 2026-09-03 05:44:57 CEST)\" (scheduled at 2026-09-03 05:44:47.305960+02:00)"}
{"timestamp": "2026-09-03T05:44:47", "level": "INFO", "component": "apscheduler.executors.default", "message": "Job \"poll_once (trigger: interval[0:00:10], next run at: 2026-09-03 05:44:57 CEST)\" executed successfully"}
{"timestamp": "2026-09-03T05:44:57", "level": "INFO", "component": "apscheduler.executors.default", "message": "Running job \"poll_once (trigger: interval[0:00:10], next run at: 2026-09-03 05:45:07 CEST)\" (scheduled at 2026-09-03 05:44:57.305960+02:00)"}
{"timestamp": "2026-09-03T05:44:57", "level": "INFO", "component": "apscheduler.executors.default", "message": "Job \"poll_once (trigger: interval[0:00:10], next run at: 2026-09-03 05:45:07 CEST)\" executed successfully"}
{"timestamp": "2026-09-03T05:45:07", "level": "INFO", "component": "apscheduler.executors.default", "message": "Running job \"poll_once (trigger: interval[0:00:10], next run at: 2026-09-03 05:45:17 CEST)\" (scheduled at 2026-09-03 05:45:07.305960+02:00)"}
{"timestamp": "2026-09-03T05:45:07", "level": "INFO", "component": "apscheduler.executors.default", "message": "Job \"poll_once (trigger: interval[0:00:10], next run at: 2026-09-03 05:45:17 CEST)\" executed successfully"}
{"timestamp": "2026-09-03T05:45:17", "level": "INFO", "component": "apscheduler.executors.default", "message": "Running job \"poll_once (trigger: interval[0:00:10], next run at: 2026-09-03 05:45:27 CEST)\" (scheduled at 2026-09-03 05:45:17.305960+02:00)"}
{"timestamp": "2026-09-03T05:45:17", "level": "INFO", "component": "apscheduler.executors.default", "message": "Job \"poll_once (trigger: interval[0:00:10], next run at: 2026-09-03 05:45:27 CEST)\" executed successfully"}
{"timestamp": "2026-09-03T05:45:27", "level": "INFO", "component": "apscheduler.executors.default", "message": "Running job \"poll_once (trigger: interval[0:00:10], next run at: 2026-09-03 05:45:37 CEST)\" (scheduled at 2026-09-03 05:45:27.305960+02:00)"}
{"timestamp": "2026-09-03T05:45:27", "level": "INFO", "component": "apscheduler.executors.default", "message": "Running job \"_start_scheduler.<locals>.<lambda> (trigger: interval[0:00:45], next run at: 2026-09-03 05:46:12 CEST)\" (scheduled at 2026-09-03 05:45:27.306433+02:00)"}
{"timestamp": "2026-09-03T05:45:27", "level": "INFO", "component": "apscheduler.executors.default", "message": "Job \"poll_once (trigger: interval[0:00:10], next run at: 2026-09-03 05:45:37 CEST)\" executed successfully"}
{"timestamp": "2026-09-03T05:45:27", "level": "INFO", "component": "cv112_poller", "message": "Feed descargado: 17 incidentes activos", "correlation_id": "4503ace1"}
{"timestamp": "2026-09-03T05:45:27", "level": "INFO", "component": "apscheduler.executors.default", "message": "Job \"_start_scheduler.<locals>.<lambda> (trigger: interval[0:00:45], next run at: 2026-09-03 05:46:12 CEST)\" executed successfully"}
{"timestamp": "2026-09-03T05:45:37", "level": "INFO", "component": "apscheduler.executors.default", "message": "Running job \"poll_once (trigger: interval[0:00:10], next run at: 2026-09-03 05:45:47 CEST)\" (scheduled at 2026-09-03 05:45:37.305960+02:00)"}
{"timestamp": "2026-09-03T05:45:37", "level": "INFO", "component": "apscheduler.executors.default", "message": "Job \"poll_once (trigger: interval[0:00:10], next run at: 2026-09-03 05:45:47 CEST)\" executed successfully"}
{"timestamp": "2026-09-03T05:45:47", "level": "INFO", "component": "apscheduler.executors.default", "message": "Running job \"poll_once (trigger: interval[0:00:10], next run at: 2026-09-03 05:45:57 CEST)\" (scheduled at 2026-09-03 05:45:47.305960+02:00)"}
{"timestamp": "2026-09-03T05:45:47", "level": "INFO", "component": "apscheduler.executors.default", "message": "Job \"poll_once (trigger: interval[0:00:10], next run at: 2026-09-03 05:45:57 CEST)\" executed successfully"}
{"timestamp": "2026-09-03T05:45:57", "level": "INFO", "component": "apscheduler.executors.default", "message": "Running job \"poll_once (trigger: interval[0:00:10], next run at: 2026-09-03 05:46:07 CEST)\" (scheduled at 2026-09-03 05:45:57.305960+02:00)"}
{"timestamp": "2026-09-03T05:45:57", "level": "INFO", "component": "apscheduler.executors.default", "message": "Job \"poll_once (trigger: interval[0:00:10], next run at: 2026-09-03 05:46:07 CEST)\" executed successfully"}
{"timestamp": "2026-09-03T05:46:07", "level": "INFO", "component": "apscheduler.executors.default", "message": "Running job \"poll_once (trigger: interval[0:00:10], next run at: 2026-09-03 05:46:17 CEST)\" (scheduled at 2026-09-03 05:46:07.305960+02:00)"}
{"timestamp": "2026-09-03T05:46:07", "level": "INFO", "component": "apscheduler.executors.default", "message": "Job \"poll_once (trigger: interval[0:00:10], next run at: 2026-09-03 05:46:17 CEST)\" executed successfully"}
{"timestamp": "2026-09-03T05:46:12", "level": "INFO", "component": "apscheduler.executors.default", "message": "Running job \"_start_scheduler.<locals>.<lambda> (trigger: interval[0:00:45], next run at: 2026-09-03 05:46:57 CEST)\" (scheduled at 2026-09-03 05:46:12.306433+02:00)"}
{"timestamp": "2026-09-03T05:46:12", "level": "INFO", "component": "cv112_poller", "message": "Feed descargado: 17 incidentes activos", "correlation_id": "16c50d4d"}
{"timestamp": "2026-09-03T05:46:12", "level": "INFO", "component": "apscheduler.executors.default", "message": "Job \"_start_scheduler.<locals>.<lambda> (trigger: interval[0:00:45], next run at: 2026-09-03 05:46:57 CEST)\" executed successfully"}
{"timestamp": "2026-09-03T05:46:17", "level": "INFO", "component": "apscheduler.executors.default", "message": "Running job \"poll_once (trigger: interval[0:00:10], next run at: 2026-09-03 05:46:27 CEST)\" (scheduled at 2026-09-03 05:46:17.305960+02:00)"}
{"timestamp": "2026-09-03T05:46:17", "level": "INFO", "component": "apscheduler.executors.default", "message": "Job \"poll_once (trigger: interval[0:00:10], next run at: 2026-09-03 05:46:27 CEST)\" executed successfully"}
{"timestamp": "2026-09-03T05:46:27", "level": "INFO", "component": "apscheduler.executors.default", "message": "Running job \"poll_once (trigger: interval[0:00:10], next run at: 2026-09-03 05:46:37 CEST)\" (scheduled at 2026-09-03 05:46:27.305960+02:00)"}
{"timestamp": "2026-09-03T05:46:27", "level": "INFO", "component": "apscheduler.executors.default", "message": "Job \"poll_once (trigger: interval[0:00:10], next run at: 2026-09-03 05:46:37 CEST)\" executed successfully"}
{"timestamp": "2026-09-03T05:46:37", "level": "INFO", "component": "apscheduler.executors.default", "message": "Running job \"poll_once (trigger: interval[0:00:10], next run at: 2026-09-03 05:46:47 CEST)\" (scheduled at 2026-09-03 05:46:37.305960+02:00)"}
{"timestamp": "2026-09-03T05:46:37", "level": "INFO", "component": "apscheduler.executors.default", "message": "Job \"poll_once (trigger: interval[0:00:10], next run at: 2026-09-03 05:46:47 CEST)\" executed successfully"}
{"timestamp": "2026-09-03T05:46:47", "level": "INFO", "component": "apscheduler.executors.default", "message": "Running job \"poll_once (trigger: interval[0:00:10], next run at: 2026-09-03 05:46:57 CEST)\" (scheduled at 2026-09-03 05:46:47.305960+02:00)"}
{"timestamp": "2026-09-03T05:46:47", "level": "INFO", "component": "apscheduler.executors.default", "message": "Job \"poll_once (trigger: interval[0:00:10], next run at: 2026-09-03 05:46:57 CEST)\" executed successfully"}
{"timestamp": "2026-09-03T05:46:57", "level": "INFO", "component": "apscheduler.executors.default", "message": "Running job \"poll_once (trigger: interval[0:00:10], next run at: 2026-09-03 05:47:07 CEST)\" (scheduled at 2026-09-03 05:46:57.305960+02:00)"}
{"timestamp": "2026-09-03T05:46:57", "level": "INFO", "component": "apscheduler.executors.default", "message": "Running job \"_start_scheduler.<locals>.<lambda> (trigger: interval[0:00:45], next run at: 2026-09-03 05:47:42 CEST)\" (scheduled at 2026-09-03 05:46:57.306433+02:00)"}
{"timestamp": "2026-09-03T05:46:57", "level": "INFO", "component": "apscheduler.executors.default", "message": "Job \"poll_once (trigger: interval[0:00:10], next run at: 2026-09-03 05:47:07 CEST)\" executed successfully"}
{"timestamp": "2026-09-03T05:46:57", "level": "INFO", "component": "cv112_poller", "message": "Feed descargado: 17 incidentes activos", "correlation_id": "b4cf4451"}
{"timestamp": "2026-09-03T05:46:57", "level": "INFO", "component": "apscheduler.executors.default", "message": "Job \"_start_scheduler.<locals>.<lambda> (trigger: interval[0:00:45], next run at: 2026-09-03 05:47:42 CEST)\" executed successfully"}
{"timestamp": "2026-09-03T05:47:07", "level": "INFO", "component": "apscheduler.executors.default", "message": "Running job \"poll_once (trigger: interval[0:00:10], next run at: 2026-09-03 05:47:17 CEST)\" (scheduled at 2026-09-03 05:47:07.305960+02:00)"}
{"timestamp": "2026-09-03T05:47:07", "level": "INFO", "component": "apscheduler.executors.default", "message": "Job \"poll_once (trigger: interval[0:00:10], next run at: 2026-09-03 05:47:17 CEST)\" executed successfully"}
{"timestamp": "2026-09-03T05:47:17", "level": "INFO", "component": "apscheduler.executors.default", "message": "Running job \"poll_once (trigger: interval[0:00:10], next run at: 2026-09-03 05:47:27 CEST)\" (scheduled at 2026-09-03 05:47:17.305960+02:00)"}
{"timestamp": "2026-09-03T05:47:17", "level": "INFO", "component": "apscheduler.executors.default", "message": "Job \"poll_once (trigger: interval[0:00:10], next run at: 2026-09-03 05:47:27 CEST)\" executed successfully"}
{"timestamp": "2026-09-03T05:47:27", "level": "INFO", "component": "apscheduler.executors.default", "message": "Running job \"poll_once (trigger: interval[0:00:10], next run at: 2026-09-03 05:47:37 CEST)\" (scheduled at 2026-09-03 05:47:27.305960+02:00)"}
{"timestamp": "2026-09-03T05:47:27", "level": "INFO", "component": "apscheduler.executors.default", "message": "Job \"poll_once (trigger: interval[0:00:10], next run at: 2026-09-03 05:47:37 CEST)\" executed successfully"}
{"timestamp": "2026-09-03T05:47:37", "level": "INFO", "component": "apscheduler.executors.default", "message": "Running job \"poll_once (trigger: interval[0:00:10], next run at: 2026-09-03 05:47:47 CEST)\" (scheduled at 2026-09-03 05:47:37.305960+02:00)"}
{"timestamp": "2026-09-03T05:47:37", "level": "INFO", "component": "apscheduler.executors.default", "message": "Job \"poll_once (trigger: interval[0:00:10], next run at: 2026-09-03 05:47:47 CEST)\" executed successfully"}
{"timestamp": "2026-09-03T05:47:42", "level": "INFO", "component": "apscheduler.executors.default", "message": "Running job \"_start_scheduler.<locals>.<lambda> (trigger: interval[0:00:45], next run at: 2026-09-03 05:48:27 CEST)\" (scheduled at 2026-09-03 05:47:42.306433+02:00)"}
{"timestamp": "2026-09-03T05:47:42", "level": "INFO", "component": "cv112_poller", "message": "Feed descargado: 17 incidentes activos", "correlation_id": "0c79b3ff"}
{"timestamp": "2026-09-03T05:47:42", "level": "INFO", "component": "apscheduler.executors.default", "message": "Job \"_start_scheduler.<locals>.<lambda> (trigger: interval[0:00:45], next run at: 2026-09-03 05:48:27 CEST)\" executed successfully"}
{"timestamp": "2026-09-03T05:47:47", "level": "INFO", "component": "apscheduler.executors.default", "message": "Running job \"poll_once (trigger: interval[0:00:10], next run at: 2026-09-03 05:47:57 CEST)\" (scheduled at 2026-09-03 05:47:47.305960+02:00)"}
{"timestamp": "2026-09-03T05:47:47", "level": "INFO", "component": "apscheduler.executors.default", "message": "Job \"poll_once (trigger: interval[0:00:10], next run at: 2026-09-03 05:47:57 CEST)\" executed successfully"}
{"timestamp": "2026-09-03T05:47:57", "level": "INFO", "component": "apscheduler.executors.default", "message": "Running job \"poll_once (trigger: interval[0:00:10], next run at: 2026-09-03 05:48:07 CEST)\" (scheduled at 2026-09-03 05:47:57.305960+02:00)"}
{"timestamp": "2026-09-03T05:47:57", "level": "INFO", "component": "apscheduler.executors.default", "message": "Job \"poll_once (trigger: interval[0:00:10], next run at: 2026-09-03 05:48:07 CEST)\" executed successfully"}
{"timestamp": "2026-09-03T05:48:07", "level": "INFO", "component": "apscheduler.executors.default", "message": "Running job \"poll_once (trigger: interval[0:00:10], next run at: 2026-09-03 05:48:17 CEST)\" (scheduled at 2026-09-03 05:48:07.305960+02:00)"}
{"timestamp": "2026-09-03T05:48:07", "level": "INFO", "component": "apscheduler.executors.default", "message": "Job \"poll_once (trigger: interval[0:00:10], next run at: 2026-09-03 05:48:17 CEST)\" executed successfully"}
{"timestamp": "2026-09-03T05:48:17", "level": "INFO", "component": "apscheduler.executors.default", "message": "Running job \"poll_once (trigger: interval[0:00:10], next run at: 2026-09-03 05:48:27 CEST)\" (scheduled at 2026-09-03 05:48:17.305960+02:00)"}
{"timestamp": "2026-09-03T05:48:17", "level": "INFO", "component": "apscheduler.executors.default", "message": "Job \"poll_once (trigger: interval[0:00:10], next run at: 2026-09-03 05:48:27 CEST)\" executed successfully"}
{"timestamp": "2026-09-03T05:48:27", "level": "INFO", "component": "apscheduler.executors.default", "message": "Running job \"poll_once (trigger: interval[0:00:10], next run at: 2026-09-03 05:48:37 CEST)\" (scheduled at 2026-09-03 05:48:27.305960+02:00)"}
{"timestamp": "2026-09-03T05:48:27", "level": "INFO", "component": "apscheduler.executors.default", "message": "Running job \"_start_scheduler.<locals>.<lambda> (trigger: interval[0:00:45], next run at: 2026-09-03 05:49:12 CEST)\" (scheduled at 2026-09-03 05:48:27.306433+02:00)"}
{"timestamp": "2026-09-03T05:48:27", "level": "INFO", "component": "apscheduler.executors.default", "message": "Job \"poll_once (trigger: interval[0:00:10], next run at: 2026-09-03 05:48:37 CEST)\" executed successfully"}
{"timestamp": "2026-09-03T05:48:27", "level": "INFO", "component": "cv112_poller", "message": "Feed descargado: 17 incidentes activos", "correlation_id": "da4cc419"}
{"timestamp": "2026-09-03T05:48:27", "level": "INFO", "component": "apscheduler.executors.default", "message": "Job \"_start_scheduler.<locals>.<lambda> (trigger: interval[0:00:45], next run at: 2026-09-03 05:49:12 CEST)\" executed successfully"}
{"timestamp": "2026-09-03T05:48:37", "level": "INFO", "component": "apscheduler.executors.default", "message": "Running job \"poll_once (trigger: interval[0:00:10], next run at: 2026-09-03 05:48:47 CEST)\" (scheduled at 2026-09-03 05:48:37.305960+02:00)"}
{"timestamp": "2026-09-03T05:48:37", "level": "INFO", "component": "apscheduler.executors.default", "message": "Job \"poll_once (trigger: interval[0:00:10], next run at: 2026-09-03 05:48:47 CEST)\" executed successfully"}
{"timestamp": "2026-09-03T05:48:47", "level": "INFO", "component": "apscheduler.executors.default", "message": "Running job \"poll_once (trigger: interval[0:00:10], next run at: 2026-09-03 05:48:57 CEST)\" (scheduled at 2026-09-03 05:48:47.305960+02:00)"}
{"timestamp": "2026-09-03T05:48:47", "level": "INFO", "component": "apscheduler.executors.default", "message": "Job \"poll_once (trigger: interval[0:00:10], next run at: 2026-09-03 05:48:57 CEST)\" executed successfully"}
{"timestamp": "2026-09-03T05:48:57", "level": "INFO", "component": "apscheduler.executors.default", "message": "Running job \"poll_once (trigger: interval[0:00:10], next run at: 2026-09-03 05:49:07 CEST)\" (scheduled at 2026-09-03 05:48:57.305960+02:00)"}
{"timestamp": "2026-09-03T05:48:57", "level": "INFO", "component": "apscheduler.executors.default", "message": "Job \"poll_once (trigger: interval[0:00:10], next run at: 2026-09-03 05:49:07 CEST)\" executed successfully"}
{"timestamp": "2026-09-03T05:49:07", "level": "INFO", "component": "apscheduler.executors.default", "message": "Running job \"poll_once (trigger: interval[0:00:10], next run at: 2026-09-03 05:49:17 CEST)\" (scheduled at 2026-09-03 05:49:07.305960+02:00)"}
{"timestamp": "2026-09-03T05:49:07", "level": "INFO", "component": "apscheduler.executors.default", "message": "Job \"poll_once (trigger: interval[0:00:10], next run at: 2026-09-03 05:49:17 CEST)\" executed successfully"}
{"timestamp": "2026-09-03T05:49:12", "level": "INFO", "component": "apscheduler.executors.default", "message": "Running job \"_start_scheduler.<locals>.<lambda> (trigger: interval[0:00:45], next run at: 2026-09-03 05:49:57 CEST)\" (scheduled at 2026-09-03 05:49:12.306433+02:00)"}
{"timestamp": "2026-09-03T05:49:12", "level": "INFO", "component": "cv112_poller", "message": "Feed descargado: 17 incidentes activos", "correlation_id": "6ad3bb23"}
{"timestamp": "2026-09-03T05:49:12", "level": "INFO", "component": "apscheduler.executors.default", "message": "Job \"_start_scheduler.<locals>.<lambda> (trigger: interval[0:00:45], next run at: 2026-09-03 05:49:57 CEST)\" executed successfully"}
{"timestamp": "2026-09-03T05:49:17", "level": "INFO", "component": "apscheduler.executors.default", "message": "Running job \"poll_once (trigger: interval[0:00:10], next run at: 2026-09-03 05:49:27 CEST)\" (scheduled at 2026-09-03 05:49:17.305960+02:00)"}
{"timestamp": "2026-09-03T05:49:17", "level": "INFO", "component": "apscheduler.executors.default", "message": "Job \"poll_once (trigger: interval[0:00:10], next run at: 2026-09-03 05:49:27 CEST)\" executed successfully"}
{"timestamp": "2026-09-03T05:49:27", "level": "INFO", "component": "apscheduler.executors.default", "message": "Running job \"poll_once (trigger: interval[0:00:10], next run at: 2026-09-03 05:49:37 CEST)\" (scheduled at 2026-09-03 05:49:27.305960+02:00)"}
{"timestamp": "2026-09-03T05:49:27", "level": "INFO", "component": "apscheduler.executors.default", "message": "Job \"poll_once (trigger: interval[0:00:10], next run at: 2026-09-03 05:49:37 CEST)\" executed successfully"}
{"timestamp": "2026-09-03T05:49:37", "level": "INFO", "component": "apscheduler.executors.default", "message": "Running job \"poll_once (trigger: interval[0:00:10], next run at: 2026-09-03 05:49:47 CEST)\" (scheduled at 2026-09-03 05:49:37.305960+02:00)"}
{"timestamp": "2026-09-03T05:49:37", "level": "INFO", "component": "apscheduler.executors.default", "message": "Job \"poll_once (trigger: interval[0:00:10], next run at: 2026-09-03 05:49:47 CEST)\" executed successfully"}
{"timestamp": "2026-09-03T05:49:47", "level": "INFO", "component": "apscheduler.executors.default", "message": "Running job \"poll_once (trigger: interval[0:00:10], next run at: 2026-09-03 05:49:57 CEST)\" (scheduled at 2026-09-03 05:49:47.305960+02:00)"}
{"timestamp": "2026-09-03T05:49:47", "level": "INFO", "component": "apscheduler.executors.default", "message": "Job \"poll_once (trigger: interval[0:00:10], next run at: 2026-09-03 05:49:57 CEST)\" executed successfully"}
{"timestamp": "2026-09-03T05:49:57", "level": "INFO", "component": "apscheduler.executors.default", "message": "Running job \"poll_once (trigger: interval[0:00:10], next run at: 2026-09-03 05:50:07 CEST)\" (scheduled at 2026-09-03 05:49:57.305960+02:00)"}
{"timestamp": "2026-09-03T05:49:57", "level": "INFO", "component": "apscheduler.executors.default", "message": "Running job \"_start_scheduler.<locals>.<lambda> (trigger: interval[0:00:45], next run at: 2026-09-03 05:50:42 CEST)\" (scheduled at 2026-09-03 05:49:57.306433+02:00)"}
{"timestamp": "2026-09-03T05:49:57", "level": "INFO", "component": "apscheduler.executors.default", "message": "Job \"poll_once (trigger: interval[0:00:10], next run at: 2026-09-03 05:50:07 CEST)\" executed successfully"}
{"timestamp": "2026-09-03T05:49:57", "level": "INFO", "component": "cv112_poller", "message": "Feed descargado: 18 incidentes activos", "correlation_id": "dc94980f"}
{"timestamp": "2026-09-03T05:49:57", "level": "INFO", "component": "cv112_poller", "message": "Taxonomía: nueva categoría detectada en el feed: 'Accidente > Vehículo'", "correlation_id": "dc94980f"}
{"timestamp": "2026-09-03T05:49:57", "level": "INFO", "component": "cv112_poller", "message": "Incidente 40512248 visto pero alertas automáticas pausadas (killswitch)", "correlation_id": "dc94980f"}
{"timestamp": "2026-09-03T05:49:57", "level": "INFO", "component": "apscheduler.executors.default", "message": "Job \"_start_scheduler.<locals>.<lambda> (trigger: interval[0:00:45], next run at: 2026-09-03 05:50:42 CEST)\" executed successfully"}
{"timestamp": "2026-09-03T05:50:07", "level": "INFO", "component": "apscheduler.executors.default", "message": "Running job \"poll_once (trigger: interval[0:00:10], next run at: 2026-09-03 05:50:17 CEST)\" (scheduled at 2026-09-03 05:50:07.305960+02:00)"}
{"timestamp": "2026-09-03T05:50:07", "level": "INFO", "component": "apscheduler.executors.default", "message": "Job \"poll_once (trigger: interval[0:00:10], next run at: 2026-09-03 05:50:17 CEST)\" executed successfully"}
{"timestamp": "2026-09-03T05:50:17", "level": "INFO", "component": "apscheduler.executors.default", "message": "Running job \"poll_once (trigger: interval[0:00:10], next run at: 2026-09-03 05:50:27 CEST)\" (scheduled at 2026-09-03 05:50:17.305960+02:00)"}
{"timestamp": "2026-09-03T05:50:17", "level": "INFO", "component": "apscheduler.executors.default", "message": "Job \"poll_once (trigger: interval[0:00:10], next run at: 2026-09-03 05:50:27 CEST)\" executed successfully"}
{"timestamp": "2026-09-03T05:50:27", "level": "INFO", "component": "apscheduler.executors.default", "message": "Running job \"poll_once (trigger: interval[0:00:10], next run at: 2026-09-03 05:50:37 CEST)\" (scheduled at 2026-09-03 05:50:27.305960+02:00)"}
{"timestamp": "2026-09-03T05:50:27", "level": "INFO", "component": "apscheduler.executors.default", "message": "Job \"poll_once (trigger: interval[0:00:10], next run at: 2026-09-03 05:50:37 CEST)\" executed successfully"}
{"timestamp": "2026-09-03T05:50:37", "level": "INFO", "component": "apscheduler.executors.default", "message": "Running job \"poll_once (trigger: interval[0:00:10], next run at: 2026-09-03 05:50:47 CEST)\" (scheduled at 2026-09-03 05:50:37.305960+02:00)"}
{"timestamp": "2026-09-03T05:50:37", "level": "INFO", "component": "apscheduler.executors.default", "message": "Job \"poll_once (trigger: interval[0:00:10], next run at: 2026-09-03 05:50:47 CEST)\" executed successfully"}
{"timestamp": "2026-09-03T05:50:42", "level": "INFO", "component": "apscheduler.executors.default", "message": "Running job \"_start_scheduler.<locals>.<lambda> (trigger: interval[0:00:45], next run at: 2026-09-03 05:51:27 CEST)\" (scheduled at 2026-09-03 05:50:42.306433+02:00)"}
{"timestamp": "2026-09-03T05:50:42", "level": "INFO", "component": "cv112_poller", "message": "Feed descargado: 18 incidentes activos", "correlation_id": "4dbda882"}
{"timestamp": "2026-09-03T05:50:42", "level": "INFO", "component": "apscheduler.executors.default", "message": "Job \"_start_scheduler.<locals>.<lambda> (trigger: interval[0:00:45], next run at: 2026-09-03 05:51:27 CEST)\" executed successfully"}
{"timestamp": "2026-09-03T05:50:47", "level": "INFO", "component": "apscheduler.executors.default", "message": "Running job \"poll_once (trigger: interval[0:00:10], next run at: 2026-09-03 05:50:57 CEST)\" (scheduled at 2026-09-03 05:50:47.305960+02:00)"}
{"timestamp": "2026-09-03T05:50:47", "level": "INFO", "component": "apscheduler.executors.default", "message": "Job \"poll_once (trigger: interval[0:00:10], next run at: 2026-09-03 05:50:57 CEST)\" executed successfully"}
{"timestamp": "2026-09-03T05:50:57", "level": "INFO", "component": "apscheduler.executors.default", "message": "Running job \"poll_once (trigger: interval[0:00:10], next run at: 2026-09-03 05:51:07 CEST)\" (scheduled at 2026-09-03 05:50:57.305960+02:00)"}
{"timestamp": "2026-09-03T05:50:57", "level": "INFO", "component": "apscheduler.executors.default", "message": "Job \"poll_once (trigger: interval[0:00:10], next run at: 2026-09-03 05:51:07 CEST)\" executed successfully"}
{"timestamp": "2026-09-03T05:51:07", "level": "INFO", "component": "apscheduler.executors.default", "message": "Running job \"poll_once (trigger: interval[0:00:10], next run at: 2026-09-03 05:51:17 CEST)\" (scheduled at 2026-09-03 05:51:07.305960+02:00)"}
{"timestamp": "2026-09-03T05:51:07", "level": "INFO", "component": "apscheduler.executors.default", "message": "Job \"poll_once (trigger: interval[0:00:10], next run at: 2026-09-03 05:51:17 CEST)\" executed successfully"}
{"timestamp": "2026-09-03T05:51:17", "level": "INFO", "component": "apscheduler.executors.default", "message": "Running job \"poll_once (trigger: interval[0:00:10], next run at: 2026-09-03 05:51:27 CEST)\" (scheduled at 2026-09-03 05:51:17.305960+02:00)"}
{"timestamp": "2026-09-03T05:51:17", "level": "INFO", "component": "apscheduler.executors.default", "message": "Job \"poll_once (trigger: interval[0:00:10], next run at: 2026-09-03 05:51:27 CEST)\" executed successfully"}
{"timestamp": "2026-09-03T05:51:27", "level": "INFO", "component": "apscheduler.executors.default", "message": "Running job \"poll_once (trigger: interval[0:00:10], next run at: 2026-09-03 05:51:37 CEST)\" (scheduled at 2026-09-03 05:51:27.305960+02:00)"}
{"timestamp": "2026-09-03T05:51:27", "level": "INFO", "component": "apscheduler.executors.default", "message": "Running job \"_start_scheduler.<locals>.<lambda> (trigger: interval[0:00:45], next run at: 2026-09-03 05:52:12 CEST)\" (scheduled at 2026-09-03 05:51:27.306433+02:00)"}
{"timestamp": "2026-09-03T05:51:27", "level": "INFO", "component": "apscheduler.executors.default", "message": "Job \"poll_once (trigger: interval[0:00:10], next run at: 2026-09-03 05:51:37 CEST)\" executed successfully"}
{"timestamp": "2026-09-03T05:51:27", "level": "INFO", "component": "cv112_poller", "message": "Feed descargado: 18 incidentes activos", "correlation_id": "ee04ecba"}
{"timestamp": "2026-09-03T05:51:27", "level": "INFO", "component": "apscheduler.executors.default", "message": "Job \"_start_scheduler.<locals>.<lambda> (trigger: interval[0:00:45], next run at: 2026-09-03 05:52:12 CEST)\" executed successfully"}
{"timestamp": "2026-09-03T05:51:37", "level": "INFO", "component": "apscheduler.executors.default", "message": "Running job \"poll_once (trigger: interval[0:00:10], next run at: 2026-09-03 05:51:47 CEST)\" (scheduled at 2026-09-03 05:51:37.305960+02:00)"}
{"timestamp": "2026-09-03T05:51:37", "level": "INFO", "component": "apscheduler.executors.default", "message": "Job \"poll_once (trigger: interval[0:00:10], next run at: 2026-09-03 05:51:47 CEST)\" executed successfully"}
{"timestamp": "2026-09-03T05:51:47", "level": "INFO", "component": "apscheduler.executors.default", "message": "Running job \"poll_once (trigger: interval[0:00:10], next run at: 2026-09-03 05:51:57 CEST)\" (scheduled at 2026-09-03 05:51:47.305960+02:00)"}
{"timestamp": "2026-09-03T05:51:47", "level": "INFO", "component": "apscheduler.executors.default", "message": "Job \"poll_once (trigger: interval[0:00:10], next run at: 2026-09-03 05:51:57 CEST)\" executed successfully"}
{"timestamp": "2026-09-03T05:51:57", "level": "INFO", "component": "apscheduler.executors.default", "message": "Running job \"poll_once (trigger: interval[0:00:10], next run at: 2026-09-03 05:52:07 CEST)\" (scheduled at 2026-09-03 05:51:57.305960+02:00)"}
{"timestamp": "2026-09-03T05:51:57", "level": "INFO", "component": "apscheduler.executors.default", "message": "Job \"poll_once (trigger: interval[0:00:10], next run at: 2026-09-03 05:52:07 CEST)\" executed successfully"}
{"timestamp": "2026-09-03T05:52:07", "level": "INFO", "component": "apscheduler.executors.default", "message": "Running job \"poll_once (trigger: interval[0:00:10], next run at: 2026-09-03 05:52:17 CEST)\" (scheduled at 2026-09-03 05:52:07.305960+02:00)"}
{"timestamp": "2026-09-03T05:52:07", "level": "INFO", "component": "apscheduler.executors.default", "message": "Job \"poll_once (trigger: interval[0:00:10], next run at: 2026-09-03 05:52:17 CEST)\" executed successfully"}
{"timestamp": "2026-09-03T05:52:12", "level": "INFO", "component": "apscheduler.executors.default", "message": "Running job \"_start_scheduler.<locals>.<lambda> (trigger: interval[0:00:45], next run at: 2026-09-03 05:52:57 CEST)\" (scheduled at 2026-09-03 05:52:12.306433+02:00)"}
{"timestamp": "2026-09-03T05:52:12", "level": "INFO", "component": "cv112_poller", "message": "Feed descargado: 18 incidentes activos", "correlation_id": "2fadf728"}
{"timestamp": "2026-09-03T05:52:12", "level": "INFO", "component": "apscheduler.executors.default", "message": "Job \"_start_scheduler.<locals>.<lambda> (trigger: interval[0:00:45], next run at: 2026-09-03 05:52:57 CEST)\" executed successfully"}
{"timestamp": "2026-09-03T05:52:17", "level": "INFO", "component": "apscheduler.executors.default", "message": "Running job \"poll_once (trigger: interval[0:00:10], next run at: 2026-09-03 05:52:27 CEST)\" (scheduled at 2026-09-03 05:52:17.305960+02:00)"}
{"timestamp": "2026-09-03T05:52:17", "level": "INFO", "component": "apscheduler.executors.default", "message": "Job \"poll_once (trigger: interval[0:00:10], next run at: 2026-09-03 05:52:27 CEST)\" executed successfully"}
{"timestamp": "2026-09-03T05:52:27", "level": "INFO", "component": "apscheduler.executors.default", "message": "Running job \"poll_once (trigger: interval[0:00:10], next run at: 2026-09-03 05:52:37 CEST)\" (scheduled at 2026-09-03 05:52:27.305960+02:00)"}
{"timestamp": "2026-09-03T05:52:27", "level": "INFO", "component": "apscheduler.executors.default", "message": "Job \"poll_once (trigger: interval[0:00:10], next run at: 2026-09-03 05:52:37 CEST)\" executed successfully"}
{"timestamp": "2026-09-03T05:52:37", "level": "INFO", "component": "apscheduler.executors.default", "message": "Running job \"poll_once (trigger: interval[0:00:10], next run at: 2026-09-03 05:52:47 CEST)\" (scheduled at 2026-09-03 05:52:37.305960+02:00)"}
{"timestamp": "2026-09-03T05:52:37", "level": "INFO", "component": "apscheduler.executors.default", "message": "Job \"poll_once (trigger: interval[0:00:10], next run at: 2026-09-03 05:52:47 CEST)\" executed successfully"}
{"timestamp": "2026-09-03T05:52:47", "level": "INFO", "component": "apscheduler.executors.default", "message": "Running job \"poll_once (trigger: interval[0:00:10], next run at: 2026-09-03 05:52:57 CEST)\" (scheduled at 2026-09-03 05:52:47.305960+02:00)"}
{"timestamp": "2026-09-03T05:52:47", "level": "INFO", "component": "apscheduler.executors.default", "message": "Job \"poll_once (trigger: interval[0:00:10], next run at: 2026-09-03 05:52:57 CEST)\" executed successfully"}
{"timestamp": "2026-09-03T05:52:57", "level": "INFO", "component": "apscheduler.executors.default", "message": "Running job \"poll_once (trigger: interval[0:00:10], next run at: 2026-09-03 05:53:07 CEST)\" (scheduled at 2026-09-03 05:52:57.305960+02:00)"}
{"timestamp": "2026-09-03T05:52:57", "level": "INFO", "component": "apscheduler.executors.default", "message": "Running job \"_start_scheduler.<locals>.<lambda> (trigger: interval[0:00:45], next run at: 2026-09-03 05:53:42 CEST)\" (scheduled at 2026-09-03 05:52:57.306433+02:00)"}
{"timestamp": "2026-09-03T05:52:57", "level": "INFO", "component": "apscheduler.executors.default", "message": "Job \"poll_once (trigger: interval[0:00:10], next run at: 2026-09-03 05:53:07 CEST)\" executed successfully"}
{"timestamp": "2026-09-03T05:52:57", "level": "INFO", "component": "cv112_poller", "message": "Feed descargado: 18 incidentes activos", "correlation_id": "5340f4e2"}
{"timestamp": "2026-09-03T05:52:57", "level": "INFO", "component": "apscheduler.executors.default", "message": "Job \"_start_scheduler.<locals>.<lambda> (trigger: interval[0:00:45], next run at: 2026-09-03 05:53:42 CEST)\" executed successfully"}
{"timestamp": "2026-09-03T05:53:07", "level": "INFO", "component": "apscheduler.executors.default", "message": "Running job \"poll_once (trigger: interval[0:00:10], next run at: 2026-09-03 05:53:17 CEST)\" (scheduled at 2026-09-03 05:53:07.305960+02:00)"}
{"timestamp": "2026-09-03T05:53:07", "level": "INFO", "component": "apscheduler.executors.default", "message": "Job \"poll_once (trigger: interval[0:00:10], next run at: 2026-09-03 05:53:17 CEST)\" executed successfully"}
{"timestamp": "2026-09-03T05:53:17", "level": "INFO", "component": "apscheduler.executors.default", "message": "Running job \"poll_once (trigger: interval[0:00:10], next run at: 2026-09-03 05:53:27 CEST)\" (scheduled at 2026-09-03 05:53:17.305960+02:00)"}
{"timestamp": "2026-09-03T05:53:17", "level": "INFO", "component": "apscheduler.executors.default", "message": "Job \"poll_once (trigger: interval[0:00:10], next run at: 2026-09-03 05:53:27 CEST)\" executed successfully"}
{"timestamp": "2026-09-03T05:53:27", "level": "INFO", "component": "apscheduler.executors.default", "message": "Running job \"poll_once (trigger: interval[0:00:10], next run at: 2026-09-03 05:53:37 CEST)\" (scheduled at 2026-09-03 05:53:27.305960+02:00)"}
{"timestamp": "2026-09-03T05:53:27", "level": "INFO", "component": "apscheduler.executors.default", "message": "Job \"poll_once (trigger: interval[0:00:10], next run at: 2026-09-03 05:53:37 CEST)\" executed successfully"}
{"timestamp": "2026-09-03T05:53:37", "level": "INFO", "component": "apscheduler.executors.default", "message": "Running job \"poll_once (trigger: interval[0:00:10], next run at: 2026-09-03 05:53:47 CEST)\" (scheduled at 2026-09-03 05:53:37.305960+02:00)"}
{"timestamp": "2026-09-03T05:53:37", "level": "INFO", "component": "apscheduler.executors.default", "message": "Job \"poll_once (trigger: interval[0:00:10], next run at: 2026-09-03 05:53:47 CEST)\" executed successfully"}
{"timestamp": "2026-09-03T05:53:42", "level": "INFO", "component": "apscheduler.executors.default", "message": "Running job \"_start_scheduler.<locals>.<lambda> (trigger: interval[0:00:45], next run at: 2026-09-03 05:54:27 CEST)\" (scheduled at 2026-09-03 05:53:42.306433+02:00)"}
{"timestamp": "2026-09-03T05:53:42", "level": "INFO", "component": "cv112_poller", "message": "Feed descargado: 18 incidentes activos", "correlation_id": "132d0307"}
{"timestamp": "2026-09-03T05:53:42", "level": "INFO", "component": "apscheduler.executors.default", "message": "Job \"_start_scheduler.<locals>.<lambda> (trigger: interval[0:00:45], next run at: 2026-09-03 05:54:27 CEST)\" executed successfully"}
{"timestamp": "2026-09-03T05:53:47", "level": "INFO", "component": "apscheduler.executors.default", "message": "Running job \"poll_once (trigger: interval[0:00:10], next run at: 2026-09-03 05:53:57 CEST)\" (scheduled at 2026-09-03 05:53:47.305960+02:00)"}
{"timestamp": "2026-09-03T05:53:47", "level": "INFO", "component": "apscheduler.executors.default", "message": "Job \"poll_once (trigger: interval[0:00:10], next run at: 2026-09-03 05:53:57 CEST)\" executed successfully"}
{"timestamp": "2026-09-03T05:53:57", "level": "INFO", "component": "apscheduler.executors.default", "message": "Running job \"poll_once (trigger: interval[0:00:10], next run at: 2026-09-03 05:54:07 CEST)\" (scheduled at 2026-09-03 05:53:57.305960+02:00)"}
{"timestamp": "2026-09-03T05:53:57", "level": "INFO", "component": "apscheduler.executors.default", "message": "Job \"poll_once (trigger: interval[0:00:10], next run at: 2026-09-03 05:54:07 CEST)\" executed successfully"}
{"timestamp": "2026-09-03T05:54:07", "level": "INFO", "component": "apscheduler.executors.default", "message": "Running job \"poll_once (trigger: interval[0:00:10], next run at: 2026-09-03 05:54:17 CEST)\" (scheduled at 2026-09-03 05:54:07.305960+02:00)"}
{"timestamp": "2026-09-03T05:54:07", "level": "INFO", "component": "apscheduler.executors.default", "message": "Job \"poll_once (trigger: interval[0:00:10], next run at: 2026-09-03 05:54:17 CEST)\" executed successfully"}
{"timestamp": "2026-09-03T05:54:17", "level": "INFO", "component": "apscheduler.executors.default", "message": "Running job \"poll_once (trigger: interval[0:00:10], next run at: 2026-09-03 05:54:27 CEST)\" (scheduled at 2026-09-03 05:54:17.305960+02:00)"}
{"timestamp": "2026-09-03T05:54:17", "level": "INFO", "component": "apscheduler.executors.default", "message": "Job \"poll_once (trigger: interval[0:00:10], next run at: 2026-09-03 05:54:27 CEST)\" executed successfully"}
{"timestamp": "2026-09-03T05:54:27", "level": "INFO", "component": "apscheduler.executors.default", "message": "Running job \"poll_once (trigger: interval[0:00:10], next run at: 2026-09-03 05:54:37 CEST)\" (scheduled at 2026-09-03 05:54:27.305960+02:00)"}
{"timestamp": "2026-09-03T05:54:27", "level": "INFO", "component": "apscheduler.executors.default", "message": "Running job \"_start_scheduler.<locals>.<lambda> (trigger: interval[0:00:45], next run at: 2026-09-03 05:55:12 CEST)\" (scheduled at 2026-09-03 05:54:27.306433+02:00)"}
{"timestamp": "2026-09-03T05:54:27", "level": "INFO", "component": "apscheduler.executors.default", "message": "Job \"poll_once (trigger: interval[0:00:10], next run at: 2026-09-03 05:54:37 CEST)\" executed successfully"}
{"timestamp": "2026-09-03T05:54:27", "level": "INFO", "component": "cv112_poller", "message": "Feed descargado: 18 incidentes activos", "correlation_id": "e14febbd"}
{"timestamp": "2026-09-03T05:54:27", "level": "INFO", "component": "cv112_poller", "message": "Incidente 40512248 visto pero alertas automáticas pausadas (killswitch)", "correlation_id": "e14febbd"}
{"timestamp": "2026-09-03T05:54:27", "level": "INFO", "component": "apscheduler.executors.default", "message": "Job \"_start_scheduler.<locals>.<lambda> (trigger: interval[0:00:45], next run at: 2026-09-03 05:55:12 CEST)\" executed successfully"}
{"timestamp": "2026-09-03T05:54:37", "level": "INFO", "component": "apscheduler.executors.default", "message": "Running job \"poll_once (trigger: interval[0:00:10], next run at: 2026-09-03 05:54:47 CEST)\" (scheduled at 2026-09-03 05:54:37.305960+02:00)"}
{"timestamp": "2026-09-03T05:54:37", "level": "INFO", "component": "apscheduler.executors.default", "message": "Job \"poll_once (trigger: interval[0:00:10], next run at: 2026-09-03 05:54:47 CEST)\" executed successfully"}
{"timestamp": "2026-09-03T05:54:47", "level": "INFO", "component": "apscheduler.executors.default", "message": "Running job \"poll_once (trigger: interval[0:00:10], next run at: 2026-09-03 05:54:57 CEST)\" (scheduled at 2026-09-03 05:54:47.305960+02:00)"}
{"timestamp": "2026-09-03T05:54:47", "level": "INFO", "component": "apscheduler.executors.default", "message": "Job \"poll_once (trigger: interval[0:00:10], next run at: 2026-09-03 05:54:57 CEST)\" executed successfully"}
{"timestamp": "2026-09-03T05:54:57", "level": "INFO", "component": "apscheduler.executors.default", "message": "Running job \"poll_once (trigger: interval[0:00:10], next run at: 2026-09-03 05:55:07 CEST)\" (scheduled at 2026-09-03 05:54:57.305960+02:00)"}
{"timestamp": "2026-09-03T05:54:57", "level": "INFO", "component": "apscheduler.executors.default", "message": "Job \"poll_once (trigger: interval[0:00:10], next run at: 2026-09-03 05:55:07 CEST)\" executed successfully"}
{"timestamp": "2026-09-03T05:55:07", "level": "INFO", "component": "apscheduler.executors.default", "message": "Running job \"poll_once (trigger: interval[0:00:10], next run at: 2026-09-03 05:55:17 CEST)\" (scheduled at 2026-09-03 05:55:07.305960+02:00)"}
{"timestamp": "2026-09-03T05:55:07", "level": "INFO", "component": "apscheduler.executors.default", "message": "Job \"poll_once (trigger: interval[0:00:10], next run at: 2026-09-03 05:55:17 CEST)\" executed successfully"}
{"timestamp": "2026-09-03T05:55:12", "level": "INFO", "component": "apscheduler.executors.default", "message": "Running job \"_start_scheduler.<locals>.<lambda> (trigger: interval[0:00:45], next run at: 2026-09-03 05:55:57 CEST)\" (scheduled at 2026-09-03 05:55:12.306433+02:00)"}
{"timestamp": "2026-09-03T05:55:12", "level": "INFO", "component": "cv112_poller", "message": "Feed descargado: 18 incidentes activos", "correlation_id": "8841ba6b"}
{"timestamp": "2026-09-03T05:55:12", "level": "INFO", "component": "apscheduler.executors.default", "message": "Job \"_start_scheduler.<locals>.<lambda> (trigger: interval[0:00:45], next run at: 2026-09-03 05:55:57 CEST)\" executed successfully"}
{"timestamp": "2026-09-03T05:55:17", "level": "INFO", "component": "apscheduler.executors.default", "message": "Running job \"poll_once (trigger: interval[0:00:10], next run at: 2026-09-03 05:55:27 CEST)\" (scheduled at 2026-09-03 05:55:17.305960+02:00)"}
{"timestamp": "2026-09-03T05:55:17", "level": "INFO", "component": "apscheduler.executors.default", "message": "Job \"poll_once (trigger: interval[0:00:10], next run at: 2026-09-03 05:55:27 CEST)\" executed successfully"}
{"timestamp": "2026-09-03T05:55:27", "level": "INFO", "component": "apscheduler.executors.default", "message": "Running job \"poll_once (trigger: interval[0:00:10], next run at: 2026-09-03 05:55:37 CEST)\" (scheduled at 2026-09-03 05:55:27.305960+02:00)"}
{"timestamp": "2026-09-03T05:55:27", "level": "INFO", "component": "apscheduler.executors.default", "message": "Job \"poll_once (trigger: interval[0:00:10], next run at: 2026-09-03 05:55:37 CEST)\" executed successfully"}
{"timestamp": "2026-09-03T05:55:37", "level": "INFO", "component": "apscheduler.executors.default", "message": "Running job \"poll_once (trigger: interval[0:00:10], next run at: 2026-09-03 05:55:47 CEST)\" (scheduled at 2026-09-03 05:55:37.305960+02:00)"}
{"timestamp": "2026-09-03T05:55:37", "level": "INFO", "component": "apscheduler.executors.default", "message": "Job \"poll_once (trigger: interval[0:00:10], next run at: 2026-09-03 05:55:47 CEST)\" executed successfully"}
{"timestamp": "2026-09-03T05:55:47", "level": "INFO", "component": "apscheduler.executors.default", "message": "Running job \"poll_once (trigger: interval[0:00:10], next run at: 2026-09-03 05:55:57 CEST)\" (scheduled at 2026-09-03 05:55:47.305960+02:00)"}
{"timestamp": "2026-09-03T05:55:47", "level": "INFO", "component": "apscheduler.executors.default", "message": "Job \"poll_once (trigger: interval[0:00:10], next run at: 2026-09-03 05:55:57 CEST)\" executed successfully"}
{"timestamp": "2026-09-03T05:55:57", "level": "INFO", "component": "apscheduler.executors.default", "message": "Running job \"poll_once (trigger: interval[0:00:10], next run at: 2026-09-03 05:56:07 CEST)\" (scheduled at 2026-09-03 05:55:57.305960+02:00)"}
{"timestamp": "2026-09-03T05:55:57", "level": "INFO", "component": "apscheduler.executors.default", "message": "Running job \"_start_scheduler.<locals>.<lambda> (trigger: interval[0:00:45], next run at: 2026-09-03 05:56:42 CEST)\" (scheduled at 2026-09-03 05:55:57.306433+02:00)"}
{"timestamp": "2026-09-03T05:55:57", "level": "INFO", "component": "apscheduler.executors.default", "message": "Job \"poll_once (trigger: interval[0:00:10], next run at: 2026-09-03 05:56:07 CEST)\" executed successfully"}
{"timestamp": "2026-09-03T05:55:57", "level": "INFO", "component": "cv112_poller", "message": "Feed descargado: 18 incidentes activos", "correlation_id": "f870e364"}
{"timestamp": "2026-09-03T05:55:57", "level": "INFO", "component": "apscheduler.executors.default", "message": "Job \"_start_scheduler.<locals>.<lambda> (trigger: interval[0:00:45], next run at: 2026-09-03 05:56:42 CEST)\" executed successfully"}
{"timestamp": "2026-09-03T05:56:07", "level": "INFO", "component": "apscheduler.executors.default", "message": "Running job \"poll_once (trigger: interval[0:00:10], next run at: 2026-09-03 05:56:17 CEST)\" (scheduled at 2026-09-03 05:56:07.305960+02:00)"}
{"timestamp": "2026-09-03T05:56:07", "level": "INFO", "component": "apscheduler.executors.default", "message": "Job \"poll_once (trigger: interval[0:00:10], next run at: 2026-09-03 05:56:17 CEST)\" executed successfully"}
{"timestamp": "2026-09-03T05:56:17", "level": "INFO", "component": "apscheduler.executors.default", "message": "Running job \"poll_once (trigger: interval[0:00:10], next run at: 2026-09-03 05:56:27 CEST)\" (scheduled at 2026-09-03 05:56:17.305960+02:00)"}
{"timestamp": "2026-09-03T05:56:17", "level": "INFO", "component": "apscheduler.executors.default", "message": "Job \"poll_once (trigger: interval[0:00:10], next run at: 2026-09-03 05:56:27 CEST)\" executed successfully"}
{"timestamp": "2026-09-03T05:56:27", "level": "INFO", "component": "apscheduler.executors.default", "message": "Running job \"poll_once (trigger: interval[0:00:10], next run at: 2026-09-03 05:56:37 CEST)\" (scheduled at 2026-09-03 05:56:27.305960+02:00)"}
{"timestamp": "2026-09-03T05:56:27", "level": "INFO", "component": "apscheduler.executors.default", "message": "Job \"poll_once (trigger: interval[0:00:10], next run at: 2026-09-03 05:56:37 CEST)\" executed successfully"}
{"timestamp": "2026-09-03T05:56:37", "level": "INFO", "component": "apscheduler.executors.default", "message": "Running job \"poll_once (trigger: interval[0:00:10], next run at: 2026-09-03 05:56:47 CEST)\" (scheduled at 2026-09-03 05:56:37.305960+02:00)"}
{"timestamp": "2026-09-03T05:56:37", "level": "INFO", "component": "apscheduler.executors.default", "message": "Job \"poll_once (trigger: interval[0:00:10], next run at: 2026-09-03 05:56:47 CEST)\" executed successfully"}
{"timestamp": "2026-09-03T05:56:42", "level": "INFO", "component": "apscheduler.executors.default", "message": "Running job \"_start_scheduler.<locals>.<lambda> (trigger: interval[0:00:45], next run at: 2026-09-03 05:57:27 CEST)\" (scheduled at 2026-09-03 05:56:42.306433+02:00)"}
{"timestamp": "2026-09-03T05:56:42", "level": "INFO", "component": "cv112_poller", "message": "Feed descargado: 18 incidentes activos", "correlation_id": "3a84aa01"}
{"timestamp": "2026-09-03T05:56:42", "level": "INFO", "component": "apscheduler.executors.default", "message": "Job \"_start_scheduler.<locals>.<lambda> (trigger: interval[0:00:45], next run at: 2026-09-03 05:57:27 CEST)\" executed successfully"}
{"timestamp": "2026-09-03T05:56:47", "level": "INFO", "component": "apscheduler.executors.default", "message": "Running job \"poll_once (trigger: interval[0:00:10], next run at: 2026-09-03 05:56:57 CEST)\" (scheduled at 2026-09-03 05:56:47.305960+02:00)"}
{"timestamp": "2026-09-03T05:56:47", "level": "INFO", "component": "apscheduler.executors.default", "message": "Job \"poll_once (trigger: interval[0:00:10], next run at: 2026-09-03 05:56:57 CEST)\" executed successfully"}
{"timestamp": "2026-09-03T05:56:57", "level": "INFO", "component": "apscheduler.executors.default", "message": "Running job \"poll_once (trigger: interval[0:00:10], next run at: 2026-09-03 05:57:07 CEST)\" (scheduled at 2026-09-03 05:56:57.305960+02:00)"}
{"timestamp": "2026-09-03T05:56:57", "level": "INFO", "component": "apscheduler.executors.default", "message": "Job \"poll_once (trigger: interval[0:00:10], next run at: 2026-09-03 05:57:07 CEST)\" executed successfully"}
{"timestamp": "2026-09-03T05:57:07", "level": "INFO", "component": "apscheduler.executors.default", "message": "Running job \"poll_once (trigger: interval[0:00:10], next run at: 2026-09-03 05:57:17 CEST)\" (scheduled at 2026-09-03 05:57:07.305960+02:00)"}
{"timestamp": "2026-09-03T05:57:07", "level": "INFO", "component": "apscheduler.executors.default", "message": "Job \"poll_once (trigger: interval[0:00:10], next run at: 2026-09-03 05:57:17 CEST)\" executed successfully"}
{"timestamp": "2026-09-03T05:57:17", "level": "INFO", "component": "apscheduler.executors.default", "message": "Running job \"poll_once (trigger: interval[0:00:10], next run at: 2026-09-03 05:57:27 CEST)\" (scheduled at 2026-09-03 05:57:17.305960+02:00)"}
{"timestamp": "2026-09-03T05:57:17", "level": "INFO", "component": "apscheduler.executors.default", "message": "Job \"poll_once (trigger: interval[0:00:10], next run at: 2026-09-03 05:57:27 CEST)\" executed successfully"}
{"timestamp": "2026-09-03T05:57:27", "level": "INFO", "component": "apscheduler.executors.default", "message": "Running job \"poll_once (trigger: interval[0:00:10], next run at: 2026-09-03 05:57:37 CEST)\" (scheduled at 2026-09-03 05:57:27.305960+02:00)"}
{"timestamp": "2026-09-03T05:57:27", "level": "INFO", "component": "apscheduler.executors.default", "message": "Running job \"_start_scheduler.<locals>.<lambda> (trigger: interval[0:00:45], next run at: 2026-09-03 05:58:12 CEST)\" (scheduled at 2026-09-03 05:57:27.306433+02:00)"}
{"timestamp": "2026-09-03T05:57:27", "level": "INFO", "component": "apscheduler.executors.default", "message": "Job \"poll_once (trigger: interval[0:00:10], next run at: 2026-09-03 05:57:37 CEST)\" executed successfully"}
{"timestamp": "2026-09-03T05:57:27", "level": "INFO", "component": "cv112_poller", "message": "Feed descargado: 18 incidentes activos", "correlation_id": "36d9966f"}
{"timestamp": "2026-09-03T05:57:27", "level": "INFO", "component": "apscheduler.executors.default", "message": "Job \"_start_scheduler.<locals>.<lambda> (trigger: interval[0:00:45], next run at: 2026-09-03 05:58:12 CEST)\" executed successfully"}
{"timestamp": "2026-09-03T05:57:37", "level": "INFO", "component": "apscheduler.executors.default", "message": "Running job \"poll_once (trigger: interval[0:00:10], next run at: 2026-09-03 05:57:47 CEST)\" (scheduled at 2026-09-03 05:57:37.305960+02:00)"}
{"timestamp": "2026-09-03T05:57:37", "level": "INFO", "component": "apscheduler.executors.default", "message": "Job \"poll_once (trigger: interval[0:00:10], next run at: 2026-09-03 05:57:47 CEST)\" executed successfully"}
{"timestamp": "2026-09-03T05:57:47", "level": "INFO", "component": "apscheduler.executors.default", "message": "Running job \"poll_once (trigger: interval[0:00:10], next run at: 2026-09-03 05:57:57 CEST)\" (scheduled at 2026-09-03 05:57:47.305960+02:00)"}
{"timestamp": "2026-09-03T05:57:47", "level": "INFO", "component": "apscheduler.executors.default", "message": "Job \"poll_once (trigger: interval[0:00:10], next run at: 2026-09-03 05:57:57 CEST)\" executed successfully"}
{"timestamp": "2026-09-03T05:57:57", "level": "INFO", "component": "apscheduler.executors.default", "message": "Running job \"poll_once (trigger: interval[0:00:10], next run at: 2026-09-03 05:58:07 CEST)\" (scheduled at 2026-09-03 05:57:57.305960+02:00)"}
{"timestamp": "2026-09-03T05:57:57", "level": "INFO", "component": "apscheduler.executors.default", "message": "Job \"poll_once (trigger: interval[0:00:10], next run at: 2026-09-03 05:58:07 CEST)\" executed successfully"}
{"timestamp": "2026-09-03T05:58:07", "level": "INFO", "component": "apscheduler.executors.default", "message": "Running job \"poll_once (trigger: interval[0:00:10], next run at: 2026-09-03 05:58:17 CEST)\" (scheduled at 2026-09-03 05:58:07.305960+02:00)"}
{"timestamp": "2026-09-03T05:58:07", "level": "INFO", "component": "apscheduler.executors.default", "message": "Job \"poll_once (trigger: interval[0:00:10], next run at: 2026-09-03 05:58:17 CEST)\" executed successfully"}
{"timestamp": "2026-09-03T05:58:12", "level": "INFO", "component": "apscheduler.executors.default", "message": "Running job \"_start_scheduler.<locals>.<lambda> (trigger: interval[0:00:45], next run at: 2026-09-03 05:58:57 CEST)\" (scheduled at 2026-09-03 05:58:12.306433+02:00)"}
{"timestamp": "2026-09-03T05:58:12", "level": "INFO", "component": "cv112_poller", "message": "Feed descargado: 18 incidentes activos", "correlation_id": "9731d988"}
{"timestamp": "2026-09-03T05:58:12", "level": "INFO", "component": "apscheduler.executors.default", "message": "Job \"_start_scheduler.<locals>.<lambda> (trigger: interval[0:00:45], next run at: 2026-09-03 05:58:57 CEST)\" executed successfully"}
{"timestamp": "2026-09-03T05:58:17", "level": "INFO", "component": "apscheduler.executors.default", "message": "Running job \"poll_once (trigger: interval[0:00:10], next run at: 2026-09-03 05:58:27 CEST)\" (scheduled at 2026-09-03 05:58:17.305960+02:00)"}
{"timestamp": "2026-09-03T05:58:17", "level": "INFO", "component": "apscheduler.executors.default", "message": "Job \"poll_once (trigger: interval[0:00:10], next run at: 2026-09-03 05:58:27 CEST)\" executed successfully"}
{"timestamp": "2026-09-03T05:58:27", "level": "INFO", "component": "apscheduler.executors.default", "message": "Running job \"poll_once (trigger: interval[0:00:10], next run at: 2026-09-03 05:58:37 CEST)\" (scheduled at 2026-09-03 05:58:27.305960+02:00)"}
{"timestamp": "2026-09-03T05:58:27", "level": "INFO", "component": "apscheduler.executors.default", "message": "Job \"poll_once (trigger: interval[0:00:10], next run at: 2026-09-03 05:58:37 CEST)\" executed successfully"}
{"timestamp": "2026-09-03T05:58:37", "level": "INFO", "component": "apscheduler.executors.default", "message": "Running job \"poll_once (trigger: interval[0:00:10], next run at: 2026-09-03 05:58:47 CEST)\" (scheduled at 2026-09-03 05:58:37.305960+02:00)"}
{"timestamp": "2026-09-03T05:58:37", "level": "INFO", "component": "apscheduler.executors.default", "message": "Job \"poll_once (trigger: interval[0:00:10], next run at: 2026-09-03 05:58:47 CEST)\" executed successfully"}
{"timestamp": "2026-09-03T05:58:47", "level": "INFO", "component": "apscheduler.executors.default", "message": "Running job \"poll_once (trigger: interval[0:00:10], next run at: 2026-09-03 05:58:57 CEST)\" (scheduled at 2026-09-03 05:58:47.305960+02:00)"}
{"timestamp": "2026-09-03T05:58:47", "level": "INFO", "component": "apscheduler.executors.default", "message": "Job \"poll_once (trigger: interval[0:00:10], next run at: 2026-09-03 05:58:57 CEST)\" executed successfully"}
{"timestamp": "2026-09-03T05:58:57", "level": "INFO", "component": "apscheduler.executors.default", "message": "Running job \"poll_once (trigger: interval[0:00:10], next run at: 2026-09-03 05:59:07 CEST)\" (scheduled at 2026-09-03 05:58:57.305960+02:00)"}
{"timestamp": "2026-09-03T05:58:57", "level": "INFO", "component": "apscheduler.executors.default", "message": "Running job \"_start_scheduler.<locals>.<lambda> (trigger: interval[0:00:45], next run at: 2026-09-03 05:59:42 CEST)\" (scheduled at 2026-09-03 05:58:57.306433+02:00)"}
{"timestamp": "2026-09-03T05:58:57", "level": "INFO", "component": "apscheduler.executors.default", "message": "Job \"poll_once (trigger: interval[0:00:10], next run at: 2026-09-03 05:59:07 CEST)\" executed successfully"}
{"timestamp": "2026-09-03T05:58:57", "level": "INFO", "component": "cv112_poller", "message": "Feed descargado: 18 incidentes activos", "correlation_id": "82f8a338"}
{"timestamp": "2026-09-03T05:58:57", "level": "INFO", "component": "apscheduler.executors.default", "message": "Job \"_start_scheduler.<locals>.<lambda> (trigger: interval[0:00:45], next run at: 2026-09-03 05:59:42 CEST)\" executed successfully"}
{"timestamp": "2026-09-03T05:59:07", "level": "INFO", "component": "apscheduler.executors.default", "message": "Running job \"poll_once (trigger: interval[0:00:10], next run at: 2026-09-03 05:59:17 CEST)\" (scheduled at 2026-09-03 05:59:07.305960+02:00)"}
{"timestamp": "2026-09-03T05:59:07", "level": "INFO", "component": "apscheduler.executors.default", "message": "Job \"poll_once (trigger: interval[0:00:10], next run at: 2026-09-03 05:59:17 CEST)\" executed successfully"}
{"timestamp": "2026-09-03T05:59:17", "level": "INFO", "component": "apscheduler.executors.default", "message": "Running job \"poll_once (trigger: interval[0:00:10], next run at: 2026-09-03 05:59:27 CEST)\" (scheduled at 2026-09-03 05:59:17.305960+02:00)"}
{"timestamp": "2026-09-03T05:59:17", "level": "INFO", "component": "apscheduler.executors.default", "message": "Job \"poll_once (trigger: interval[0:00:10], next run at: 2026-09-03 05:59:27 CEST)\" executed successfully"}
{"timestamp": "2026-09-03T05:59:27", "level": "INFO", "component": "apscheduler.executors.default", "message": "Running job \"poll_once (trigger: interval[0:00:10], next run at: 2026-09-03 05:59:37 CEST)\" (scheduled at 2026-09-03 05:59:27.305960+02:00)"}
{"timestamp": "2026-09-03T05:59:27", "level": "INFO", "component": "apscheduler.executors.default", "message": "Job \"poll_once (trigger: interval[0:00:10], next run at: 2026-09-03 05:59:37 CEST)\" executed successfully"}
{"timestamp": "2026-09-03T05:59:37", "level": "INFO", "component": "apscheduler.executors.default", "message": "Running job \"poll_once (trigger: interval[0:00:10], next run at: 2026-09-03 05:59:47 CEST)\" (scheduled at 2026-09-03 05:59:37.305960+02:00)"}
{"timestamp": "2026-09-03T05:59:37", "level": "INFO", "component": "apscheduler.executors.default", "message": "Job \"poll_once (trigger: interval[0:00:10], next run at: 2026-09-03 05:59:47 CEST)\" executed successfully"}
{"timestamp": "2026-09-03T05:59:42", "level": "INFO", "component": "apscheduler.executors.default", "message": "Running job \"_start_scheduler.<locals>.<lambda> (trigger: interval[0:00:45], next run at: 2026-09-03 06:00:27 CEST)\" (scheduled at 2026-09-03 05:59:42.306433+02:00)"}
{"timestamp": "2026-09-03T05:59:42", "level": "INFO", "component": "cv112_poller", "message": "Feed descargado: 18 incidentes activos", "correlation_id": "08b6a8de"}
{"timestamp": "2026-09-03T05:59:42", "level": "INFO", "component": "apscheduler.executors.default", "message": "Job \"_start_scheduler.<locals>.<lambda> (trigger: interval[0:00:45], next run at: 2026-09-03 06:00:27 CEST)\" executed successfully"}
{"timestamp": "2026-09-03T05:59:47", "level": "INFO", "component": "apscheduler.executors.default", "message": "Running job \"poll_once (trigger: interval[0:00:10], next run at: 2026-09-03 05:59:57 CEST)\" (scheduled at 2026-09-03 05:59:47.305960+02:00)"}
{"timestamp": "2026-09-03T05:59:47", "level": "INFO", "component": "apscheduler.executors.default", "message": "Job \"poll_once (trigger: interval[0:00:10], next run at: 2026-09-03 05:59:57 CEST)\" executed successfully"}
{"timestamp": "2026-09-03T05:59:57", "level": "INFO", "component": "apscheduler.executors.default", "message": "Running job \"poll_once (trigger: interval[0:00:10], next run at: 2026-09-03 06:00:07 CEST)\" (scheduled at 2026-09-03 05:59:57.305960+02:00)"}
{"timestamp": "2026-09-03T05:59:57", "level": "INFO", "component": "apscheduler.executors.default", "message": "Job \"poll_once (trigger: interval[0:00:10], next run at: 2026-09-03 06:00:07 CEST)\" executed successfully"}
{"timestamp": "2026-09-03T06:00:07", "level": "INFO", "component": "apscheduler.executors.default", "message": "Running job \"poll_once (trigger: interval[0:00:10], next run at: 2026-09-03 06:00:17 CEST)\" (scheduled at 2026-09-03 06:00:07.305960+02:00)"}
{"timestamp": "2026-09-03T06:00:07", "level": "INFO", "component": "apscheduler.executors.default", "message": "Job \"poll_once (trigger: interval[0:00:10], next run at: 2026-09-03 06:00:17 CEST)\" executed successfully"}
{"timestamp": "2026-09-03T06:00:17", "level": "INFO", "component": "apscheduler.executors.default", "message": "Running job \"poll_once (trigger: interval[0:00:10], next run at: 2026-09-03 06:00:27 CEST)\" (scheduled at 2026-09-03 06:00:17.305960+02:00)"}
{"timestamp": "2026-09-03T06:00:17", "level": "INFO", "component": "apscheduler.executors.default", "message": "Job \"poll_once (trigger: interval[0:00:10], next run at: 2026-09-03 06:00:27 CEST)\" executed successfully"}
{"timestamp": "2026-09-03T06:00:27", "level": "INFO", "component": "apscheduler.executors.default", "message": "Running job \"poll_once (trigger: interval[0:00:10], next run at: 2026-09-03 06:00:37 CEST)\" (scheduled at 2026-09-03 06:00:27.305960+02:00)"}
{"timestamp": "2026-09-03T06:00:27", "level": "INFO", "component": "apscheduler.executors.default", "message": "Running job \"_start_scheduler.<locals>.<lambda> (trigger: interval[0:00:45], next run at: 2026-09-03 06:01:12 CEST)\" (scheduled at 2026-09-03 06:00:27.306433+02:00)"}
{"timestamp": "2026-09-03T06:00:27", "level": "INFO", "component": "apscheduler.executors.default", "message": "Job \"poll_once (trigger: interval[0:00:10], next run at: 2026-09-03 06:00:37 CEST)\" executed successfully"}
{"timestamp": "2026-09-03T06:00:27", "level": "INFO", "component": "cv112_poller", "message": "Feed descargado: 18 incidentes activos", "correlation_id": "c139a9c6"}
{"timestamp": "2026-09-03T06:00:27", "level": "INFO", "component": "apscheduler.executors.default", "message": "Job \"_start_scheduler.<locals>.<lambda> (trigger: interval[0:00:45], next run at: 2026-09-03 06:01:12 CEST)\" executed successfully"}
{"timestamp": "2026-09-03T06:00:37", "level": "INFO", "component": "apscheduler.executors.default", "message": "Running job \"poll_once (trigger: interval[0:00:10], next run at: 2026-09-03 06:00:47 CEST)\" (scheduled at 2026-09-03 06:00:37.305960+02:00)"}
{"timestamp": "2026-09-03T06:00:37", "level": "INFO", "component": "apscheduler.executors.default", "message": "Job \"poll_once (trigger: interval[0:00:10], next run at: 2026-09-03 06:00:47 CEST)\" executed successfully"}
{"timestamp": "2026-09-03T06:00:47", "level": "INFO", "component": "apscheduler.executors.default", "message": "Running job \"poll_once (trigger: interval[0:00:10], next run at: 2026-09-03 06:00:57 CEST)\" (scheduled at 2026-09-03 06:00:47.305960+02:00)"}
{"timestamp": "2026-09-03T06:00:47", "level": "INFO", "component": "apscheduler.executors.default", "message": "Job \"poll_once (trigger: interval[0:00:10], next run at: 2026-09-03 06:00:57 CEST)\" executed successfully"}
{"timestamp": "2026-09-03T06:00:57", "level": "INFO", "component": "apscheduler.executors.default", "message": "Running job \"poll_once (trigger: interval[0:00:10], next run at: 2026-09-03 06:01:07 CEST)\" (scheduled at 2026-09-03 06:00:57.305960+02:00)"}
{"timestamp": "2026-09-03T06:00:57", "level": "INFO", "component": "apscheduler.executors.default", "message": "Job \"poll_once (trigger: interval[0:00:10], next run at: 2026-09-03 06:01:07 CEST)\" executed successfully"}
{"timestamp": "2026-09-03T06:01:07", "level": "INFO", "component": "apscheduler.executors.default", "message": "Running job \"poll_once (trigger: interval[0:00:10], next run at: 2026-09-03 06:01:17 CEST)\" (scheduled at 2026-09-03 06:01:07.305960+02:00)"}
{"timestamp": "2026-09-03T06:01:07", "level": "INFO", "component": "apscheduler.executors.default", "message": "Job \"poll_once (trigger: interval[0:00:10], next run at: 2026-09-03 06:01:17 CEST)\" executed successfully"}
{"timestamp": "2026-09-03T06:01:12", "level": "INFO", "component": "apscheduler.executors.default", "message": "Running job \"_start_scheduler.<locals>.<lambda> (trigger: interval[0:00:45], next run at: 2026-09-03 06:01:57 CEST)\" (scheduled at 2026-09-03 06:01:12.306433+02:00)"}
{"timestamp": "2026-09-03T06:01:12", "level": "INFO", "component": "cv112_poller", "message": "Feed descargado: 18 incidentes activos", "correlation_id": "2084ea9e"}
{"timestamp": "2026-09-03T06:01:12", "level": "INFO", "component": "apscheduler.executors.default", "message": "Job \"_start_scheduler.<locals>.<lambda> (trigger: interval[0:00:45], next run at: 2026-09-03 06:01:57 CEST)\" executed successfully"}
{"timestamp": "2026-09-03T06:01:17", "level": "INFO", "component": "apscheduler.executors.default", "message": "Running job \"poll_once (trigger: interval[0:00:10], next run at: 2026-09-03 06:01:27 CEST)\" (scheduled at 2026-09-03 06:01:17.305960+02:00)"}
{"timestamp": "2026-09-03T06:01:17", "level": "INFO", "component": "apscheduler.executors.default", "message": "Job \"poll_once (trigger: interval[0:00:10], next run at: 2026-09-03 06:01:27 CEST)\" executed successfully"}
{"timestamp": "2026-09-03T06:01:27", "level": "INFO", "component": "apscheduler.executors.default", "message": "Running job \"poll_once (trigger: interval[0:00:10], next run at: 2026-09-03 06:01:37 CEST)\" (scheduled at 2026-09-03 06:01:27.305960+02:00)"}
{"timestamp": "2026-09-03T06:01:27", "level": "INFO", "component": "apscheduler.executors.default", "message": "Job \"poll_once (trigger: interval[0:00:10], next run at: 2026-09-03 06:01:37 CEST)\" executed successfully"}
{"timestamp": "2026-09-03T06:01:37", "level": "INFO", "component": "apscheduler.executors.default", "message": "Running job \"poll_once (trigger: interval[0:00:10], next run at: 2026-09-03 06:01:47 CEST)\" (scheduled at 2026-09-03 06:01:37.305960+02:00)"}
{"timestamp": "2026-09-03T06:01:37", "level": "INFO", "component": "apscheduler.executors.default", "message": "Job \"poll_once (trigger: interval[0:00:10], next run at: 2026-09-03 06:01:47 CEST)\" executed successfully"}
{"timestamp": "2026-09-03T06:01:47", "level": "INFO", "component": "apscheduler.executors.default", "message": "Running job \"poll_once (trigger: interval[0:00:10], next run at: 2026-09-03 06:01:57 CEST)\" (scheduled at 2026-09-03 06:01:47.305960+02:00)"}
{"timestamp": "2026-09-03T06:01:47", "level": "INFO", "component": "apscheduler.executors.default", "message": "Job \"poll_once (trigger: interval[0:00:10], next run at: 2026-09-03 06:01:57 CEST)\" executed successfully"}
{"timestamp": "2026-09-03T06:01:57", "level": "INFO", "component": "apscheduler.executors.default", "message": "Running job \"poll_once (trigger: interval[0:00:10], next run at: 2026-09-03 06:02:07 CEST)\" (scheduled at 2026-09-03 06:01:57.305960+02:00)"}
{"timestamp": "2026-09-03T06:01:57", "level": "INFO", "component": "apscheduler.executors.default", "message": "Running job \"_start_scheduler.<locals>.<lambda> (trigger: interval[0:00:45], next run at: 2026-09-03 06:02:42 CEST)\" (scheduled at 2026-09-03 06:01:57.306433+02:00)"}
{"timestamp": "2026-09-03T06:01:57", "level": "INFO", "component": "apscheduler.executors.default", "message": "Job \"poll_once (trigger: interval[0:00:10], next run at: 2026-09-03 06:02:07 CEST)\" executed successfully"}
{"timestamp": "2026-09-03T06:01:57", "level": "INFO", "component": "cv112_poller", "message": "Feed descargado: 18 incidentes activos", "correlation_id": "c51abdfb"}
{"timestamp": "2026-09-03T06:01:57", "level": "INFO", "component": "apscheduler.executors.default", "message": "Job \"_start_scheduler.<locals>.<lambda> (trigger: interval[0:00:45], next run at: 2026-09-03 06:02:42 CEST)\" executed successfully"}
{"timestamp": "2026-09-03T06:02:07", "level": "INFO", "component": "apscheduler.executors.default", "message": "Running job \"poll_once (trigger: interval[0:00:10], next run at: 2026-09-03 06:02:17 CEST)\" (scheduled at 2026-09-03 06:02:07.305960+02:00)"}
{"timestamp": "2026-09-03T06:02:07", "level": "INFO", "component": "apscheduler.executors.default", "message": "Job \"poll_once (trigger: interval[0:00:10], next run at: 2026-09-03 06:02:17 CEST)\" executed successfully"}
{"timestamp": "2026-09-03T06:02:17", "level": "INFO", "component": "apscheduler.executors.default", "message": "Running job \"poll_once (trigger: interval[0:00:10], next run at: 2026-09-03 06:02:27 CEST)\" (scheduled at 2026-09-03 06:02:17.305960+02:00)"}
{"timestamp": "2026-09-03T06:02:17", "level": "INFO", "component": "apscheduler.executors.default", "message": "Job \"poll_once (trigger: interval[0:00:10], next run at: 2026-09-03 06:02:27 CEST)\" executed successfully"}
{"timestamp": "2026-09-03T06:02:27", "level": "INFO", "component": "apscheduler.executors.default", "message": "Running job \"poll_once (trigger: interval[0:00:10], next run at: 2026-09-03 06:02:37 CEST)\" (scheduled at 2026-09-03 06:02:27.305960+02:00)"}
{"timestamp": "2026-09-03T06:02:27", "level": "INFO", "component": "apscheduler.executors.default", "message": "Job \"poll_once (trigger: interval[0:00:10], next run at: 2026-09-03 06:02:37 CEST)\" executed successfully"}
{"timestamp": "2026-09-03T06:02:37", "level": "INFO", "component": "apscheduler.executors.default", "message": "Running job \"poll_once (trigger: interval[0:00:10], next run at: 2026-09-03 06:02:47 CEST)\" (scheduled at 2026-09-03 06:02:37.305960+02:00)"}
{"timestamp": "2026-09-03T06:02:37", "level": "INFO", "component": "apscheduler.executors.default", "message": "Job \"poll_once (trigger: interval[0:00:10], next run at: 2026-09-03 06:02:47 CEST)\" executed successfully"}
{"timestamp": "2026-09-03T06:02:42", "level": "INFO", "component": "apscheduler.executors.default", "message": "Running job \"_start_scheduler.<locals>.<lambda> (trigger: interval[0:00:45], next run at: 2026-09-03 06:03:27 CEST)\" (scheduled at 2026-09-03 06:02:42.306433+02:00)"}
{"timestamp": "2026-09-03T06:02:42", "level": "INFO", "component": "cv112_poller", "message": "Feed descargado: 18 incidentes activos", "correlation_id": "a90c4830"}
{"timestamp": "2026-09-03T06:02:42", "level": "INFO", "component": "apscheduler.executors.default", "message": "Job \"_start_scheduler.<locals>.<lambda> (trigger: interval[0:00:45], next run at: 2026-09-03 06:03:27 CEST)\" executed successfully"}
{"timestamp": "2026-09-03T06:02:47", "level": "INFO", "component": "apscheduler.executors.default", "message": "Running job \"poll_once (trigger: interval[0:00:10], next run at: 2026-09-03 06:02:57 CEST)\" (scheduled at 2026-09-03 06:02:47.305960+02:00)"}
{"timestamp": "2026-09-03T06:02:47", "level": "INFO", "component": "apscheduler.executors.default", "message": "Job \"poll_once (trigger: interval[0:00:10], next run at: 2026-09-03 06:02:57 CEST)\" executed successfully"}
{"timestamp": "2026-09-03T06:02:57", "level": "INFO", "component": "apscheduler.executors.default", "message": "Running job \"poll_once (trigger: interval[0:00:10], next run at: 2026-09-03 06:03:07 CEST)\" (scheduled at 2026-09-03 06:02:57.305960+02:00)"}
{"timestamp": "2026-09-03T06:02:57", "level": "INFO", "component": "apscheduler.executors.default", "message": "Job \"poll_once (trigger: interval[0:00:10], next run at: 2026-09-03 06:03:07 CEST)\" executed successfully"}
{"timestamp": "2026-09-03T06:03:07", "level": "INFO", "component": "apscheduler.executors.default", "message": "Running job \"poll_once (trigger: interval[0:00:10], next run at: 2026-09-03 06:03:17 CEST)\" (scheduled at 2026-09-03 06:03:07.305960+02:00)"}
{"timestamp": "2026-09-03T06:03:07", "level": "INFO", "component": "apscheduler.executors.default", "message": "Job \"poll_once (trigger: interval[0:00:10], next run at: 2026-09-03 06:03:17 CEST)\" executed successfully"}
{"timestamp": "2026-09-03T06:03:17", "level": "INFO", "component": "apscheduler.executors.default", "message": "Running job \"poll_once (trigger: interval[0:00:10], next run at: 2026-09-03 06:03:27 CEST)\" (scheduled at 2026-09-03 06:03:17.305960+02:00)"}
{"timestamp": "2026-09-03T06:03:17", "level": "INFO", "component": "apscheduler.executors.default", "message": "Job \"poll_once (trigger: interval[0:00:10], next run at: 2026-09-03 06:03:27 CEST)\" executed successfully"}
{"timestamp": "2026-09-03T06:03:27", "level": "INFO", "component": "apscheduler.executors.default", "message": "Running job \"poll_once (trigger: interval[0:00:10], next run at: 2026-09-03 06:03:37 CEST)\" (scheduled at 2026-09-03 06:03:27.305960+02:00)"}
{"timestamp": "2026-09-03T06:03:27", "level": "INFO", "component": "apscheduler.executors.default", "message": "Running job \"_start_scheduler.<locals>.<lambda> (trigger: interval[0:00:45], next run at: 2026-09-03 06:04:12 CEST)\" (scheduled at 2026-09-03 06:03:27.306433+02:00)"}
{"timestamp": "2026-09-03T06:03:27", "level": "INFO", "component": "apscheduler.executors.default", "message": "Job \"poll_once (trigger: interval[0:00:10], next run at: 2026-09-03 06:03:37 CEST)\" executed successfully"}
{"timestamp": "2026-09-03T06:03:27", "level": "INFO", "component": "cv112_poller", "message": "Feed descargado: 18 incidentes activos", "correlation_id": "e774884a"}
{"timestamp": "2026-09-03T06:03:27", "level": "INFO", "component": "apscheduler.executors.default", "message": "Job \"_start_scheduler.<locals>.<lambda> (trigger: interval[0:00:45], next run at: 2026-09-03 06:04:12 CEST)\" executed successfully"}
{"timestamp": "2026-09-03T06:03:37", "level": "INFO", "component": "apscheduler.executors.default", "message": "Running job \"poll_once (trigger: interval[0:00:10], next run at: 2026-09-03 06:03:47 CEST)\" (scheduled at 2026-09-03 06:03:37.305960+02:00)"}
{"timestamp": "2026-09-03T06:03:37", "level": "INFO", "component": "apscheduler.executors.default", "message": "Job \"poll_once (trigger: interval[0:00:10], next run at: 2026-09-03 06:03:47 CEST)\" executed successfully"}
{"timestamp": "2026-09-03T06:03:47", "level": "INFO", "component": "apscheduler.executors.default", "message": "Running job \"poll_once (trigger: interval[0:00:10], next run at: 2026-09-03 06:03:57 CEST)\" (scheduled at 2026-09-03 06:03:47.305960+02:00)"}
{"timestamp": "2026-09-03T06:03:47", "level": "INFO", "component": "apscheduler.executors.default", "message": "Job \"poll_once (trigger: interval[0:00:10], next run at: 2026-09-03 06:03:57 CEST)\" executed successfully"}
